👀 Đang theo dõi thay đổi trong /Users/tuan/Learn/rust/language-app/ios/LinguaApp...
🚀 Phát hiện thay đổi, đang build lại...
2026-04-26 10:34:59.869 xcodebuild[15191:230807] [MT] IDERunDestination: Supported platforms for the buildables in the current scheme is empty.
    Signing Identity:     "Sign to Run Locally"
    
    /usr/bin/codesign --force --sign - --timestamp\=none --generate-entitlement-der /Users/tuan/Library/Developer/Xcode/DerivedData/LinguaApp-cnzhrpjntxezraexaicvemyehwby/Build/Products/Debug-iphonesimulator/LinguaApp.app

Validate /Users/tuan/Library/Developer/Xcode/DerivedData/LinguaApp-cnzhrpjntxezraexaicvemyehwby/Build/Products/Debug-iphonesimulator/LinguaApp.app (in target 'LinguaApp' from project 'LinguaApp')
    cd /Users/tuan/Learn/rust/language-app/ios/LinguaApp
    builtin-validationUtility /Users/tuan/Library/Developer/Xcode/DerivedData/LinguaApp-cnzhrpjntxezraexaicvemyehwby/Build/Products/Debug-iphonesimulator/LinguaApp.app -shallow-bundle -infoplist-subpath Info.plist

** BUILD SUCCEEDED **

✅ Build thành công! Đang cài đặt lên Simulator...
com.example.LinguaApp: 15233
🎉 Đã cập nhật app!
🚀 Phát hiện thay đổi, đang build lại...
2026-04-26 10:36:07.435 xcodebuild[15264:232644] [MT] IDERunDestination: Supported platforms for the buildables in the current scheme is empty.
    Signing Identity:     "Sign to Run Locally"
    
    /usr/bin/codesign --force --sign - --timestamp\=none --generate-entitlement-der /Users/tuan/Library/Developer/Xcode/DerivedData/LinguaApp-cnzhrpjntxezraexaicvemyehwby/Build/Products/Debug-iphonesimulator/LinguaApp.app

Validate /Users/tuan/Library/Developer/Xcode/DerivedData/LinguaApp-cnzhrpjntxezraexaicvemyehwby/Build/Products/Debug-iphonesimulator/LinguaApp.app (in target 'LinguaApp' from project 'LinguaApp')
    cd /Users/tuan/Learn/rust/language-app/ios/LinguaApp
    builtin-validationUtility /Users/tuan/Library/Developer/Xcode/DerivedData/LinguaApp-cnzhrpjntxezraexaicvemyehwby/Build/Products/Debug-iphonesimulator/LinguaApp.app -shallow-bundle -infoplist-subpath Info.plist

** BUILD SUCCEEDED **

✅ Build thành công! Đang cài đặt lên Simulator...
com.example.LinguaApp: 15299
🎉 Đã cập nhật app!
🚀 Phát hiện thay đổi, đang build lại...
2026-04-26 10:36:17.013 xcodebuild[15300:233386] [MT] IDERunDestination: Supported platforms for the buildables in the current scheme is empty.
GatherProvisioningInputs

CreateBuildDescription

ClangStatCache /Applications/Xcode.app/Contents/Developer/Toolchains/XcodeDefault.xctoolchain/usr/bin/clang-stat-cache /Applications/Xcode.app/Contents/Developer/Platforms/iPhoneSimulator.platform/Developer/SDKs/iPhoneSimulator26.4.sdk /Users/tuan/Library/Developer/Xcode/DerivedData/SDKStatCaches.noindex/iphonesimulator26.4-23E252-686eebb5dc1d8ecb277353a59184f4aa.sdkstatcache
    cd /Users/tuan/Learn/rust/language-app/ios/LinguaApp/LinguaApp.xcodeproj
    /Applications/Xcode.app/Contents/Developer/Toolchains/XcodeDefault.xctoolchain/usr/bin/clang-stat-cache /Applications/Xcode.app/Contents/Developer/Platforms/iPhoneSimulator.platform/Developer/SDKs/iPhoneSimulator26.4.sdk -o /Users/tuan/Library/Developer/Xcode/DerivedData/SDKStatCaches.noindex/iphonesimulator26.4-23E252-686eebb5dc1d8ecb277353a59184f4aa.sdkstatcache

** BUILD SUCCEEDED **

✅ Build thành công! Đang cài đặt lên Simulator...
com.example.LinguaApp: 15314
🎉 Đã cập nhật app!
🚀 Phát hiện thay đổi, đang build lại...
2026-04-26 10:39:48.768 xcodebuild[15431:237442] [MT] IDERunDestination: Supported platforms for the buildables in the current scheme is empty.
    Signing Identity:     "Sign to Run Locally"
    
    /usr/bin/codesign --force --sign - --timestamp\=none --generate-entitlement-der /Users/tuan/Library/Developer/Xcode/DerivedData/LinguaApp-cnzhrpjntxezraexaicvemyehwby/Build/Products/Debug-iphonesimulator/LinguaApp.app

Validate /Users/tuan/Library/Developer/Xcode/DerivedData/LinguaApp-cnzhrpjntxezraexaicvemyehwby/Build/Products/Debug-iphonesimulator/LinguaApp.app (in target 'LinguaApp' from project 'LinguaApp')
    cd /Users/tuan/Learn/rust/language-app/ios/LinguaApp
    builtin-validationUtility /Users/tuan/Library/Developer/Xcode/DerivedData/LinguaApp-cnzhrpjntxezraexaicvemyehwby/Build/Products/Debug-iphonesimulator/LinguaApp.app -shallow-bundle -infoplist-subpath Info.plist

** BUILD SUCCEEDED **

✅ Build thành công! Đang cài đặt lên Simulator...
com.example.LinguaApp: 15468
🎉 Đã cập nhật app!
🚀 Phát hiện thay đổi, đang build lại...
2026-04-26 10:40:18.399 xcodebuild[15484:238579] [MT] IDERunDestination: Supported platforms for the buildables in the current scheme is empty.
    Signing Identity:     "Sign to Run Locally"
    
    /usr/bin/codesign --force --sign - --timestamp\=none --generate-entitlement-der /Users/tuan/Library/Developer/Xcode/DerivedData/LinguaApp-cnzhrpjntxezraexaicvemyehwby/Build/Products/Debug-iphonesimulator/LinguaApp.app

Validate /Users/tuan/Library/Developer/Xcode/DerivedData/LinguaApp-cnzhrpjntxezraexaicvemyehwby/Build/Products/Debug-iphonesimulator/LinguaApp.app (in target 'LinguaApp' from project 'LinguaApp')
    cd /Users/tuan/Learn/rust/language-app/ios/LinguaApp
    builtin-validationUtility /Users/tuan/Library/Developer/Xcode/DerivedData/LinguaApp-cnzhrpjntxezraexaicvemyehwby/Build/Products/Debug-iphonesimulator/LinguaApp.app -shallow-bundle -infoplist-subpath Info.plist

** BUILD SUCCEEDED **

✅ Build thành công! Đang cài đặt lên Simulator...
com.example.LinguaApp: 15519
🎉 Đã cập nhật app!
🚀 Phát hiện thay đổi, đang build lại...
2026-04-26 10:41:55.801 xcodebuild[15577:241074] [MT] IDERunDestination: Supported platforms for the buildables in the current scheme is empty.
** BUILD FAILED **


The following build commands failed:
	SwiftEmitModule normal arm64 Emitting\ module\ for\ LinguaApp (in target 'LinguaApp' from project 'LinguaApp')
	EmitSwiftModule normal arm64 (in target 'LinguaApp' from project 'LinguaApp')
	Building project LinguaApp with scheme LinguaApp
(3 failures)
Failed frontend command:
/Applications/Xcode.app/Contents/Developer/Toolchains/XcodeDefault.xctoolchain/usr/bin/swift-frontend -frontend -emit-module -experimental-skip-non-inlinable-function-bodies-without-types /Users/tuan/Learn/rust/language-app/ios/LinguaApp/LinguaApp/Services/APIService.swift /Users/tuan/Learn/rust/language-app/ios/LinguaApp/LinguaApp/Theme/AppTheme.swift /Users/tuan/Learn/rust/language-app/ios/LinguaApp/LinguaApp/Services/AudioService.swift /Users/tuan/Learn/rust/language-app/ios/LinguaApp/LinguaApp/Services/AuthService.swift /Users/tuan/Learn/rust/language-app/ios/LinguaApp/LinguaApp/Views/HomeView.swift /Users/tuan/Learn/rust/language-app/ios/LinguaApp/LinguaApp/Views/LanguageHubView.swift /Users/tuan/Learn/rust/language-app/ios/LinguaApp/LinguaApp/Views/LanguagesView.swift /Users/tuan/Learn/rust/language-app/ios/LinguaApp/LinguaApp/LinguaApp.swift /Users/tuan/Learn/rust/language-app/ios/LinguaApp/LinguaApp/Services/LocalizationService.swift /Users/tuan/Learn/rust/language-app/ios/LinguaApp/LinguaApp/Views/LoginView.swift /Users/tuan/Learn/rust/language-app/ios/LinguaApp/LinguaApp/Models.swift /Users/tuan/Learn/rust/language-app/ios/LinguaApp/LinguaApp/Views/RegisterView.swift /Users/tuan/Learn/rust/language-app/ios/LinguaApp/LinguaApp/Views/SettingsView.swift /Users/tuan/Learn/rust/language-app/ios/LinguaApp/LinguaApp/Views/StoriesView.swift /Users/tuan/Learn/rust/language-app/ios/LinguaApp/LinguaApp/Views/StoryReaderView.swift /Users/tuan/Learn/rust/language-app/ios/LinguaApp/LinguaApp/Views/StoryTypingView.swift /Users/tuan/Learn/rust/language-app/ios/LinguaApp/LinguaApp/Views/VocabLessonsView.swift /Users/tuan/Learn/rust/language-app/ios/LinguaApp/LinguaApp/Views/VocabTypingView.swift /Users/tuan/Library/Developer/Xcode/DerivedData/LinguaApp-cnzhrpjntxezraexaicvemyehwby/Build/Intermediates.noindex/LinguaApp.build/Debug-iphonesimulator/LinguaApp.build/DerivedSources/GeneratedAssetSymbols.swift -target arm64-apple-ios17.0-simulator -module-can-import-version DeveloperToolsSupport 23.40.26 23.40.26 -load-resolved-plugin /Applications/Xcode.app/Contents/Developer/Platforms/iPhoneOS.platform/Developer/usr/lib/swift/host/plugins/libFoundationMacros.dylib\#/Applications/Xcode.app/Contents/Developer/Platforms/iPhoneOS.platform/Developer/usr/bin/swift-plugin-server\#FoundationMacros -load-resolved-plugin /Applications/Xcode.app/Contents/Developer/Platforms/iPhoneOS.platform/Developer/usr/lib/swift/host/plugins/libObservationMacros.dylib\#/Applications/Xcode.app/Contents/Developer/Platforms/iPhoneOS.platform/Developer/usr/bin/swift-plugin-server\#ObservationMacros -load-resolved-plugin /Applications/Xcode.app/Contents/Developer/Platforms/iPhoneOS.platform/Developer/usr/lib/swift/host/plugins/libPreviewsMacros.dylib\#/Applications/Xcode.app/Contents/Developer/Platforms/iPhoneOS.platform/Developer/usr/bin/swift-plugin-server\#PreviewsMacros -load-resolved-plugin /Applications/Xcode.app/Contents/Developer/Platforms/iPhoneOS.platform/Developer/usr/lib/swift/host/plugins/libSwiftMacros.dylib\#/Applications/Xcode.app/Contents/Developer/Platforms/iPhoneOS.platform/Developer/usr/bin/swift-plugin-server\#SwiftMacros -load-resolved-plugin /Applications/Xcode.app/Contents/Developer/Platforms/iPhoneOS.platform/Developer/usr/lib/swift/host/plugins/libSwiftUIMacros.dylib\#/Applications/Xcode.app/Contents/Developer/Platforms/iPhoneOS.platform/Developer/usr/bin/swift-plugin-server\#SwiftUIMacros -disable-implicit-swift-modules -Xcc -fno-implicit-modules -Xcc -fno-implicit-module-maps -explicit-swift-module-map-file /Users/tuan/Library/Developer/Xcode/DerivedData/LinguaApp-cnzhrpjntxezraexaicvemyehwby/Build/Intermediates.noindex/LinguaApp.build/Debug-iphonesimulator/LinguaApp.build/Objects-normal/arm64/LinguaApp-dependencies-1.json -Xllvm -aarch64-use-tbi -enable-objc-interop -sdk /Applications/Xcode.app/Contents/Developer/Platforms/iPhoneSimulator.platform/Developer/SDKs/iPhoneSimulator26.4.sdk -I /Users/tuan/Library/Developer/Xcode/DerivedData/LinguaApp-cnzhrpjntxezraexaicvemyehwby/Build/Products/Debug-iphonesimulator -F /Users/tuan/Library/Developer/Xcode/DerivedData/LinguaApp-cnzhrpjntxezraexaicvemyehwby/Build/Products/Debug-iphonesimulator -no-color-diagnostics -Xcc -fno-color-diagnostics -enable-testing -g -debug-info-format\=dwarf -dwarf-version\=4 -module-cache-path /Users/tuan/Library/Developer/Xcode/DerivedData/LinguaApp-cnzhrpjntxezraexaicvemyehwby/Build/Intermediates.noindex/SwiftExplicitPrecompiledModules -swift-version 5 -Onone -D DEBUG -serialize-debugging-options -const-gather-protocols-file /Users/tuan/Library/Developer/Xcode/DerivedData/LinguaApp-cnzhrpjntxezraexaicvemyehwby/Build/Intermediates.noindex/LinguaApp.build/Debug-iphonesimulator/LinguaApp.build/Objects-normal/arm64/LinguaApp_const_extract_protocols.json -enable-experimental-feature DebugDescriptionMacro -enable-bare-slash-regex -empty-abi-descriptor -validate-clang-modules-once -clang-build-session-file /Users/tuan/Library/Developer/Xcode/DerivedData/ModuleCache.noindex/Session.modulevalidation -Xcc -working-directory -Xcc /Users/tuan/Learn/rust/language-app/ios/LinguaApp -enable-anonymous-context-mangled-names -file-compilation-dir /Users/tuan/Learn/rust/language-app/ios/LinguaApp -Xcc -D_LIBCPP_HARDENING_MODE\=_LIBCPP_HARDENING_MODE_DEBUG -Xcc -ivfsstatcache -Xcc /Users/tuan/Library/Developer/Xcode/DerivedData/SDKStatCaches.noindex/iphonesimulator26.4-23E252-686eebb5dc1d8ecb277353a59184f4aa.sdkstatcache -Xcc -I/Users/tuan/Library/Developer/Xcode/DerivedData/LinguaApp-cnzhrpjntxezraexaicvemyehwby/Build/Intermediates.noindex/LinguaApp.build/Debug-iphonesimulator/LinguaApp.build/swift-overrides.hmap -Xcc -iquote -Xcc /Users/tuan/Library/Developer/Xcode/DerivedData/LinguaApp-cnzhrpjntxezraexaicvemyehwby/Build/Intermediates.noindex/LinguaApp.build/Debug-iphonesimulator/LinguaApp.build/LinguaApp-generated-files.hmap -Xcc -I/Users/tuan/Library/Developer/Xcode/DerivedData/LinguaApp-cnzhrpjntxezraexaicvemyehwby/Build/Intermediates.noindex/LinguaApp.build/Debug-iphonesimulator/LinguaApp.build/LinguaApp-own-target-headers.hmap -Xcc -I/Users/tuan/Library/Developer/Xcode/DerivedData/LinguaApp-cnzhrpjntxezraexaicvemyehwby/Build/Intermediates.noindex/LinguaApp.build/Debug-iphonesimulator/LinguaApp.build/LinguaApp-all-target-headers.hmap -Xcc -iquote -Xcc /Users/tuan/Library/Developer/Xcode/DerivedData/LinguaApp-cnzhrpjntxezraexaicvemyehwby/Build/Intermediates.noindex/LinguaApp.build/Debug-iphonesimulator/LinguaApp.build/LinguaApp-project-headers.hmap -Xcc -I/Users/tuan/Library/Developer/Xcode/DerivedData/LinguaApp-cnzhrpjntxezraexaicvemyehwby/Build/Products/Debug-iphonesimulator/include -Xcc -I/Users/tuan/Library/Developer/Xcode/DerivedData/LinguaApp-cnzhrpjntxezraexaicvemyehwby/Build/Intermediates.noindex/LinguaApp.build/Debug-iphonesimulator/LinguaApp.build/DerivedSources-normal/arm64 -Xcc -I/Users/tuan/Library/Developer/Xcode/DerivedData/LinguaApp-cnzhrpjntxezraexaicvemyehwby/Build/Intermediates.noindex/LinguaApp.build/Debug-iphonesimulator/LinguaApp.build/DerivedSources/arm64 -Xcc -I/Users/tuan/Library/Developer/Xcode/DerivedData/LinguaApp-cnzhrpjntxezraexaicvemyehwby/Build/Intermediates.noindex/LinguaApp.build/Debug-iphonesimulator/LinguaApp.build/DerivedSources -Xcc -DDEBUG\=1 -no-auto-bridging-header-chaining -module-name LinguaApp -frontend-parseable-output -disable-clang-spi -clang-target arm64-apple-ios26.4-simulator -target-sdk-version 26.4 -target-sdk-name iphonesimulator26.4 -in-process-plugin-server-path /Applications/Xcode.app/Contents/Developer/Toolchains/XcodeDefault.xctoolchain/usr/lib/swift/host/libSwiftInProcPluginServer.dylib -emit-module-doc-path /Users/tuan/Library/Developer/Xcode/DerivedData/LinguaApp-cnzhrpjntxezraexaicvemyehwby/Build/Intermediates.noindex/LinguaApp.build/Debug-iphonesimulator/LinguaApp.build/Objects-normal/arm64/LinguaApp.swiftdoc -emit-module-source-info-path /Users/tuan/Library/Developer/Xcode/DerivedData/LinguaApp-cnzhrpjntxezraexaicvemyehwby/Build/Intermediates.noindex/LinguaApp.build/Debug-iphonesimulator/LinguaApp.build/Objects-normal/arm64/LinguaApp.swiftsourceinfo -emit-objc-header-path /Users/tuan/Library/Developer/Xcode/DerivedData/LinguaApp-cnzhrpjntxezraexaicvemyehwby/Build/Intermediates.noindex/LinguaApp.build/Debug-iphonesimulator/LinguaApp.build/Objects-normal/arm64/LinguaApp-Swift.h -serialize-diagnostics-path /Users/tuan/Library/Developer/Xcode/DerivedData/LinguaApp-cnzhrpjntxezraexaicvemyehwby/Build/Intermediates.noindex/LinguaApp.build/Debug-iphonesimulator/LinguaApp.build/Objects-normal/arm64/LinguaApp-primary-emit-module.dia -emit-dependencies-path /Users/tuan/Library/Developer/Xcode/DerivedData/LinguaApp-cnzhrpjntxezraexaicvemyehwby/Build/Intermediates.noindex/LinguaApp.build/Debug-iphonesimulator/LinguaApp.build/Objects-normal/arm64/LinguaApp-primary-emit-module.d -o /Users/tuan/Library/Developer/Xcode/DerivedData/LinguaApp-cnzhrpjntxezraexaicvemyehwby/Build/Intermediates.noindex/LinguaApp.build/Debug-iphonesimulator/LinguaApp.build/Objects-normal/arm64/LinguaApp.swiftmodule -emit-abi-descriptor-path /Users/tuan/Library/Developer/Xcode/DerivedData/LinguaApp-cnzhrpjntxezraexaicvemyehwby/Build/Intermediates.noindex/LinguaApp.build/Debug-iphonesimulator/LinguaApp.build/Objects-normal/arm64/LinguaApp.abi.json

EmitSwiftModule normal arm64 (in target 'LinguaApp' from project 'LinguaApp')
    cd /Users/tuan/Learn/rust/language-app/ios/LinguaApp
    
/Users/tuan/Learn/rust/language-app/ios/LinguaApp/LinguaApp/Views/SettingsView.swift:424:57: error: type 'Color' has no member 'appGold'
        ("de-DE", "d.circle.fill", "lang-german", Color.appGold)
                                                  ~~~~~ ^~~~~~~

✅ Build thành công! Đang cài đặt lên Simulator...
com.example.LinguaApp: 15605
🎉 Đã cập nhật app!
🚀 Phát hiện thay đổi, đang build lại...
2026-04-26 10:42:13.824 xcodebuild[15613:242008] [MT] IDERunDestination: Supported platforms for the buildables in the current scheme is empty.
** BUILD FAILED **


The following build commands failed:
	EmitSwiftModule normal arm64 (in target 'LinguaApp' from project 'LinguaApp')
	SwiftEmitModule normal arm64 Emitting\ module\ for\ LinguaApp (in target 'LinguaApp' from project 'LinguaApp')
	Building project LinguaApp with scheme LinguaApp
(3 failures)
SwiftCompile normal arm64 Compiling\ AppTheme.swift /Users/tuan/Learn/rust/language-app/ios/LinguaApp/LinguaApp/Theme/AppTheme.swift (in target 'LinguaApp' from project 'LinguaApp')
SwiftCompile normal arm64 /Users/tuan/Learn/rust/language-app/ios/LinguaApp/LinguaApp/Theme/AppTheme.swift (in target 'LinguaApp' from project 'LinguaApp')
    cd /Users/tuan/Learn/rust/language-app/ios/LinguaApp
    

SwiftCompile normal arm64 Compiling\ HomeView.swift /Users/tuan/Learn/rust/language-app/ios/LinguaApp/LinguaApp/Views/HomeView.swift (in target 'LinguaApp' from project 'LinguaApp')
SwiftCompile normal arm64 /Users/tuan/Learn/rust/language-app/ios/LinguaApp/LinguaApp/Views/HomeView.swift (in target 'LinguaApp' from project 'LinguaApp')
    cd /Users/tuan/Learn/rust/language-app/ios/LinguaApp
    

✅ Build thành công! Đang cài đặt lên Simulator...
com.example.LinguaApp: 15644
🎉 Đã cập nhật app!
🚀 Phát hiện thay đổi, đang build lại...
2026-04-26 10:44:42.722 xcodebuild[15708:244773] [MT] IDERunDestination: Supported platforms for the buildables in the current scheme is empty.
** BUILD FAILED **


The following build commands failed:
	SwiftEmitModule normal arm64 Emitting\ module\ for\ LinguaApp (in target 'LinguaApp' from project 'LinguaApp')
	EmitSwiftModule normal arm64 (in target 'LinguaApp' from project 'LinguaApp')
	Building project LinguaApp with scheme LinguaApp
(3 failures)
SwiftCompile normal arm64 /Users/tuan/Learn/rust/language-app/ios/LinguaApp/LinguaApp/Views/StoriesView.swift (in target 'LinguaApp' from project 'LinguaApp')
    cd /Users/tuan/Learn/rust/language-app/ios/LinguaApp
    

SwiftCompile normal arm64 Compiling\ AppTheme.swift /Users/tuan/Learn/rust/language-app/ios/LinguaApp/LinguaApp/Theme/AppTheme.swift (in target 'LinguaApp' from project 'LinguaApp')

SwiftCompile normal arm64 /Users/tuan/Learn/rust/language-app/ios/LinguaApp/LinguaApp/Theme/AppTheme.swift (in target 'LinguaApp' from project 'LinguaApp')
    cd /Users/tuan/Learn/rust/language-app/ios/LinguaApp
    

✅ Build thành công! Đang cài đặt lên Simulator...
com.example.LinguaApp: 15737
🎉 Đã cập nhật app!
🚀 Phát hiện thay đổi, đang build lại...
2026-04-26 10:45:19.725 xcodebuild[15750:245856] [MT] IDERunDestination: Supported platforms for the buildables in the current scheme is empty.
** BUILD FAILED **


The following build commands failed:
	SwiftEmitModule normal arm64 Emitting\ module\ for\ LinguaApp (in target 'LinguaApp' from project 'LinguaApp')
	EmitSwiftModule normal arm64 (in target 'LinguaApp' from project 'LinguaApp')
	Building project LinguaApp with scheme LinguaApp
(3 failures)
SwiftCompile normal arm64 /Users/tuan/Learn/rust/language-app/ios/LinguaApp/LinguaApp/Theme/AppTheme.swift (in target 'LinguaApp' from project 'LinguaApp')
    cd /Users/tuan/Learn/rust/language-app/ios/LinguaApp
    

SwiftCompile normal arm64 Compiling\ StoriesView.swift /Users/tuan/Learn/rust/language-app/ios/LinguaApp/LinguaApp/Views/StoriesView.swift (in target 'LinguaApp' from project 'LinguaApp')

SwiftCompile normal arm64 /Users/tuan/Learn/rust/language-app/ios/LinguaApp/LinguaApp/Views/StoriesView.swift (in target 'LinguaApp' from project 'LinguaApp')
    cd /Users/tuan/Learn/rust/language-app/ios/LinguaApp
    

✅ Build thành công! Đang cài đặt lên Simulator...
com.example.LinguaApp: 15784
🎉 Đã cập nhật app!
🚀 Phát hiện thay đổi, đang build lại...
2026-04-26 10:46:34.441 xcodebuild[15831:247713] [MT] IDERunDestination: Supported platforms for the buildables in the current scheme is empty.
    Signing Identity:     "Sign to Run Locally"
    
    /usr/bin/codesign --force --sign - --timestamp\=none --generate-entitlement-der /Users/tuan/Library/Developer/Xcode/DerivedData/LinguaApp-cnzhrpjntxezraexaicvemyehwby/Build/Products/Debug-iphonesimulator/LinguaApp.app

Validate /Users/tuan/Library/Developer/Xcode/DerivedData/LinguaApp-cnzhrpjntxezraexaicvemyehwby/Build/Products/Debug-iphonesimulator/LinguaApp.app (in target 'LinguaApp' from project 'LinguaApp')
    cd /Users/tuan/Learn/rust/language-app/ios/LinguaApp
    builtin-validationUtility /Users/tuan/Library/Developer/Xcode/DerivedData/LinguaApp-cnzhrpjntxezraexaicvemyehwby/Build/Products/Debug-iphonesimulator/LinguaApp.app -shallow-bundle -infoplist-subpath Info.plist

** BUILD SUCCEEDED **

✅ Build thành công! Đang cài đặt lên Simulator...
com.example.LinguaApp: 15896
🎉 Đã cập nhật app!
🚀 Phát hiện thay đổi, đang build lại...
2026-04-26 10:46:45.942 xcodebuild[15897:248546] [MT] IDERunDestination: Supported platforms for the buildables in the current scheme is empty.
GatherProvisioningInputs

CreateBuildDescription

ClangStatCache /Applications/Xcode.app/Contents/Developer/Toolchains/XcodeDefault.xctoolchain/usr/bin/clang-stat-cache /Applications/Xcode.app/Contents/Developer/Platforms/iPhoneSimulator.platform/Developer/SDKs/iPhoneSimulator26.4.sdk /Users/tuan/Library/Developer/Xcode/DerivedData/SDKStatCaches.noindex/iphonesimulator26.4-23E252-686eebb5dc1d8ecb277353a59184f4aa.sdkstatcache
    cd /Users/tuan/Learn/rust/language-app/ios/LinguaApp/LinguaApp.xcodeproj
    /Applications/Xcode.app/Contents/Developer/Toolchains/XcodeDefault.xctoolchain/usr/bin/clang-stat-cache /Applications/Xcode.app/Contents/Developer/Platforms/iPhoneSimulator.platform/Developer/SDKs/iPhoneSimulator26.4.sdk -o /Users/tuan/Library/Developer/Xcode/DerivedData/SDKStatCaches.noindex/iphonesimulator26.4-23E252-686eebb5dc1d8ecb277353a59184f4aa.sdkstatcache

** BUILD SUCCEEDED **

✅ Build thành công! Đang cài đặt lên Simulator...
com.example.LinguaApp: 15919
🎉 Đã cập nhật app!
🚀 Phát hiện thay đổi, đang build lại...
2026-04-26 10:48:05.640 xcodebuild[15977:250301] [MT] IDERunDestination: Supported platforms for the buildables in the current scheme is empty.
    Signing Identity:     "Sign to Run Locally"
    
    /usr/bin/codesign --force --sign - --timestamp\=none --generate-entitlement-der /Users/tuan/Library/Developer/Xcode/DerivedData/LinguaApp-cnzhrpjntxezraexaicvemyehwby/Build/Products/Debug-iphonesimulator/LinguaApp.app

Validate /Users/tuan/Library/Developer/Xcode/DerivedData/LinguaApp-cnzhrpjntxezraexaicvemyehwby/Build/Products/Debug-iphonesimulator/LinguaApp.app (in target 'LinguaApp' from project 'LinguaApp')
    cd /Users/tuan/Learn/rust/language-app/ios/LinguaApp
    builtin-validationUtility /Users/tuan/Library/Developer/Xcode/DerivedData/LinguaApp-cnzhrpjntxezraexaicvemyehwby/Build/Products/Debug-iphonesimulator/LinguaApp.app -shallow-bundle -infoplist-subpath Info.plist

** BUILD SUCCEEDED **

✅ Build thành công! Đang cài đặt lên Simulator...
com.example.LinguaApp: 16012
🎉 Đã cập nhật app!
🚀 Phát hiện thay đổi, đang build lại...
2026-04-26 10:50:08.826 xcodebuild[16068:252954] [MT] IDERunDestination: Supported platforms for the buildables in the current scheme is empty.
    Signing Identity:     "Sign to Run Locally"
    
    /usr/bin/codesign --force --sign - --timestamp\=none --generate-entitlement-der /Users/tuan/Library/Developer/Xcode/DerivedData/LinguaApp-cnzhrpjntxezraexaicvemyehwby/Build/Products/Debug-iphonesimulator/LinguaApp.app

Validate /Users/tuan/Library/Developer/Xcode/DerivedData/LinguaApp-cnzhrpjntxezraexaicvemyehwby/Build/Products/Debug-iphonesimulator/LinguaApp.app (in target 'LinguaApp' from project 'LinguaApp')
    cd /Users/tuan/Learn/rust/language-app/ios/LinguaApp
    builtin-validationUtility /Users/tuan/Library/Developer/Xcode/DerivedData/LinguaApp-cnzhrpjntxezraexaicvemyehwby/Build/Products/Debug-iphonesimulator/LinguaApp.app -shallow-bundle -infoplist-subpath Info.plist

** BUILD SUCCEEDED **

✅ Build thành công! Đang cài đặt lên Simulator...
com.example.LinguaApp: 16105
🎉 Đã cập nhật app!
🚀 Phát hiện thay đổi, đang build lại...
2026-04-26 10:52:33.830 xcodebuild[16184:256343] [MT] IDERunDestination: Supported platforms for the buildables in the current scheme is empty.
    Signing Identity:     "Sign to Run Locally"
    
    /usr/bin/codesign --force --sign - --timestamp\=none --generate-entitlement-der /Users/tuan/Library/Developer/Xcode/DerivedData/LinguaApp-cnzhrpjntxezraexaicvemyehwby/Build/Products/Debug-iphonesimulator/LinguaApp.app

Validate /Users/tuan/Library/Developer/Xcode/DerivedData/LinguaApp-cnzhrpjntxezraexaicvemyehwby/Build/Products/Debug-iphonesimulator/LinguaApp.app (in target 'LinguaApp' from project 'LinguaApp')
    cd /Users/tuan/Learn/rust/language-app/ios/LinguaApp
    builtin-validationUtility /Users/tuan/Library/Developer/Xcode/DerivedData/LinguaApp-cnzhrpjntxezraexaicvemyehwby/Build/Products/Debug-iphonesimulator/LinguaApp.app -shallow-bundle -infoplist-subpath Info.plist

** BUILD SUCCEEDED **

✅ Build thành công! Đang cài đặt lên Simulator...
com.example.LinguaApp: 16228
🎉 Đã cập nhật app!
🚀 Phát hiện thay đổi, đang build lại...
2026-04-26 10:52:45.505 xcodebuild[16229:256945] [MT] IDERunDestination: Supported platforms for the buildables in the current scheme is empty.
    Signing Identity:     "Sign to Run Locally"
    
    /usr/bin/codesign --force --sign - --timestamp\=none --generate-entitlement-der /Users/tuan/Library/Developer/Xcode/DerivedData/LinguaApp-cnzhrpjntxezraexaicvemyehwby/Build/Products/Debug-iphonesimulator/LinguaApp.app

Validate /Users/tuan/Library/Developer/Xcode/DerivedData/LinguaApp-cnzhrpjntxezraexaicvemyehwby/Build/Products/Debug-iphonesimulator/LinguaApp.app (in target 'LinguaApp' from project 'LinguaApp')
    cd /Users/tuan/Learn/rust/language-app/ios/LinguaApp
    builtin-validationUtility /Users/tuan/Library/Developer/Xcode/DerivedData/LinguaApp-cnzhrpjntxezraexaicvemyehwby/Build/Products/Debug-iphonesimulator/LinguaApp.app -shallow-bundle -infoplist-subpath Info.plist

** BUILD SUCCEEDED **

✅ Build thành công! Đang cài đặt lên Simulator...
com.example.LinguaApp: 16281
🎉 Đã cập nhật app!
🚀 Phát hiện thay đổi, đang build lại...
2026-04-26 10:55:15.008 xcodebuild[16339:259794] [MT] IDERunDestination: Supported platforms for the buildables in the current scheme is empty.
    Signing Identity:     "Sign to Run Locally"
    
    /usr/bin/codesign --force --sign - --timestamp\=none --generate-entitlement-der /Users/tuan/Library/Developer/Xcode/DerivedData/LinguaApp-cnzhrpjntxezraexaicvemyehwby/Build/Products/Debug-iphonesimulator/LinguaApp.app

Validate /Users/tuan/Library/Developer/Xcode/DerivedData/LinguaApp-cnzhrpjntxezraexaicvemyehwby/Build/Products/Debug-iphonesimulator/LinguaApp.app (in target 'LinguaApp' from project 'LinguaApp')
    cd /Users/tuan/Learn/rust/language-app/ios/LinguaApp
    builtin-validationUtility /Users/tuan/Library/Developer/Xcode/DerivedData/LinguaApp-cnzhrpjntxezraexaicvemyehwby/Build/Products/Debug-iphonesimulator/LinguaApp.app -shallow-bundle -infoplist-subpath Info.plist

** BUILD SUCCEEDED **

✅ Build thành công! Đang cài đặt lên Simulator...
com.example.LinguaApp: 16391
🎉 Đã cập nhật app!
🚀 Phát hiện thay đổi, đang build lại...
2026-04-26 10:56:53.876 xcodebuild[16443:262045] [MT] IDERunDestination: Supported platforms for the buildables in the current scheme is empty.
** BUILD FAILED **


The following build commands failed:
	SwiftCompile normal arm64 /Users/tuan/Learn/rust/language-app/ios/LinguaApp/LinguaApp/Views/StoryTypingView.swift (in target 'LinguaApp' from project 'LinguaApp')
	SwiftCompile normal arm64 Compiling\ StoryTypingView.swift /Users/tuan/Learn/rust/language-app/ios/LinguaApp/LinguaApp/Views/StoryTypingView.swift (in target 'LinguaApp' from project 'LinguaApp')
	Building project LinguaApp with scheme LinguaApp
(3 failures)
        ~~~~^~~~~~~~~~
        _

Failed frontend command:
/Applications/Xcode.app/Contents/Developer/Toolchains/XcodeDefault.xctoolchain/usr/bin/swift-frontend -frontend -c /Users/tuan/Learn/rust/language-app/ios/LinguaApp/LinguaApp/Services/APIService.swift /Users/tuan/Learn/rust/language-app/ios/LinguaApp/LinguaApp/Theme/AppTheme.swift /Users/tuan/Learn/rust/language-app/ios/LinguaApp/LinguaApp/Services/AudioService.swift /Users/tuan/Learn/rust/language-app/ios/LinguaApp/LinguaApp/Services/AuthService.swift /Users/tuan/Learn/rust/language-app/ios/LinguaApp/LinguaApp/Views/HomeView.swift /Users/tuan/Learn/rust/language-app/ios/LinguaApp/LinguaApp/Views/LanguageHubView.swift /Users/tuan/Learn/rust/language-app/ios/LinguaApp/LinguaApp/Views/LanguagesView.swift /Users/tuan/Learn/rust/language-app/ios/LinguaApp/LinguaApp/LinguaApp.swift /Users/tuan/Learn/rust/language-app/ios/LinguaApp/LinguaApp/Services/LocalizationService.swift /Users/tuan/Learn/rust/language-app/ios/LinguaApp/LinguaApp/Views/LoginView.swift /Users/tuan/Learn/rust/language-app/ios/LinguaApp/LinguaApp/Models.swift /Users/tuan/Learn/rust/language-app/ios/LinguaApp/LinguaApp/Views/RegisterView.swift /Users/tuan/Learn/rust/language-app/ios/LinguaApp/LinguaApp/Views/SettingsView.swift /Users/tuan/Learn/rust/language-app/ios/LinguaApp/LinguaApp/Views/StoriesView.swift /Users/tuan/Learn/rust/language-app/ios/LinguaApp/LinguaApp/Views/StoryReaderView.swift -primary-file /Users/tuan/Learn/rust/language-app/ios/LinguaApp/LinguaApp/Views/StoryTypingView.swift /Users/tuan/Learn/rust/language-app/ios/LinguaApp/LinguaApp/Views/VocabLessonsView.swift /Users/tuan/Learn/rust/language-app/ios/LinguaApp/LinguaApp/Views/VocabTypingView.swift /Users/tuan/Library/Developer/Xcode/DerivedData/LinguaApp-cnzhrpjntxezraexaicvemyehwby/Build/Intermediates.noindex/LinguaApp.build/Debug-iphonesimulator/LinguaApp.build/DerivedSources/GeneratedAssetSymbols.swift -emit-dependencies-path /Users/tuan/Library/Developer/Xcode/DerivedData/LinguaApp-cnzhrpjntxezraexaicvemyehwby/Build/Intermediates.noindex/LinguaApp.build/Debug-iphonesimulator/LinguaApp.build/Objects-normal/arm64/StoryTypingView.d -emit-const-values-path /Users/tuan/Library/Developer/Xcode/DerivedData/LinguaApp-cnzhrpjntxezraexaicvemyehwby/Build/Intermediates.noindex/LinguaApp.build/Debug-iphonesimulator/LinguaApp.build/Objects-normal/arm64/StoryTypingView.swiftconstvalues -emit-reference-dependencies-path /Users/tuan/Library/Developer/Xcode/DerivedData/LinguaApp-cnzhrpjntxezraexaicvemyehwby/Build/Intermediates.noindex/LinguaApp.build/Debug-iphonesimulator/LinguaApp.build/Objects-normal/arm64/StoryTypingView.swiftdeps -serialize-diagnostics-path /Users/tuan/Library/Developer/Xcode/DerivedData/LinguaApp-cnzhrpjntxezraexaicvemyehwby/Build/Intermediates.noindex/LinguaApp.build/Debug-iphonesimulator/LinguaApp.build/Objects-normal/arm64/StoryTypingView.dia -target arm64-apple-ios17.0-simulator -module-can-import-version DeveloperToolsSupport 23.40.26 23.40.26 -load-resolved-plugin /Applications/Xcode.app/Contents/Developer/Platforms/iPhoneOS.platform/Developer/usr/lib/swift/host/plugins/libFoundationMacros.dylib\#/Applications/Xcode.app/Contents/Developer/Platforms/iPhoneOS.platform/Developer/usr/bin/swift-plugin-server\#FoundationMacros -load-resolved-plugin /Applications/Xcode.app/Contents/Developer/Platforms/iPhoneOS.platform/Developer/usr/lib/swift/host/plugins/libObservationMacros.dylib\#/Applications/Xcode.app/Contents/Developer/Platforms/iPhoneOS.platform/Developer/usr/bin/swift-plugin-server\#ObservationMacros -load-resolved-plugin /Applications/Xcode.app/Contents/Developer/Platforms/iPhoneOS.platform/Developer/usr/lib/swift/host/plugins/libPreviewsMacros.dylib\#/Applications/Xcode.app/Contents/Developer/Platforms/iPhoneOS.platform/Developer/usr/bin/swift-plugin-server\#PreviewsMacros -load-resolved-plugin /Applications/Xcode.app/Contents/Developer/Platforms/iPhoneOS.platform/Developer/usr/lib/swift/host/plugins/libSwiftMacros.dylib\#/Applications/Xcode.app/Contents/Developer/Platforms/iPhoneOS.platform/Developer/usr/bin/swift-plugin-server\#SwiftMacros -load-resolved-plugin /Applications/Xcode.app/Contents/Developer/Platforms/iPhoneOS.platform/Developer/usr/lib/swift/host/plugins/libSwiftUIMacros.dylib\#/Applications/Xcode.app/Contents/Developer/Platforms/iPhoneOS.platform/Developer/usr/bin/swift-plugin-server\#SwiftUIMacros -disable-implicit-swift-modules -Xcc -fno-implicit-modules -Xcc -fno-implicit-module-maps -explicit-swift-module-map-file /Users/tuan/Library/Developer/Xcode/DerivedData/LinguaApp-cnzhrpjntxezraexaicvemyehwby/Build/Intermediates.noindex/LinguaApp.build/Debug-iphonesimulator/LinguaApp.build/Objects-normal/arm64/LinguaApp-dependencies-1.json -debug-module-path /Users/tuan/Library/Developer/Xcode/DerivedData/LinguaApp-cnzhrpjntxezraexaicvemyehwby/Build/Intermediates.noindex/LinguaApp.build/Debug-iphonesimulator/LinguaApp.build/Objects-normal/arm64/LinguaApp.swiftmodule -Xllvm -aarch64-use-tbi -enable-objc-interop -sdk /Applications/Xcode.app/Contents/Developer/Platforms/iPhoneSimulator.platform/Developer/SDKs/iPhoneSimulator26.4.sdk -I /Users/tuan/Library/Developer/Xcode/DerivedData/LinguaApp-cnzhrpjntxezraexaicvemyehwby/Build/Products/Debug-iphonesimulator -F /Users/tuan/Library/Developer/Xcode/DerivedData/LinguaApp-cnzhrpjntxezraexaicvemyehwby/Build/Products/Debug-iphonesimulator -no-color-diagnostics -Xcc -fno-color-diagnostics -enable-testing -g -debug-info-format\=dwarf -dwarf-version\=4 -module-cache-path /Users/tuan/Library/Developer/Xcode/DerivedData/LinguaApp-cnzhrpjntxezraexaicvemyehwby/Build/Intermediates.noindex/SwiftExplicitPrecompiledModules -swift-version 5 -Onone -D DEBUG -serialize-debugging-options -const-gather-protocols-file /Users/tuan/Library/Developer/Xcode/DerivedData/LinguaApp-cnzhrpjntxezraexaicvemyehwby/Build/Intermediates.noindex/LinguaApp.build/Debug-iphonesimulator/LinguaApp.build/Objects-normal/arm64/LinguaApp_const_extract_protocols.json -enable-experimental-feature DebugDescriptionMacro -enable-bare-slash-regex -empty-abi-descriptor -validate-clang-modules-once -clang-build-session-file /Users/tuan/Library/Developer/Xcode/DerivedData/ModuleCache.noindex/Session.modulevalidation -Xcc -working-directory -Xcc /Users/tuan/Learn/rust/language-app/ios/LinguaApp -enable-anonymous-context-mangled-names -file-compilation-dir /Users/tuan/Learn/rust/language-app/ios/LinguaApp -Xcc -D_LIBCPP_HARDENING_MODE\=_LIBCPP_HARDENING_MODE_DEBUG -Xcc -ivfsstatcache -Xcc /Users/tuan/Library/Developer/Xcode/DerivedData/SDKStatCaches.noindex/iphonesimulator26.4-23E252-686eebb5dc1d8ecb277353a59184f4aa.sdkstatcache -Xcc -I/Users/tuan/Library/Developer/Xcode/DerivedData/LinguaApp-cnzhrpjntxezraexaicvemyehwby/Build/Intermediates.noindex/LinguaApp.build/Debug-iphonesimulator/LinguaApp.build/swift-overrides.hmap -Xcc -iquote -Xcc /Users/tuan/Library/Developer/Xcode/DerivedData/LinguaApp-cnzhrpjntxezraexaicvemyehwby/Build/Intermediates.noindex/LinguaApp.build/Debug-iphonesimulator/LinguaApp.build/LinguaApp-generated-files.hmap -Xcc -I/Users/tuan/Library/Developer/Xcode/DerivedData/LinguaApp-cnzhrpjntxezraexaicvemyehwby/Build/Intermediates.noindex/LinguaApp.build/Debug-iphonesimulator/LinguaApp.build/LinguaApp-own-target-headers.hmap -Xcc -I/Users/tuan/Library/Developer/Xcode/DerivedData/LinguaApp-cnzhrpjntxezraexaicvemyehwby/Build/Intermediates.noindex/LinguaApp.build/Debug-iphonesimulator/LinguaApp.build/LinguaApp-all-target-headers.hmap -Xcc -iquote -Xcc /Users/tuan/Library/Developer/Xcode/DerivedData/LinguaApp-cnzhrpjntxezraexaicvemyehwby/Build/Intermediates.noindex/LinguaApp.build/Debug-iphonesimulator/LinguaApp.build/LinguaApp-project-headers.hmap -Xcc -I/Users/tuan/Library/Developer/Xcode/DerivedData/LinguaApp-cnzhrpjntxezraexaicvemyehwby/Build/Products/Debug-iphonesimulator/include -Xcc -I/Users/tuan/Library/Developer/Xcode/DerivedData/LinguaApp-cnzhrpjntxezraexaicvemyehwby/Build/Intermediates.noindex/LinguaApp.build/Debug-iphonesimulator/LinguaApp.build/DerivedSources-normal/arm64 -Xcc -I/Users/tuan/Library/Developer/Xcode/DerivedData/LinguaApp-cnzhrpjntxezraexaicvemyehwby/Build/Intermediates.noindex/LinguaApp.build/Debug-iphonesimulator/LinguaApp.build/DerivedSources/arm64 -Xcc -I/Users/tuan/Library/Developer/Xcode/DerivedData/LinguaApp-cnzhrpjntxezraexaicvemyehwby/Build/Intermediates.noindex/LinguaApp.build/Debug-iphonesimulator/LinguaApp.build/DerivedSources -Xcc -DDEBUG\=1 -no-auto-bridging-header-chaining -module-name LinguaApp -frontend-parseable-output -disable-clang-spi -clang-target arm64-apple-ios26.4-simulator -target-sdk-version 26.4 -target-sdk-name iphonesimulator26.4 -in-process-plugin-server-path /Applications/Xcode.app/Contents/Developer/Toolchains/XcodeDefault.xctoolchain/usr/lib/swift/host/libSwiftInProcPluginServer.dylib -o /Users/tuan/Library/Developer/Xcode/DerivedData/LinguaApp-cnzhrpjntxezraexaicvemyehwby/Build/Intermediates.noindex/LinguaApp.build/Debug-iphonesimulator/LinguaApp.build/Objects-normal/arm64/StoryTypingView.o -index-unit-output-path /LinguaApp.build/Debug-iphonesimulator/LinguaApp.build/Objects-normal/arm64/StoryTypingView.o -index-store-path /Users/tuan/Library/Developer/Xcode/DerivedData/LinguaApp-cnzhrpjntxezraexaicvemyehwby/Index.noindex/DataStore -index-system-modules
SwiftEmitModule normal arm64 Emitting\ module\ for\ LinguaApp (in target 'LinguaApp' from project 'LinguaApp')
EmitSwiftModule normal arm64 (in target 'LinguaApp' from project 'LinguaApp')
    cd /Users/tuan/Learn/rust/language-app/ios/LinguaApp
    

✅ Build thành công! Đang cài đặt lên Simulator...
com.example.LinguaApp: 16469
🎉 Đã cập nhật app!
🚀 Phát hiện thay đổi, đang build lại...
2026-04-26 10:57:05.266 xcodebuild[16473:262701] [MT] IDERunDestination: Supported platforms for the buildables in the current scheme is empty.
** BUILD FAILED **


The following build commands failed:
	SwiftCompile normal arm64 /Users/tuan/Learn/rust/language-app/ios/LinguaApp/LinguaApp/Views/StoryTypingView.swift (in target 'LinguaApp' from project 'LinguaApp')
	SwiftCompile normal arm64 Compiling\ StoryTypingView.swift /Users/tuan/Learn/rust/language-app/ios/LinguaApp/LinguaApp/Views/StoryTypingView.swift (in target 'LinguaApp' from project 'LinguaApp')
	SwiftCompile normal arm64 Compiling\ VocabTypingView.swift /Users/tuan/Learn/rust/language-app/ios/LinguaApp/LinguaApp/Views/VocabTypingView.swift (in target 'LinguaApp' from project 'LinguaApp')
	SwiftCompile normal arm64 /Users/tuan/Learn/rust/language-app/ios/LinguaApp/LinguaApp/Views/VocabTypingView.swift (in target 'LinguaApp' from project 'LinguaApp')
	Building project LinguaApp with scheme LinguaApp
(5 failures)
SwiftCompile normal arm64 /Users/tuan/Learn/rust/language-app/ios/LinguaApp/LinguaApp/Views/VocabTypingView.swift (in target 'LinguaApp' from project 'LinguaApp')
    cd /Users/tuan/Learn/rust/language-app/ios/LinguaApp
    
/Users/tuan/Learn/rust/language-app/ios/LinguaApp/LinguaApp/Views/VocabTypingView.swift:258:45: error: value of type 'APIService' has no member 'saveProgress'
                try await APIService.shared.saveProgress(
                          ~~~~~~~~~~~~~~~~~ ^~~~~~~~~~~~
/Users/tuan/Learn/rust/language-app/ios/LinguaApp/LinguaApp/Views/VocabTypingView.swift:260:30: error: 'nil' requires a contextual type
                    storyId: nil,
                             ^

✅ Build thành công! Đang cài đặt lên Simulator...
com.example.LinguaApp: 16500
🎉 Đã cập nhật app!
🚀 Phát hiện thay đổi, đang build lại...
2026-04-26 10:57:18.198 xcodebuild[16504:263365] [MT] IDERunDestination: Supported platforms for the buildables in the current scheme is empty.
    Signing Identity:     "Sign to Run Locally"
    
    /usr/bin/codesign --force --sign - --timestamp\=none --generate-entitlement-der /Users/tuan/Library/Developer/Xcode/DerivedData/LinguaApp-cnzhrpjntxezraexaicvemyehwby/Build/Products/Debug-iphonesimulator/LinguaApp.app

Validate /Users/tuan/Library/Developer/Xcode/DerivedData/LinguaApp-cnzhrpjntxezraexaicvemyehwby/Build/Products/Debug-iphonesimulator/LinguaApp.app (in target 'LinguaApp' from project 'LinguaApp')
    cd /Users/tuan/Learn/rust/language-app/ios/LinguaApp
    builtin-validationUtility /Users/tuan/Library/Developer/Xcode/DerivedData/LinguaApp-cnzhrpjntxezraexaicvemyehwby/Build/Products/Debug-iphonesimulator/LinguaApp.app -shallow-bundle -infoplist-subpath Info.plist

** BUILD SUCCEEDED **

✅ Build thành công! Đang cài đặt lên Simulator...
com.example.LinguaApp: 16554
🎉 Đã cập nhật app!
🚀 Phát hiện thay đổi, đang build lại...
2026-04-26 10:57:30.861 xcodebuild[16555:264103] [MT] IDERunDestination: Supported platforms for the buildables in the current scheme is empty.
    Signing Identity:     "Sign to Run Locally"
    
    /usr/bin/codesign --force --sign - --timestamp\=none --generate-entitlement-der /Users/tuan/Library/Developer/Xcode/DerivedData/LinguaApp-cnzhrpjntxezraexaicvemyehwby/Build/Products/Debug-iphonesimulator/LinguaApp.app

Validate /Users/tuan/Library/Developer/Xcode/DerivedData/LinguaApp-cnzhrpjntxezraexaicvemyehwby/Build/Products/Debug-iphonesimulator/LinguaApp.app (in target 'LinguaApp' from project 'LinguaApp')
    cd /Users/tuan/Learn/rust/language-app/ios/LinguaApp
    builtin-validationUtility /Users/tuan/Library/Developer/Xcode/DerivedData/LinguaApp-cnzhrpjntxezraexaicvemyehwby/Build/Products/Debug-iphonesimulator/LinguaApp.app -shallow-bundle -infoplist-subpath Info.plist

** BUILD SUCCEEDED **

✅ Build thành công! Đang cài đặt lên Simulator...
com.example.LinguaApp: 16605
🎉 Đã cập nhật app!
🚀 Phát hiện thay đổi, đang build lại...
2026-04-26 10:57:41.162 xcodebuild[16606:264781] [MT] IDERunDestination: Supported platforms for the buildables in the current scheme is empty.
ProcessInfoPlistFile /Users/tuan/Library/Developer/Xcode/DerivedData/LinguaApp-cnzhrpjntxezraexaicvemyehwby/Build/Products/Debug-iphonesimulator/LinguaApp.app/Info.plist /Users/tuan/Learn/rust/language-app/ios/LinguaApp/LinguaApp/Info.plist (in target 'LinguaApp' from project 'LinguaApp')
    cd /Users/tuan/Learn/rust/language-app/ios/LinguaApp
    builtin-infoPlistUtility /Users/tuan/Learn/rust/language-app/ios/LinguaApp/LinguaApp/Info.plist -producttype com.apple.product-type.application -genpkginfo /Users/tuan/Library/Developer/Xcode/DerivedData/LinguaApp-cnzhrpjntxezraexaicvemyehwby/Build/Products/Debug-iphonesimulator/LinguaApp.app/PkgInfo -expandbuildsettings -format binary -platform iphonesimulator -additionalcontentfile /Users/tuan/Library/Developer/Xcode/DerivedData/LinguaApp-cnzhrpjntxezraexaicvemyehwby/Build/Intermediates.noindex/LinguaApp.build/Debug-iphonesimulator/LinguaApp.build/assetcatalog_generated_info.plist -o /Users/tuan/Library/Developer/Xcode/DerivedData/LinguaApp-cnzhrpjntxezraexaicvemyehwby/Build/Products/Debug-iphonesimulator/LinguaApp.app/Info.plist

CopySwiftLibs /Users/tuan/Library/Developer/Xcode/DerivedData/LinguaApp-cnzhrpjntxezraexaicvemyehwby/Build/Products/Debug-iphonesimulator/LinguaApp.app (in target 'LinguaApp' from project 'LinguaApp')
    cd /Users/tuan/Learn/rust/language-app/ios/LinguaApp
    builtin-swiftStdLibTool --copy --verbose --sign - --scan-executable /Users/tuan/Library/Developer/Xcode/DerivedData/LinguaApp-cnzhrpjntxezraexaicvemyehwby/Build/Products/Debug-iphonesimulator/LinguaApp.app/LinguaApp.debug.dylib --scan-folder /Users/tuan/Library/Developer/Xcode/DerivedData/LinguaApp-cnzhrpjntxezraexaicvemyehwby/Build/Products/Debug-iphonesimulator/LinguaApp.app/Frameworks --scan-folder /Users/tuan/Library/Developer/Xcode/DerivedData/LinguaApp-cnzhrpjntxezraexaicvemyehwby/Build/Products/Debug-iphonesimulator/LinguaApp.app/PlugIns --scan-folder /Users/tuan/Library/Developer/Xcode/DerivedData/LinguaApp-cnzhrpjntxezraexaicvemyehwby/Build/Products/Debug-iphonesimulator/LinguaApp.app/SystemExtensions --scan-folder /Users/tuan/Library/Developer/Xcode/DerivedData/LinguaApp-cnzhrpjntxezraexaicvemyehwby/Build/Products/Debug-iphonesimulator/LinguaApp.app/Extensions --platform iphonesimulator --toolchain /Applications/Xcode.app/Contents/Developer/Toolchains/XcodeDefault.xctoolchain --destination /Users/tuan/Library/Developer/Xcode/DerivedData/LinguaApp-cnzhrpjntxezraexaicvemyehwby/Build/Products/Debug-iphonesimulator/LinguaApp.app/Frameworks --strip-bitcode --strip-bitcode-tool /Applications/Xcode.app/Contents/Developer/Toolchains/XcodeDefault.xctoolchain/usr/bin/bitcode_strip --emit-dependency-info /Users/tuan/Library/Developer/Xcode/DerivedData/LinguaApp-cnzhrpjntxezraexaicvemyehwby/Build/Intermediates.noindex/LinguaApp.build/Debug-iphonesimulator/LinguaApp.build/SwiftStdLibToolInputDependencies.dep --filter-for-swift-os

** BUILD SUCCEEDED **

✅ Build thành công! Đang cài đặt lên Simulator...
com.example.LinguaApp: 16624
🎉 Đã cập nhật app!
🚀 Phát hiện thay đổi, đang build lại...
2026-04-26 10:58:42.231 xcodebuild[16649:265930] [MT] IDERunDestination: Supported platforms for the buildables in the current scheme is empty.
    Signing Identity:     "Sign to Run Locally"
    
    /usr/bin/codesign --force --sign - --timestamp\=none --generate-entitlement-der /Users/tuan/Library/Developer/Xcode/DerivedData/LinguaApp-cnzhrpjntxezraexaicvemyehwby/Build/Products/Debug-iphonesimulator/LinguaApp.app

Validate /Users/tuan/Library/Developer/Xcode/DerivedData/LinguaApp-cnzhrpjntxezraexaicvemyehwby/Build/Products/Debug-iphonesimulator/LinguaApp.app (in target 'LinguaApp' from project 'LinguaApp')
    cd /Users/tuan/Learn/rust/language-app/ios/LinguaApp
    builtin-validationUtility /Users/tuan/Library/Developer/Xcode/DerivedData/LinguaApp-cnzhrpjntxezraexaicvemyehwby/Build/Products/Debug-iphonesimulator/LinguaApp.app -shallow-bundle -infoplist-subpath Info.plist

** BUILD SUCCEEDED **

✅ Build thành công! Đang cài đặt lên Simulator...
com.example.LinguaApp: 16700
🎉 Đã cập nhật app!
🚀 Phát hiện thay đổi, đang build lại...
2026-04-26 10:58:54.622 xcodebuild[16701:266688] [MT] IDERunDestination: Supported platforms for the buildables in the current scheme is empty.
ProcessInfoPlistFile /Users/tuan/Library/Developer/Xcode/DerivedData/LinguaApp-cnzhrpjntxezraexaicvemyehwby/Build/Products/Debug-iphonesimulator/LinguaApp.app/Info.plist /Users/tuan/Learn/rust/language-app/ios/LinguaApp/LinguaApp/Info.plist (in target 'LinguaApp' from project 'LinguaApp')
    cd /Users/tuan/Learn/rust/language-app/ios/LinguaApp
    builtin-infoPlistUtility /Users/tuan/Learn/rust/language-app/ios/LinguaApp/LinguaApp/Info.plist -producttype com.apple.product-type.application -genpkginfo /Users/tuan/Library/Developer/Xcode/DerivedData/LinguaApp-cnzhrpjntxezraexaicvemyehwby/Build/Products/Debug-iphonesimulator/LinguaApp.app/PkgInfo -expandbuildsettings -format binary -platform iphonesimulator -additionalcontentfile /Users/tuan/Library/Developer/Xcode/DerivedData/LinguaApp-cnzhrpjntxezraexaicvemyehwby/Build/Intermediates.noindex/LinguaApp.build/Debug-iphonesimulator/LinguaApp.build/assetcatalog_generated_info.plist -o /Users/tuan/Library/Developer/Xcode/DerivedData/LinguaApp-cnzhrpjntxezraexaicvemyehwby/Build/Products/Debug-iphonesimulator/LinguaApp.app/Info.plist

CopySwiftLibs /Users/tuan/Library/Developer/Xcode/DerivedData/LinguaApp-cnzhrpjntxezraexaicvemyehwby/Build/Products/Debug-iphonesimulator/LinguaApp.app (in target 'LinguaApp' from project 'LinguaApp')
    cd /Users/tuan/Learn/rust/language-app/ios/LinguaApp
    builtin-swiftStdLibTool --copy --verbose --sign - --scan-executable /Users/tuan/Library/Developer/Xcode/DerivedData/LinguaApp-cnzhrpjntxezraexaicvemyehwby/Build/Products/Debug-iphonesimulator/LinguaApp.app/LinguaApp.debug.dylib --scan-folder /Users/tuan/Library/Developer/Xcode/DerivedData/LinguaApp-cnzhrpjntxezraexaicvemyehwby/Build/Products/Debug-iphonesimulator/LinguaApp.app/Frameworks --scan-folder /Users/tuan/Library/Developer/Xcode/DerivedData/LinguaApp-cnzhrpjntxezraexaicvemyehwby/Build/Products/Debug-iphonesimulator/LinguaApp.app/PlugIns --scan-folder /Users/tuan/Library/Developer/Xcode/DerivedData/LinguaApp-cnzhrpjntxezraexaicvemyehwby/Build/Products/Debug-iphonesimulator/LinguaApp.app/SystemExtensions --scan-folder /Users/tuan/Library/Developer/Xcode/DerivedData/LinguaApp-cnzhrpjntxezraexaicvemyehwby/Build/Products/Debug-iphonesimulator/LinguaApp.app/Extensions --platform iphonesimulator --toolchain /Applications/Xcode.app/Contents/Developer/Toolchains/XcodeDefault.xctoolchain --destination /Users/tuan/Library/Developer/Xcode/DerivedData/LinguaApp-cnzhrpjntxezraexaicvemyehwby/Build/Products/Debug-iphonesimulator/LinguaApp.app/Frameworks --strip-bitcode --strip-bitcode-tool /Applications/Xcode.app/Contents/Developer/Toolchains/XcodeDefault.xctoolchain/usr/bin/bitcode_strip --emit-dependency-info /Users/tuan/Library/Developer/Xcode/DerivedData/LinguaApp-cnzhrpjntxezraexaicvemyehwby/Build/Intermediates.noindex/LinguaApp.build/Debug-iphonesimulator/LinguaApp.build/SwiftStdLibToolInputDependencies.dep --filter-for-swift-os

** BUILD SUCCEEDED **

✅ Build thành công! Đang cài đặt lên Simulator...
com.example.LinguaApp: 16732
🎉 Đã cập nhật app!
🚀 Phát hiện thay đổi, đang build lại...
2026-04-26 10:59:03.735 xcodebuild[16733:267265] [MT] IDERunDestination: Supported platforms for the buildables in the current scheme is empty.
GatherProvisioningInputs

CreateBuildDescription

ClangStatCache /Applications/Xcode.app/Contents/Developer/Toolchains/XcodeDefault.xctoolchain/usr/bin/clang-stat-cache /Applications/Xcode.app/Contents/Developer/Platforms/iPhoneSimulator.platform/Developer/SDKs/iPhoneSimulator26.4.sdk /Users/tuan/Library/Developer/Xcode/DerivedData/SDKStatCaches.noindex/iphonesimulator26.4-23E252-686eebb5dc1d8ecb277353a59184f4aa.sdkstatcache
    cd /Users/tuan/Learn/rust/language-app/ios/LinguaApp/LinguaApp.xcodeproj
    /Applications/Xcode.app/Contents/Developer/Toolchains/XcodeDefault.xctoolchain/usr/bin/clang-stat-cache /Applications/Xcode.app/Contents/Developer/Platforms/iPhoneSimulator.platform/Developer/SDKs/iPhoneSimulator26.4.sdk -o /Users/tuan/Library/Developer/Xcode/DerivedData/SDKStatCaches.noindex/iphonesimulator26.4-23E252-686eebb5dc1d8ecb277353a59184f4aa.sdkstatcache

** BUILD SUCCEEDED **

✅ Build thành công! Đang cài đặt lên Simulator...
com.example.LinguaApp: 16747
🎉 Đã cập nhật app!
🚀 Phát hiện thay đổi, đang build lại...
2026-04-26 10:59:10.300 xcodebuild[16748:267542] [MT] IDERunDestination: Supported platforms for the buildables in the current scheme is empty.
GatherProvisioningInputs

CreateBuildDescription

ClangStatCache /Applications/Xcode.app/Contents/Developer/Toolchains/XcodeDefault.xctoolchain/usr/bin/clang-stat-cache /Applications/Xcode.app/Contents/Developer/Platforms/iPhoneSimulator.platform/Developer/SDKs/iPhoneSimulator26.4.sdk /Users/tuan/Library/Developer/Xcode/DerivedData/SDKStatCaches.noindex/iphonesimulator26.4-23E252-686eebb5dc1d8ecb277353a59184f4aa.sdkstatcache
    cd /Users/tuan/Learn/rust/language-app/ios/LinguaApp/LinguaApp.xcodeproj
    /Applications/Xcode.app/Contents/Developer/Toolchains/XcodeDefault.xctoolchain/usr/bin/clang-stat-cache /Applications/Xcode.app/Contents/Developer/Platforms/iPhoneSimulator.platform/Developer/SDKs/iPhoneSimulator26.4.sdk -o /Users/tuan/Library/Developer/Xcode/DerivedData/SDKStatCaches.noindex/iphonesimulator26.4-23E252-686eebb5dc1d8ecb277353a59184f4aa.sdkstatcache

** BUILD SUCCEEDED **

✅ Build thành công! Đang cài đặt lên Simulator...
com.example.LinguaApp: 16761
🎉 Đã cập nhật app!
🚀 Phát hiện thay đổi, đang build lại...
2026-04-26 11:03:58.366 xcodebuild[16915:272411] [MT] IDERunDestination: Supported platforms for the buildables in the current scheme is empty.
    
    /usr/bin/codesign --force --sign - --timestamp\=none --generate-entitlement-der /Users/tuan/Library/Developer/Xcode/DerivedData/LinguaApp-cnzhrpjntxezraexaicvemyehwby/Build/Products/Debug-iphonesimulator/LinguaApp.app
/Users/tuan/Library/Developer/Xcode/DerivedData/LinguaApp-cnzhrpjntxezraexaicvemyehwby/Build/Products/Debug-iphonesimulator/LinguaApp.app: replacing existing signature

Validate /Users/tuan/Library/Developer/Xcode/DerivedData/LinguaApp-cnzhrpjntxezraexaicvemyehwby/Build/Products/Debug-iphonesimulator/LinguaApp.app (in target 'LinguaApp' from project 'LinguaApp')
    cd /Users/tuan/Learn/rust/language-app/ios/LinguaApp
    builtin-validationUtility /Users/tuan/Library/Developer/Xcode/DerivedData/LinguaApp-cnzhrpjntxezraexaicvemyehwby/Build/Products/Debug-iphonesimulator/LinguaApp.app -shallow-bundle -infoplist-subpath Info.plist

** BUILD SUCCEEDED **

✅ Build thành công! Đang cài đặt lên Simulator...
com.example.LinguaApp: 16953
🎉 Đã cập nhật app!
🚀 Phát hiện thay đổi, đang build lại...
2026-04-26 11:04:09.555 xcodebuild[16954:273187] [MT] IDERunDestination: Supported platforms for the buildables in the current scheme is empty.
    
    /usr/bin/codesign --force --sign - --timestamp\=none --generate-entitlement-der /Users/tuan/Library/Developer/Xcode/DerivedData/LinguaApp-cnzhrpjntxezraexaicvemyehwby/Build/Products/Debug-iphonesimulator/LinguaApp.app
/Users/tuan/Library/Developer/Xcode/DerivedData/LinguaApp-cnzhrpjntxezraexaicvemyehwby/Build/Products/Debug-iphonesimulator/LinguaApp.app: replacing existing signature

Validate /Users/tuan/Library/Developer/Xcode/DerivedData/LinguaApp-cnzhrpjntxezraexaicvemyehwby/Build/Products/Debug-iphonesimulator/LinguaApp.app (in target 'LinguaApp' from project 'LinguaApp')
    cd /Users/tuan/Learn/rust/language-app/ios/LinguaApp
    builtin-validationUtility /Users/tuan/Library/Developer/Xcode/DerivedData/LinguaApp-cnzhrpjntxezraexaicvemyehwby/Build/Products/Debug-iphonesimulator/LinguaApp.app -shallow-bundle -infoplist-subpath Info.plist

** BUILD SUCCEEDED **

✅ Build thành công! Đang cài đặt lên Simulator...
com.example.LinguaApp: 16985
🎉 Đã cập nhật app!
🚀 Phát hiện thay đổi, đang build lại...
2026-04-26 11:04:21.636 xcodebuild[16988:273753] [MT] IDERunDestination: Supported platforms for the buildables in the current scheme is empty.
    Signing Identity:     "Sign to Run Locally"
    
    /usr/bin/codesign --force --sign - --timestamp\=none --generate-entitlement-der /Users/tuan/Library/Developer/Xcode/DerivedData/LinguaApp-cnzhrpjntxezraexaicvemyehwby/Build/Products/Debug-iphonesimulator/LinguaApp.app

Validate /Users/tuan/Library/Developer/Xcode/DerivedData/LinguaApp-cnzhrpjntxezraexaicvemyehwby/Build/Products/Debug-iphonesimulator/LinguaApp.app (in target 'LinguaApp' from project 'LinguaApp')
    cd /Users/tuan/Learn/rust/language-app/ios/LinguaApp
    builtin-validationUtility /Users/tuan/Library/Developer/Xcode/DerivedData/LinguaApp-cnzhrpjntxezraexaicvemyehwby/Build/Products/Debug-iphonesimulator/LinguaApp.app -shallow-bundle -infoplist-subpath Info.plist

** BUILD SUCCEEDED **

✅ Build thành công! Đang cài đặt lên Simulator...
com.example.LinguaApp: 17035
🎉 Đã cập nhật app!
🚀 Phát hiện thay đổi, đang build lại...
2026-04-26 11:04:35.292 xcodebuild[17037:274593] [MT] IDERunDestination: Supported platforms for the buildables in the current scheme is empty.
GatherProvisioningInputs

CreateBuildDescription

ClangStatCache /Applications/Xcode.app/Contents/Developer/Toolchains/XcodeDefault.xctoolchain/usr/bin/clang-stat-cache /Applications/Xcode.app/Contents/Developer/Platforms/iPhoneSimulator.platform/Developer/SDKs/iPhoneSimulator26.4.sdk /Users/tuan/Library/Developer/Xcode/DerivedData/SDKStatCaches.noindex/iphonesimulator26.4-23E252-686eebb5dc1d8ecb277353a59184f4aa.sdkstatcache
    cd /Users/tuan/Learn/rust/language-app/ios/LinguaApp/LinguaApp.xcodeproj
    /Applications/Xcode.app/Contents/Developer/Toolchains/XcodeDefault.xctoolchain/usr/bin/clang-stat-cache /Applications/Xcode.app/Contents/Developer/Platforms/iPhoneSimulator.platform/Developer/SDKs/iPhoneSimulator26.4.sdk -o /Users/tuan/Library/Developer/Xcode/DerivedData/SDKStatCaches.noindex/iphonesimulator26.4-23E252-686eebb5dc1d8ecb277353a59184f4aa.sdkstatcache

** BUILD SUCCEEDED **

✅ Build thành công! Đang cài đặt lên Simulator...
com.example.LinguaApp: 17054
🎉 Đã cập nhật app!
🚀 Phát hiện thay đổi, đang build lại...
2026-04-26 11:04:45.487 xcodebuild[17057:274993] [MT] IDERunDestination: Supported platforms for the buildables in the current scheme is empty.
    Signing Identity:     "Sign to Run Locally"
    
    /usr/bin/codesign --force --sign - --timestamp\=none --generate-entitlement-der /Users/tuan/Library/Developer/Xcode/DerivedData/LinguaApp-cnzhrpjntxezraexaicvemyehwby/Build/Products/Debug-iphonesimulator/LinguaApp.app

Validate /Users/tuan/Library/Developer/Xcode/DerivedData/LinguaApp-cnzhrpjntxezraexaicvemyehwby/Build/Products/Debug-iphonesimulator/LinguaApp.app (in target 'LinguaApp' from project 'LinguaApp')
    cd /Users/tuan/Learn/rust/language-app/ios/LinguaApp
    builtin-validationUtility /Users/tuan/Library/Developer/Xcode/DerivedData/LinguaApp-cnzhrpjntxezraexaicvemyehwby/Build/Products/Debug-iphonesimulator/LinguaApp.app -shallow-bundle -infoplist-subpath Info.plist

** BUILD SUCCEEDED **

✅ Build thành công! Đang cài đặt lên Simulator...
com.example.LinguaApp: 17099
🎉 Đã cập nhật app!
🚀 Phát hiện thay đổi, đang build lại...
2026-04-26 11:04:59.009 xcodebuild[17100:275720] [MT] IDERunDestination: Supported platforms for the buildables in the current scheme is empty.
    Signing Identity:     "Sign to Run Locally"
    
    /usr/bin/codesign --force --sign - --timestamp\=none --generate-entitlement-der /Users/tuan/Library/Developer/Xcode/DerivedData/LinguaApp-cnzhrpjntxezraexaicvemyehwby/Build/Products/Debug-iphonesimulator/LinguaApp.app

Validate /Users/tuan/Library/Developer/Xcode/DerivedData/LinguaApp-cnzhrpjntxezraexaicvemyehwby/Build/Products/Debug-iphonesimulator/LinguaApp.app (in target 'LinguaApp' from project 'LinguaApp')
    cd /Users/tuan/Learn/rust/language-app/ios/LinguaApp
    builtin-validationUtility /Users/tuan/Library/Developer/Xcode/DerivedData/LinguaApp-cnzhrpjntxezraexaicvemyehwby/Build/Products/Debug-iphonesimulator/LinguaApp.app -shallow-bundle -infoplist-subpath Info.plist

** BUILD SUCCEEDED **

✅ Build thành công! Đang cài đặt lên Simulator...
com.example.LinguaApp: 17145
🎉 Đã cập nhật app!
🚀 Phát hiện thay đổi, đang build lại...
2026-04-26 11:05:09.873 xcodebuild[17147:276478] [MT] IDERunDestination: Supported platforms for the buildables in the current scheme is empty.
GatherProvisioningInputs

CreateBuildDescription

ClangStatCache /Applications/Xcode.app/Contents/Developer/Toolchains/XcodeDefault.xctoolchain/usr/bin/clang-stat-cache /Applications/Xcode.app/Contents/Developer/Platforms/iPhoneSimulator.platform/Developer/SDKs/iPhoneSimulator26.4.sdk /Users/tuan/Library/Developer/Xcode/DerivedData/SDKStatCaches.noindex/iphonesimulator26.4-23E252-686eebb5dc1d8ecb277353a59184f4aa.sdkstatcache
    cd /Users/tuan/Learn/rust/language-app/ios/LinguaApp/LinguaApp.xcodeproj
    /Applications/Xcode.app/Contents/Developer/Toolchains/XcodeDefault.xctoolchain/usr/bin/clang-stat-cache /Applications/Xcode.app/Contents/Developer/Platforms/iPhoneSimulator.platform/Developer/SDKs/iPhoneSimulator26.4.sdk -o /Users/tuan/Library/Developer/Xcode/DerivedData/SDKStatCaches.noindex/iphonesimulator26.4-23E252-686eebb5dc1d8ecb277353a59184f4aa.sdkstatcache

** BUILD SUCCEEDED **

✅ Build thành công! Đang cài đặt lên Simulator...
com.example.LinguaApp: 17166
🎉 Đã cập nhật app!
🚀 Phát hiện thay đổi, đang build lại...
2026-04-26 11:07:18.204 xcodebuild[17225:278930] [MT] IDERunDestination: Supported platforms for the buildables in the current scheme is empty.
** BUILD FAILED **


The following build commands failed:
	SwiftCompile normal arm64 /Users/tuan/Learn/rust/language-app/ios/LinguaApp/LinguaApp/Views/StoryTypingView.swift (in target 'LinguaApp' from project 'LinguaApp')
	SwiftCompile normal arm64 Compiling\ StoryTypingView.swift /Users/tuan/Learn/rust/language-app/ios/LinguaApp/LinguaApp/Views/StoryTypingView.swift (in target 'LinguaApp' from project 'LinguaApp')
	Building project LinguaApp with scheme LinguaApp
(3 failures)
        ~~~~^~~~~~~~~~
        _

Failed frontend command:
/Applications/Xcode.app/Contents/Developer/Toolchains/XcodeDefault.xctoolchain/usr/bin/swift-frontend -frontend -c /Users/tuan/Learn/rust/language-app/ios/LinguaApp/LinguaApp/Services/APIService.swift /Users/tuan/Learn/rust/language-app/ios/LinguaApp/LinguaApp/Theme/AppTheme.swift /Users/tuan/Learn/rust/language-app/ios/LinguaApp/LinguaApp/Services/AudioService.swift /Users/tuan/Learn/rust/language-app/ios/LinguaApp/LinguaApp/Services/AuthService.swift /Users/tuan/Learn/rust/language-app/ios/LinguaApp/LinguaApp/Views/HomeView.swift /Users/tuan/Learn/rust/language-app/ios/LinguaApp/LinguaApp/Views/LanguageHubView.swift /Users/tuan/Learn/rust/language-app/ios/LinguaApp/LinguaApp/Views/LanguagesView.swift /Users/tuan/Learn/rust/language-app/ios/LinguaApp/LinguaApp/LinguaApp.swift /Users/tuan/Learn/rust/language-app/ios/LinguaApp/LinguaApp/Services/LocalizationService.swift /Users/tuan/Learn/rust/language-app/ios/LinguaApp/LinguaApp/Views/LoginView.swift /Users/tuan/Learn/rust/language-app/ios/LinguaApp/LinguaApp/Models.swift /Users/tuan/Learn/rust/language-app/ios/LinguaApp/LinguaApp/Views/RegisterView.swift /Users/tuan/Learn/rust/language-app/ios/LinguaApp/LinguaApp/Views/SettingsView.swift /Users/tuan/Learn/rust/language-app/ios/LinguaApp/LinguaApp/Views/StoriesView.swift /Users/tuan/Learn/rust/language-app/ios/LinguaApp/LinguaApp/Views/StoryReaderView.swift -primary-file /Users/tuan/Learn/rust/language-app/ios/LinguaApp/LinguaApp/Views/StoryTypingView.swift /Users/tuan/Learn/rust/language-app/ios/LinguaApp/LinguaApp/Views/VocabLessonsView.swift /Users/tuan/Learn/rust/language-app/ios/LinguaApp/LinguaApp/Views/VocabTypingView.swift /Users/tuan/Library/Developer/Xcode/DerivedData/LinguaApp-cnzhrpjntxezraexaicvemyehwby/Build/Intermediates.noindex/LinguaApp.build/Debug-iphonesimulator/LinguaApp.build/DerivedSources/GeneratedAssetSymbols.swift -emit-dependencies-path /Users/tuan/Library/Developer/Xcode/DerivedData/LinguaApp-cnzhrpjntxezraexaicvemyehwby/Build/Intermediates.noindex/LinguaApp.build/Debug-iphonesimulator/LinguaApp.build/Objects-normal/arm64/StoryTypingView.d -emit-const-values-path /Users/tuan/Library/Developer/Xcode/DerivedData/LinguaApp-cnzhrpjntxezraexaicvemyehwby/Build/Intermediates.noindex/LinguaApp.build/Debug-iphonesimulator/LinguaApp.build/Objects-normal/arm64/StoryTypingView.swiftconstvalues -emit-reference-dependencies-path /Users/tuan/Library/Developer/Xcode/DerivedData/LinguaApp-cnzhrpjntxezraexaicvemyehwby/Build/Intermediates.noindex/LinguaApp.build/Debug-iphonesimulator/LinguaApp.build/Objects-normal/arm64/StoryTypingView.swiftdeps -serialize-diagnostics-path /Users/tuan/Library/Developer/Xcode/DerivedData/LinguaApp-cnzhrpjntxezraexaicvemyehwby/Build/Intermediates.noindex/LinguaApp.build/Debug-iphonesimulator/LinguaApp.build/Objects-normal/arm64/StoryTypingView.dia -target arm64-apple-ios17.0-simulator -module-can-import-version DeveloperToolsSupport 23.40.26 23.40.26 -load-resolved-plugin /Applications/Xcode.app/Contents/Developer/Platforms/iPhoneOS.platform/Developer/usr/lib/swift/host/plugins/libFoundationMacros.dylib\#/Applications/Xcode.app/Contents/Developer/Platforms/iPhoneOS.platform/Developer/usr/bin/swift-plugin-server\#FoundationMacros -load-resolved-plugin /Applications/Xcode.app/Contents/Developer/Platforms/iPhoneOS.platform/Developer/usr/lib/swift/host/plugins/libObservationMacros.dylib\#/Applications/Xcode.app/Contents/Developer/Platforms/iPhoneOS.platform/Developer/usr/bin/swift-plugin-server\#ObservationMacros -load-resolved-plugin /Applications/Xcode.app/Contents/Developer/Platforms/iPhoneOS.platform/Developer/usr/lib/swift/host/plugins/libPreviewsMacros.dylib\#/Applications/Xcode.app/Contents/Developer/Platforms/iPhoneOS.platform/Developer/usr/bin/swift-plugin-server\#PreviewsMacros -load-resolved-plugin /Applications/Xcode.app/Contents/Developer/Platforms/iPhoneOS.platform/Developer/usr/lib/swift/host/plugins/libSwiftMacros.dylib\#/Applications/Xcode.app/Contents/Developer/Platforms/iPhoneOS.platform/Developer/usr/bin/swift-plugin-server\#SwiftMacros -load-resolved-plugin /Applications/Xcode.app/Contents/Developer/Platforms/iPhoneOS.platform/Developer/usr/lib/swift/host/plugins/libSwiftUIMacros.dylib\#/Applications/Xcode.app/Contents/Developer/Platforms/iPhoneOS.platform/Developer/usr/bin/swift-plugin-server\#SwiftUIMacros -disable-implicit-swift-modules -Xcc -fno-implicit-modules -Xcc -fno-implicit-module-maps -explicit-swift-module-map-file /Users/tuan/Library/Developer/Xcode/DerivedData/LinguaApp-cnzhrpjntxezraexaicvemyehwby/Build/Intermediates.noindex/LinguaApp.build/Debug-iphonesimulator/LinguaApp.build/Objects-normal/arm64/LinguaApp-dependencies-1.json -debug-module-path /Users/tuan/Library/Developer/Xcode/DerivedData/LinguaApp-cnzhrpjntxezraexaicvemyehwby/Build/Intermediates.noindex/LinguaApp.build/Debug-iphonesimulator/LinguaApp.build/Objects-normal/arm64/LinguaApp.swiftmodule -Xllvm -aarch64-use-tbi -enable-objc-interop -sdk /Applications/Xcode.app/Contents/Developer/Platforms/iPhoneSimulator.platform/Developer/SDKs/iPhoneSimulator26.4.sdk -I /Users/tuan/Library/Developer/Xcode/DerivedData/LinguaApp-cnzhrpjntxezraexaicvemyehwby/Build/Products/Debug-iphonesimulator -F /Users/tuan/Library/Developer/Xcode/DerivedData/LinguaApp-cnzhrpjntxezraexaicvemyehwby/Build/Products/Debug-iphonesimulator -no-color-diagnostics -Xcc -fno-color-diagnostics -enable-testing -g -debug-info-format\=dwarf -dwarf-version\=4 -module-cache-path /Users/tuan/Library/Developer/Xcode/DerivedData/LinguaApp-cnzhrpjntxezraexaicvemyehwby/Build/Intermediates.noindex/SwiftExplicitPrecompiledModules -swift-version 5 -Onone -D DEBUG -serialize-debugging-options -const-gather-protocols-file /Users/tuan/Library/Developer/Xcode/DerivedData/LinguaApp-cnzhrpjntxezraexaicvemyehwby/Build/Intermediates.noindex/LinguaApp.build/Debug-iphonesimulator/LinguaApp.build/Objects-normal/arm64/LinguaApp_const_extract_protocols.json -enable-experimental-feature DebugDescriptionMacro -enable-bare-slash-regex -empty-abi-descriptor -validate-clang-modules-once -clang-build-session-file /Users/tuan/Library/Developer/Xcode/DerivedData/ModuleCache.noindex/Session.modulevalidation -Xcc -working-directory -Xcc /Users/tuan/Learn/rust/language-app/ios/LinguaApp -enable-anonymous-context-mangled-names -file-compilation-dir /Users/tuan/Learn/rust/language-app/ios/LinguaApp -Xcc -D_LIBCPP_HARDENING_MODE\=_LIBCPP_HARDENING_MODE_DEBUG -Xcc -ivfsstatcache -Xcc /Users/tuan/Library/Developer/Xcode/DerivedData/SDKStatCaches.noindex/iphonesimulator26.4-23E252-686eebb5dc1d8ecb277353a59184f4aa.sdkstatcache -Xcc -I/Users/tuan/Library/Developer/Xcode/DerivedData/LinguaApp-cnzhrpjntxezraexaicvemyehwby/Build/Intermediates.noindex/LinguaApp.build/Debug-iphonesimulator/LinguaApp.build/swift-overrides.hmap -Xcc -iquote -Xcc /Users/tuan/Library/Developer/Xcode/DerivedData/LinguaApp-cnzhrpjntxezraexaicvemyehwby/Build/Intermediates.noindex/LinguaApp.build/Debug-iphonesimulator/LinguaApp.build/LinguaApp-generated-files.hmap -Xcc -I/Users/tuan/Library/Developer/Xcode/DerivedData/LinguaApp-cnzhrpjntxezraexaicvemyehwby/Build/Intermediates.noindex/LinguaApp.build/Debug-iphonesimulator/LinguaApp.build/LinguaApp-own-target-headers.hmap -Xcc -I/Users/tuan/Library/Developer/Xcode/DerivedData/LinguaApp-cnzhrpjntxezraexaicvemyehwby/Build/Intermediates.noindex/LinguaApp.build/Debug-iphonesimulator/LinguaApp.build/LinguaApp-all-target-headers.hmap -Xcc -iquote -Xcc /Users/tuan/Library/Developer/Xcode/DerivedData/LinguaApp-cnzhrpjntxezraexaicvemyehwby/Build/Intermediates.noindex/LinguaApp.build/Debug-iphonesimulator/LinguaApp.build/LinguaApp-project-headers.hmap -Xcc -I/Users/tuan/Library/Developer/Xcode/DerivedData/LinguaApp-cnzhrpjntxezraexaicvemyehwby/Build/Products/Debug-iphonesimulator/include -Xcc -I/Users/tuan/Library/Developer/Xcode/DerivedData/LinguaApp-cnzhrpjntxezraexaicvemyehwby/Build/Intermediates.noindex/LinguaApp.build/Debug-iphonesimulator/LinguaApp.build/DerivedSources-normal/arm64 -Xcc -I/Users/tuan/Library/Developer/Xcode/DerivedData/LinguaApp-cnzhrpjntxezraexaicvemyehwby/Build/Intermediates.noindex/LinguaApp.build/Debug-iphonesimulator/LinguaApp.build/DerivedSources/arm64 -Xcc -I/Users/tuan/Library/Developer/Xcode/DerivedData/LinguaApp-cnzhrpjntxezraexaicvemyehwby/Build/Intermediates.noindex/LinguaApp.build/Debug-iphonesimulator/LinguaApp.build/DerivedSources -Xcc -DDEBUG\=1 -no-auto-bridging-header-chaining -module-name LinguaApp -frontend-parseable-output -disable-clang-spi -clang-target arm64-apple-ios26.4-simulator -target-sdk-version 26.4 -target-sdk-name iphonesimulator26.4 -in-process-plugin-server-path /Applications/Xcode.app/Contents/Developer/Toolchains/XcodeDefault.xctoolchain/usr/lib/swift/host/libSwiftInProcPluginServer.dylib -o /Users/tuan/Library/Developer/Xcode/DerivedData/LinguaApp-cnzhrpjntxezraexaicvemyehwby/Build/Intermediates.noindex/LinguaApp.build/Debug-iphonesimulator/LinguaApp.build/Objects-normal/arm64/StoryTypingView.o -index-unit-output-path /LinguaApp.build/Debug-iphonesimulator/LinguaApp.build/Objects-normal/arm64/StoryTypingView.o -index-store-path /Users/tuan/Library/Developer/Xcode/DerivedData/LinguaApp-cnzhrpjntxezraexaicvemyehwby/Index.noindex/DataStore -index-system-modules
SwiftEmitModule normal arm64 Emitting\ module\ for\ LinguaApp (in target 'LinguaApp' from project 'LinguaApp')
EmitSwiftModule normal arm64 (in target 'LinguaApp' from project 'LinguaApp')
    cd /Users/tuan/Learn/rust/language-app/ios/LinguaApp
    

✅ Build thành công! Đang cài đặt lên Simulator...
com.example.LinguaApp: 17255
🎉 Đã cập nhật app!
🚀 Phát hiện thay đổi, đang build lại...
2026-04-26 11:07:28.521 xcodebuild[17256:279579] [MT] IDERunDestination: Supported platforms for the buildables in the current scheme is empty.
** BUILD FAILED **


The following build commands failed:
	SwiftCompile normal arm64 Compiling\ VocabTypingView.swift /Users/tuan/Learn/rust/language-app/ios/LinguaApp/LinguaApp/Views/VocabTypingView.swift (in target 'LinguaApp' from project 'LinguaApp')
	SwiftCompile normal arm64 /Users/tuan/Learn/rust/language-app/ios/LinguaApp/LinguaApp/Views/VocabTypingView.swift (in target 'LinguaApp' from project 'LinguaApp')
	Building project LinguaApp with scheme LinguaApp
(3 failures)
Failed frontend command:
/Applications/Xcode.app/Contents/Developer/Toolchains/XcodeDefault.xctoolchain/usr/bin/swift-frontend -frontend -c /Users/tuan/Learn/rust/language-app/ios/LinguaApp/LinguaApp/Services/APIService.swift /Users/tuan/Learn/rust/language-app/ios/LinguaApp/LinguaApp/Theme/AppTheme.swift /Users/tuan/Learn/rust/language-app/ios/LinguaApp/LinguaApp/Services/AudioService.swift /Users/tuan/Learn/rust/language-app/ios/LinguaApp/LinguaApp/Services/AuthService.swift /Users/tuan/Learn/rust/language-app/ios/LinguaApp/LinguaApp/Views/HomeView.swift /Users/tuan/Learn/rust/language-app/ios/LinguaApp/LinguaApp/Views/LanguageHubView.swift /Users/tuan/Learn/rust/language-app/ios/LinguaApp/LinguaApp/Views/LanguagesView.swift /Users/tuan/Learn/rust/language-app/ios/LinguaApp/LinguaApp/LinguaApp.swift /Users/tuan/Learn/rust/language-app/ios/LinguaApp/LinguaApp/Services/LocalizationService.swift /Users/tuan/Learn/rust/language-app/ios/LinguaApp/LinguaApp/Views/LoginView.swift /Users/tuan/Learn/rust/language-app/ios/LinguaApp/LinguaApp/Models.swift /Users/tuan/Learn/rust/language-app/ios/LinguaApp/LinguaApp/Views/RegisterView.swift /Users/tuan/Learn/rust/language-app/ios/LinguaApp/LinguaApp/Views/SettingsView.swift /Users/tuan/Learn/rust/language-app/ios/LinguaApp/LinguaApp/Views/StoriesView.swift /Users/tuan/Learn/rust/language-app/ios/LinguaApp/LinguaApp/Views/StoryReaderView.swift /Users/tuan/Learn/rust/language-app/ios/LinguaApp/LinguaApp/Views/StoryTypingView.swift /Users/tuan/Learn/rust/language-app/ios/LinguaApp/LinguaApp/Views/VocabLessonsView.swift -primary-file /Users/tuan/Learn/rust/language-app/ios/LinguaApp/LinguaApp/Views/VocabTypingView.swift /Users/tuan/Library/Developer/Xcode/DerivedData/LinguaApp-cnzhrpjntxezraexaicvemyehwby/Build/Intermediates.noindex/LinguaApp.build/Debug-iphonesimulator/LinguaApp.build/DerivedSources/GeneratedAssetSymbols.swift -emit-dependencies-path /Users/tuan/Library/Developer/Xcode/DerivedData/LinguaApp-cnzhrpjntxezraexaicvemyehwby/Build/Intermediates.noindex/LinguaApp.build/Debug-iphonesimulator/LinguaApp.build/Objects-normal/arm64/VocabTypingView.d -emit-const-values-path /Users/tuan/Library/Developer/Xcode/DerivedData/LinguaApp-cnzhrpjntxezraexaicvemyehwby/Build/Intermediates.noindex/LinguaApp.build/Debug-iphonesimulator/LinguaApp.build/Objects-normal/arm64/VocabTypingView.swiftconstvalues -emit-reference-dependencies-path /Users/tuan/Library/Developer/Xcode/DerivedData/LinguaApp-cnzhrpjntxezraexaicvemyehwby/Build/Intermediates.noindex/LinguaApp.build/Debug-iphonesimulator/LinguaApp.build/Objects-normal/arm64/VocabTypingView.swiftdeps -serialize-diagnostics-path /Users/tuan/Library/Developer/Xcode/DerivedData/LinguaApp-cnzhrpjntxezraexaicvemyehwby/Build/Intermediates.noindex/LinguaApp.build/Debug-iphonesimulator/LinguaApp.build/Objects-normal/arm64/VocabTypingView.dia -target arm64-apple-ios17.0-simulator -module-can-import-version DeveloperToolsSupport 23.40.26 23.40.26 -load-resolved-plugin /Applications/Xcode.app/Contents/Developer/Platforms/iPhoneOS.platform/Developer/usr/lib/swift/host/plugins/libFoundationMacros.dylib\#/Applications/Xcode.app/Contents/Developer/Platforms/iPhoneOS.platform/Developer/usr/bin/swift-plugin-server\#FoundationMacros -load-resolved-plugin /Applications/Xcode.app/Contents/Developer/Platforms/iPhoneOS.platform/Developer/usr/lib/swift/host/plugins/libObservationMacros.dylib\#/Applications/Xcode.app/Contents/Developer/Platforms/iPhoneOS.platform/Developer/usr/bin/swift-plugin-server\#ObservationMacros -load-resolved-plugin /Applications/Xcode.app/Contents/Developer/Platforms/iPhoneOS.platform/Developer/usr/lib/swift/host/plugins/libPreviewsMacros.dylib\#/Applications/Xcode.app/Contents/Developer/Platforms/iPhoneOS.platform/Developer/usr/bin/swift-plugin-server\#PreviewsMacros -load-resolved-plugin /Applications/Xcode.app/Contents/Developer/Platforms/iPhoneOS.platform/Developer/usr/lib/swift/host/plugins/libSwiftMacros.dylib\#/Applications/Xcode.app/Contents/Developer/Platforms/iPhoneOS.platform/Developer/usr/bin/swift-plugin-server\#SwiftMacros -load-resolved-plugin /Applications/Xcode.app/Contents/Developer/Platforms/iPhoneOS.platform/Developer/usr/lib/swift/host/plugins/libSwiftUIMacros.dylib\#/Applications/Xcode.app/Contents/Developer/Platforms/iPhoneOS.platform/Developer/usr/bin/swift-plugin-server\#SwiftUIMacros -disable-implicit-swift-modules -Xcc -fno-implicit-modules -Xcc -fno-implicit-module-maps -explicit-swift-module-map-file /Users/tuan/Library/Developer/Xcode/DerivedData/LinguaApp-cnzhrpjntxezraexaicvemyehwby/Build/Intermediates.noindex/LinguaApp.build/Debug-iphonesimulator/LinguaApp.build/Objects-normal/arm64/LinguaApp-dependencies-1.json -debug-module-path /Users/tuan/Library/Developer/Xcode/DerivedData/LinguaApp-cnzhrpjntxezraexaicvemyehwby/Build/Intermediates.noindex/LinguaApp.build/Debug-iphonesimulator/LinguaApp.build/Objects-normal/arm64/LinguaApp.swiftmodule -Xllvm -aarch64-use-tbi -enable-objc-interop -sdk /Applications/Xcode.app/Contents/Developer/Platforms/iPhoneSimulator.platform/Developer/SDKs/iPhoneSimulator26.4.sdk -I /Users/tuan/Library/Developer/Xcode/DerivedData/LinguaApp-cnzhrpjntxezraexaicvemyehwby/Build/Products/Debug-iphonesimulator -F /Users/tuan/Library/Developer/Xcode/DerivedData/LinguaApp-cnzhrpjntxezraexaicvemyehwby/Build/Products/Debug-iphonesimulator -no-color-diagnostics -Xcc -fno-color-diagnostics -enable-testing -g -debug-info-format\=dwarf -dwarf-version\=4 -module-cache-path /Users/tuan/Library/Developer/Xcode/DerivedData/LinguaApp-cnzhrpjntxezraexaicvemyehwby/Build/Intermediates.noindex/SwiftExplicitPrecompiledModules -swift-version 5 -Onone -D DEBUG -serialize-debugging-options -const-gather-protocols-file /Users/tuan/Library/Developer/Xcode/DerivedData/LinguaApp-cnzhrpjntxezraexaicvemyehwby/Build/Intermediates.noindex/LinguaApp.build/Debug-iphonesimulator/LinguaApp.build/Objects-normal/arm64/LinguaApp_const_extract_protocols.json -enable-experimental-feature DebugDescriptionMacro -enable-bare-slash-regex -empty-abi-descriptor -validate-clang-modules-once -clang-build-session-file /Users/tuan/Library/Developer/Xcode/DerivedData/ModuleCache.noindex/Session.modulevalidation -Xcc -working-directory -Xcc /Users/tuan/Learn/rust/language-app/ios/LinguaApp -enable-anonymous-context-mangled-names -file-compilation-dir /Users/tuan/Learn/rust/language-app/ios/LinguaApp -Xcc -D_LIBCPP_HARDENING_MODE\=_LIBCPP_HARDENING_MODE_DEBUG -Xcc -ivfsstatcache -Xcc /Users/tuan/Library/Developer/Xcode/DerivedData/SDKStatCaches.noindex/iphonesimulator26.4-23E252-686eebb5dc1d8ecb277353a59184f4aa.sdkstatcache -Xcc -I/Users/tuan/Library/Developer/Xcode/DerivedData/LinguaApp-cnzhrpjntxezraexaicvemyehwby/Build/Intermediates.noindex/LinguaApp.build/Debug-iphonesimulator/LinguaApp.build/swift-overrides.hmap -Xcc -iquote -Xcc /Users/tuan/Library/Developer/Xcode/DerivedData/LinguaApp-cnzhrpjntxezraexaicvemyehwby/Build/Intermediates.noindex/LinguaApp.build/Debug-iphonesimulator/LinguaApp.build/LinguaApp-generated-files.hmap -Xcc -I/Users/tuan/Library/Developer/Xcode/DerivedData/LinguaApp-cnzhrpjntxezraexaicvemyehwby/Build/Intermediates.noindex/LinguaApp.build/Debug-iphonesimulator/LinguaApp.build/LinguaApp-own-target-headers.hmap -Xcc -I/Users/tuan/Library/Developer/Xcode/DerivedData/LinguaApp-cnzhrpjntxezraexaicvemyehwby/Build/Intermediates.noindex/LinguaApp.build/Debug-iphonesimulator/LinguaApp.build/LinguaApp-all-target-headers.hmap -Xcc -iquote -Xcc /Users/tuan/Library/Developer/Xcode/DerivedData/LinguaApp-cnzhrpjntxezraexaicvemyehwby/Build/Intermediates.noindex/LinguaApp.build/Debug-iphonesimulator/LinguaApp.build/LinguaApp-project-headers.hmap -Xcc -I/Users/tuan/Library/Developer/Xcode/DerivedData/LinguaApp-cnzhrpjntxezraexaicvemyehwby/Build/Products/Debug-iphonesimulator/include -Xcc -I/Users/tuan/Library/Developer/Xcode/DerivedData/LinguaApp-cnzhrpjntxezraexaicvemyehwby/Build/Intermediates.noindex/LinguaApp.build/Debug-iphonesimulator/LinguaApp.build/DerivedSources-normal/arm64 -Xcc -I/Users/tuan/Library/Developer/Xcode/DerivedData/LinguaApp-cnzhrpjntxezraexaicvemyehwby/Build/Intermediates.noindex/LinguaApp.build/Debug-iphonesimulator/LinguaApp.build/DerivedSources/arm64 -Xcc -I/Users/tuan/Library/Developer/Xcode/DerivedData/LinguaApp-cnzhrpjntxezraexaicvemyehwby/Build/Intermediates.noindex/LinguaApp.build/Debug-iphonesimulator/LinguaApp.build/DerivedSources -Xcc -DDEBUG\=1 -no-auto-bridging-header-chaining -module-name LinguaApp -frontend-parseable-output -disable-clang-spi -clang-target arm64-apple-ios26.4-simulator -target-sdk-version 26.4 -target-sdk-name iphonesimulator26.4 -in-process-plugin-server-path /Applications/Xcode.app/Contents/Developer/Toolchains/XcodeDefault.xctoolchain/usr/lib/swift/host/libSwiftInProcPluginServer.dylib -o /Users/tuan/Library/Developer/Xcode/DerivedData/LinguaApp-cnzhrpjntxezraexaicvemyehwby/Build/Intermediates.noindex/LinguaApp.build/Debug-iphonesimulator/LinguaApp.build/Objects-normal/arm64/VocabTypingView.o -index-unit-output-path /LinguaApp.build/Debug-iphonesimulator/LinguaApp.build/Objects-normal/arm64/VocabTypingView.o -index-store-path /Users/tuan/Library/Developer/Xcode/DerivedData/LinguaApp-cnzhrpjntxezraexaicvemyehwby/Index.noindex/DataStore -index-system-modules

SwiftCompile normal arm64 /Users/tuan/Learn/rust/language-app/ios/LinguaApp/LinguaApp/Views/VocabTypingView.swift (in target 'LinguaApp' from project 'LinguaApp')
    cd /Users/tuan/Learn/rust/language-app/ios/LinguaApp
    
/Users/tuan/Learn/rust/language-app/ios/LinguaApp/LinguaApp/Views/VocabTypingView.swift:222:17: error: cannot find 'dismiss' in scope
                dismiss()
                ^~~~~~~

✅ Build thành công! Đang cài đặt lên Simulator...
com.example.LinguaApp: 17289
🎉 Đã cập nhật app!
🚀 Phát hiện thay đổi, đang build lại...
2026-04-26 11:09:09.744 xcodebuild[17344:281726] [MT] IDERunDestination: Supported platforms for the buildables in the current scheme is empty.
    Signing Identity:     "Sign to Run Locally"
    
    /usr/bin/codesign --force --sign - --timestamp\=none --generate-entitlement-der /Users/tuan/Library/Developer/Xcode/DerivedData/LinguaApp-cnzhrpjntxezraexaicvemyehwby/Build/Products/Debug-iphonesimulator/LinguaApp.app

Validate /Users/tuan/Library/Developer/Xcode/DerivedData/LinguaApp-cnzhrpjntxezraexaicvemyehwby/Build/Products/Debug-iphonesimulator/LinguaApp.app (in target 'LinguaApp' from project 'LinguaApp')
    cd /Users/tuan/Learn/rust/language-app/ios/LinguaApp
    builtin-validationUtility /Users/tuan/Library/Developer/Xcode/DerivedData/LinguaApp-cnzhrpjntxezraexaicvemyehwby/Build/Products/Debug-iphonesimulator/LinguaApp.app -shallow-bundle -infoplist-subpath Info.plist

** BUILD SUCCEEDED **

✅ Build thành công! Đang cài đặt lên Simulator...
com.example.LinguaApp: 17389
🎉 Đã cập nhật app!
🚀 Phát hiện thay đổi, đang build lại...
2026-04-26 11:09:24.675 xcodebuild[17390:282518] [MT] IDERunDestination: Supported platforms for the buildables in the current scheme is empty.
GatherProvisioningInputs

CreateBuildDescription

ClangStatCache /Applications/Xcode.app/Contents/Developer/Toolchains/XcodeDefault.xctoolchain/usr/bin/clang-stat-cache /Applications/Xcode.app/Contents/Developer/Platforms/iPhoneSimulator.platform/Developer/SDKs/iPhoneSimulator26.4.sdk /Users/tuan/Library/Developer/Xcode/DerivedData/SDKStatCaches.noindex/iphonesimulator26.4-23E252-686eebb5dc1d8ecb277353a59184f4aa.sdkstatcache
    cd /Users/tuan/Learn/rust/language-app/ios/LinguaApp/LinguaApp.xcodeproj
    /Applications/Xcode.app/Contents/Developer/Toolchains/XcodeDefault.xctoolchain/usr/bin/clang-stat-cache /Applications/Xcode.app/Contents/Developer/Platforms/iPhoneSimulator.platform/Developer/SDKs/iPhoneSimulator26.4.sdk -o /Users/tuan/Library/Developer/Xcode/DerivedData/SDKStatCaches.noindex/iphonesimulator26.4-23E252-686eebb5dc1d8ecb277353a59184f4aa.sdkstatcache

** BUILD SUCCEEDED **

✅ Build thành công! Đang cài đặt lên Simulator...
com.example.LinguaApp: 17419
🎉 Đã cập nhật app!
🚀 Phát hiện thay đổi, đang build lại...
2026-04-26 11:12:01.751 xcodebuild[17506:285534] [MT] IDERunDestination: Supported platforms for the buildables in the current scheme is empty.
    Signing Identity:     "Sign to Run Locally"
    
    /usr/bin/codesign --force --sign - --timestamp\=none --generate-entitlement-der /Users/tuan/Library/Developer/Xcode/DerivedData/LinguaApp-cnzhrpjntxezraexaicvemyehwby/Build/Products/Debug-iphonesimulator/LinguaApp.app

Validate /Users/tuan/Library/Developer/Xcode/DerivedData/LinguaApp-cnzhrpjntxezraexaicvemyehwby/Build/Products/Debug-iphonesimulator/LinguaApp.app (in target 'LinguaApp' from project 'LinguaApp')
    cd /Users/tuan/Learn/rust/language-app/ios/LinguaApp
    builtin-validationUtility /Users/tuan/Library/Developer/Xcode/DerivedData/LinguaApp-cnzhrpjntxezraexaicvemyehwby/Build/Products/Debug-iphonesimulator/LinguaApp.app -shallow-bundle -infoplist-subpath Info.plist

** BUILD SUCCEEDED **

✅ Build thành công! Đang cài đặt lên Simulator...
com.example.LinguaApp: 17554
🎉 Đã cập nhật app!
🚀 Phát hiện thay đổi, đang build lại...
2026-04-26 11:12:13.442 xcodebuild[17555:286368] [MT] IDERunDestination: Supported platforms for the buildables in the current scheme is empty.
ProcessInfoPlistFile /Users/tuan/Library/Developer/Xcode/DerivedData/LinguaApp-cnzhrpjntxezraexaicvemyehwby/Build/Products/Debug-iphonesimulator/LinguaApp.app/Info.plist /Users/tuan/Learn/rust/language-app/ios/LinguaApp/LinguaApp/Info.plist (in target 'LinguaApp' from project 'LinguaApp')
    cd /Users/tuan/Learn/rust/language-app/ios/LinguaApp
    builtin-infoPlistUtility /Users/tuan/Learn/rust/language-app/ios/LinguaApp/LinguaApp/Info.plist -producttype com.apple.product-type.application -genpkginfo /Users/tuan/Library/Developer/Xcode/DerivedData/LinguaApp-cnzhrpjntxezraexaicvemyehwby/Build/Products/Debug-iphonesimulator/LinguaApp.app/PkgInfo -expandbuildsettings -format binary -platform iphonesimulator -additionalcontentfile /Users/tuan/Library/Developer/Xcode/DerivedData/LinguaApp-cnzhrpjntxezraexaicvemyehwby/Build/Intermediates.noindex/LinguaApp.build/Debug-iphonesimulator/LinguaApp.build/assetcatalog_generated_info.plist -o /Users/tuan/Library/Developer/Xcode/DerivedData/LinguaApp-cnzhrpjntxezraexaicvemyehwby/Build/Products/Debug-iphonesimulator/LinguaApp.app/Info.plist

CopySwiftLibs /Users/tuan/Library/Developer/Xcode/DerivedData/LinguaApp-cnzhrpjntxezraexaicvemyehwby/Build/Products/Debug-iphonesimulator/LinguaApp.app (in target 'LinguaApp' from project 'LinguaApp')
    cd /Users/tuan/Learn/rust/language-app/ios/LinguaApp
    builtin-swiftStdLibTool --copy --verbose --sign - --scan-executable /Users/tuan/Library/Developer/Xcode/DerivedData/LinguaApp-cnzhrpjntxezraexaicvemyehwby/Build/Products/Debug-iphonesimulator/LinguaApp.app/LinguaApp.debug.dylib --scan-folder /Users/tuan/Library/Developer/Xcode/DerivedData/LinguaApp-cnzhrpjntxezraexaicvemyehwby/Build/Products/Debug-iphonesimulator/LinguaApp.app/Frameworks --scan-folder /Users/tuan/Library/Developer/Xcode/DerivedData/LinguaApp-cnzhrpjntxezraexaicvemyehwby/Build/Products/Debug-iphonesimulator/LinguaApp.app/PlugIns --scan-folder /Users/tuan/Library/Developer/Xcode/DerivedData/LinguaApp-cnzhrpjntxezraexaicvemyehwby/Build/Products/Debug-iphonesimulator/LinguaApp.app/SystemExtensions --scan-folder /Users/tuan/Library/Developer/Xcode/DerivedData/LinguaApp-cnzhrpjntxezraexaicvemyehwby/Build/Products/Debug-iphonesimulator/LinguaApp.app/Extensions --platform iphonesimulator --toolchain /Applications/Xcode.app/Contents/Developer/Toolchains/XcodeDefault.xctoolchain --destination /Users/tuan/Library/Developer/Xcode/DerivedData/LinguaApp-cnzhrpjntxezraexaicvemyehwby/Build/Products/Debug-iphonesimulator/LinguaApp.app/Frameworks --strip-bitcode --strip-bitcode-tool /Applications/Xcode.app/Contents/Developer/Toolchains/XcodeDefault.xctoolchain/usr/bin/bitcode_strip --emit-dependency-info /Users/tuan/Library/Developer/Xcode/DerivedData/LinguaApp-cnzhrpjntxezraexaicvemyehwby/Build/Intermediates.noindex/LinguaApp.build/Debug-iphonesimulator/LinguaApp.build/SwiftStdLibToolInputDependencies.dep --filter-for-swift-os

** BUILD SUCCEEDED **

✅ Build thành công! Đang cài đặt lên Simulator...
com.example.LinguaApp: 17584
🎉 Đã cập nhật app!
🚀 Phát hiện thay đổi, đang build lại...
2026-04-26 11:12:56.307 xcodebuild[17604:287729] [MT] IDERunDestination: Supported platforms for the buildables in the current scheme is empty.
    Signing Identity:     "Sign to Run Locally"
    
    /usr/bin/codesign --force --sign - --timestamp\=none --generate-entitlement-der /Users/tuan/Library/Developer/Xcode/DerivedData/LinguaApp-cnzhrpjntxezraexaicvemyehwby/Build/Products/Debug-iphonesimulator/LinguaApp.app

Validate /Users/tuan/Library/Developer/Xcode/DerivedData/LinguaApp-cnzhrpjntxezraexaicvemyehwby/Build/Products/Debug-iphonesimulator/LinguaApp.app (in target 'LinguaApp' from project 'LinguaApp')
    cd /Users/tuan/Learn/rust/language-app/ios/LinguaApp
    builtin-validationUtility /Users/tuan/Library/Developer/Xcode/DerivedData/LinguaApp-cnzhrpjntxezraexaicvemyehwby/Build/Products/Debug-iphonesimulator/LinguaApp.app -shallow-bundle -infoplist-subpath Info.plist

** BUILD SUCCEEDED **

✅ Build thành công! Đang cài đặt lên Simulator...
com.example.LinguaApp: 17640
🎉 Đã cập nhật app!
🚀 Phát hiện thay đổi, đang build lại...
2026-04-26 11:14:20.606 xcodebuild[17677:289986] [MT] IDERunDestination: Supported platforms for the buildables in the current scheme is empty.
    Signing Identity:     "Sign to Run Locally"
    
    /usr/bin/codesign --force --sign - --timestamp\=none --generate-entitlement-der /Users/tuan/Library/Developer/Xcode/DerivedData/LinguaApp-cnzhrpjntxezraexaicvemyehwby/Build/Products/Debug-iphonesimulator/LinguaApp.app

Validate /Users/tuan/Library/Developer/Xcode/DerivedData/LinguaApp-cnzhrpjntxezraexaicvemyehwby/Build/Products/Debug-iphonesimulator/LinguaApp.app (in target 'LinguaApp' from project 'LinguaApp')
    cd /Users/tuan/Learn/rust/language-app/ios/LinguaApp
    builtin-validationUtility /Users/tuan/Library/Developer/Xcode/DerivedData/LinguaApp-cnzhrpjntxezraexaicvemyehwby/Build/Products/Debug-iphonesimulator/LinguaApp.app -shallow-bundle -infoplist-subpath Info.plist

** BUILD SUCCEEDED **

✅ Build thành công! Đang cài đặt lên Simulator...
com.example.LinguaApp: 17724
🎉 Đã cập nhật app!
🚀 Phát hiện thay đổi, đang build lại...
2026-04-26 11:14:32.288 xcodebuild[17725:290825] [MT] IDERunDestination: Supported platforms for the buildables in the current scheme is empty.
    
    /usr/bin/codesign --force --sign - --timestamp\=none --generate-entitlement-der /Users/tuan/Library/Developer/Xcode/DerivedData/LinguaApp-cnzhrpjntxezraexaicvemyehwby/Build/Products/Debug-iphonesimulator/LinguaApp.app
/Users/tuan/Library/Developer/Xcode/DerivedData/LinguaApp-cnzhrpjntxezraexaicvemyehwby/Build/Products/Debug-iphonesimulator/LinguaApp.app: replacing existing signature

Validate /Users/tuan/Library/Developer/Xcode/DerivedData/LinguaApp-cnzhrpjntxezraexaicvemyehwby/Build/Products/Debug-iphonesimulator/LinguaApp.app (in target 'LinguaApp' from project 'LinguaApp')
    cd /Users/tuan/Learn/rust/language-app/ios/LinguaApp
    builtin-validationUtility /Users/tuan/Library/Developer/Xcode/DerivedData/LinguaApp-cnzhrpjntxezraexaicvemyehwby/Build/Products/Debug-iphonesimulator/LinguaApp.app -shallow-bundle -infoplist-subpath Info.plist

** BUILD SUCCEEDED **

✅ Build thành công! Đang cài đặt lên Simulator...
com.example.LinguaApp: 17754
🎉 Đã cập nhật app!
🚀 Phát hiện thay đổi, đang build lại...
2026-04-26 11:16:44.271 xcodebuild[17809:293440] [MT] IDERunDestination: Supported platforms for the buildables in the current scheme is empty.
    Signing Identity:     "Sign to Run Locally"
    
    /usr/bin/codesign --force --sign - --timestamp\=none --generate-entitlement-der /Users/tuan/Library/Developer/Xcode/DerivedData/LinguaApp-cnzhrpjntxezraexaicvemyehwby/Build/Products/Debug-iphonesimulator/LinguaApp.app

Validate /Users/tuan/Library/Developer/Xcode/DerivedData/LinguaApp-cnzhrpjntxezraexaicvemyehwby/Build/Products/Debug-iphonesimulator/LinguaApp.app (in target 'LinguaApp' from project 'LinguaApp')
    cd /Users/tuan/Learn/rust/language-app/ios/LinguaApp
    builtin-validationUtility /Users/tuan/Library/Developer/Xcode/DerivedData/LinguaApp-cnzhrpjntxezraexaicvemyehwby/Build/Products/Debug-iphonesimulator/LinguaApp.app -shallow-bundle -infoplist-subpath Info.plist

** BUILD SUCCEEDED **

✅ Build thành công! Đang cài đặt lên Simulator...
com.example.LinguaApp: 17851
🎉 Đã cập nhật app!
🚀 Phát hiện thay đổi, đang build lại...
2026-04-26 11:19:01.822 xcodebuild[17941:296458] [MT] IDERunDestination: Supported platforms for the buildables in the current scheme is empty.
    Signing Identity:     "Sign to Run Locally"
    
    /usr/bin/codesign --force --sign - --timestamp\=none --generate-entitlement-der /Users/tuan/Library/Developer/Xcode/DerivedData/LinguaApp-cnzhrpjntxezraexaicvemyehwby/Build/Products/Debug-iphonesimulator/LinguaApp.app

Validate /Users/tuan/Library/Developer/Xcode/DerivedData/LinguaApp-cnzhrpjntxezraexaicvemyehwby/Build/Products/Debug-iphonesimulator/LinguaApp.app (in target 'LinguaApp' from project 'LinguaApp')
    cd /Users/tuan/Learn/rust/language-app/ios/LinguaApp
    builtin-validationUtility /Users/tuan/Library/Developer/Xcode/DerivedData/LinguaApp-cnzhrpjntxezraexaicvemyehwby/Build/Products/Debug-iphonesimulator/LinguaApp.app -shallow-bundle -infoplist-subpath Info.plist

** BUILD SUCCEEDED **

✅ Build thành công! Đang cài đặt lên Simulator...
com.example.LinguaApp: 17994
🎉 Đã cập nhật app!
🚀 Phát hiện thay đổi, đang build lại...
2026-04-26 11:19:19.562 xcodebuild[17996:297390] [MT] IDERunDestination: Supported platforms for the buildables in the current scheme is empty.
    Signing Identity:     "Sign to Run Locally"
    
    /usr/bin/codesign --force --sign - --timestamp\=none --generate-entitlement-der /Users/tuan/Library/Developer/Xcode/DerivedData/LinguaApp-cnzhrpjntxezraexaicvemyehwby/Build/Products/Debug-iphonesimulator/LinguaApp.app

Validate /Users/tuan/Library/Developer/Xcode/DerivedData/LinguaApp-cnzhrpjntxezraexaicvemyehwby/Build/Products/Debug-iphonesimulator/LinguaApp.app (in target 'LinguaApp' from project 'LinguaApp')
    cd /Users/tuan/Learn/rust/language-app/ios/LinguaApp
    builtin-validationUtility /Users/tuan/Library/Developer/Xcode/DerivedData/LinguaApp-cnzhrpjntxezraexaicvemyehwby/Build/Products/Debug-iphonesimulator/LinguaApp.app -shallow-bundle -infoplist-subpath Info.plist

** BUILD SUCCEEDED **

✅ Build thành công! Đang cài đặt lên Simulator...
com.example.LinguaApp: 18068
🎉 Đã cập nhật app!
🚀 Phát hiện thay đổi, đang build lại...
2026-04-26 11:19:31.572 xcodebuild[18069:298112] [MT] IDERunDestination: Supported platforms for the buildables in the current scheme is empty.
GatherProvisioningInputs

CreateBuildDescription

ClangStatCache /Applications/Xcode.app/Contents/Developer/Toolchains/XcodeDefault.xctoolchain/usr/bin/clang-stat-cache /Applications/Xcode.app/Contents/Developer/Platforms/iPhoneSimulator.platform/Developer/SDKs/iPhoneSimulator26.4.sdk /Users/tuan/Library/Developer/Xcode/DerivedData/SDKStatCaches.noindex/iphonesimulator26.4-23E252-686eebb5dc1d8ecb277353a59184f4aa.sdkstatcache
    cd /Users/tuan/Learn/rust/language-app/ios/LinguaApp/LinguaApp.xcodeproj
    /Applications/Xcode.app/Contents/Developer/Toolchains/XcodeDefault.xctoolchain/usr/bin/clang-stat-cache /Applications/Xcode.app/Contents/Developer/Platforms/iPhoneSimulator.platform/Developer/SDKs/iPhoneSimulator26.4.sdk -o /Users/tuan/Library/Developer/Xcode/DerivedData/SDKStatCaches.noindex/iphonesimulator26.4-23E252-686eebb5dc1d8ecb277353a59184f4aa.sdkstatcache

** BUILD SUCCEEDED **

✅ Build thành công! Đang cài đặt lên Simulator...
com.example.LinguaApp: 18126
🎉 Đã cập nhật app!
🚀 Phát hiện thay đổi, đang build lại...
2026-04-26 11:19:44.244 xcodebuild[18128:298741] [MT] IDERunDestination: Supported platforms for the buildables in the current scheme is empty.
** BUILD FAILED **


The following build commands failed:
	SwiftCompile normal arm64 /Users/tuan/Learn/rust/language-app/ios/LinguaApp/LinguaApp/Views/LanguageHubView.swift (in target 'LinguaApp' from project 'LinguaApp')
	SwiftCompile normal arm64 Compiling\ LanguageHubView.swift /Users/tuan/Learn/rust/language-app/ios/LinguaApp/LinguaApp/Views/LanguageHubView.swift (in target 'LinguaApp' from project 'LinguaApp')
	Building project LinguaApp with scheme LinguaApp
(3 failures)
SwiftCompile normal arm64 Compiling\ LanguageHubView.swift /Users/tuan/Learn/rust/language-app/ios/LinguaApp/LinguaApp/Views/LanguageHubView.swift (in target 'LinguaApp' from project 'LinguaApp')
SwiftCompile normal arm64 /Users/tuan/Learn/rust/language-app/ios/LinguaApp/LinguaApp/Views/LanguageHubView.swift (in target 'LinguaApp' from project 'LinguaApp')
    cd /Users/tuan/Learn/rust/language-app/ios/LinguaApp
    
/Users/tuan/Learn/rust/language-app/ios/LinguaApp/LinguaApp/Views/LanguageHubView.swift:40:53: error: cannot find 'ReadingPassagesView' in scope
                        NavigationLink(destination: ReadingPassagesView(languageId: languageId, languageCode: languageCode)) {
                                                    ^~~~~~~~~~~~~~~~~~~

Failed frontend command:
/Applications/Xcode.app/Contents/Developer/Toolchains/XcodeDefault.xctoolchain/usr/bin/swift-frontend -frontend -c /Users/tuan/Learn/rust/language-app/ios/LinguaApp/LinguaApp/Services/APIService.swift /Users/tuan/Learn/rust/language-app/ios/LinguaApp/LinguaApp/Theme/AppTheme.swift /Users/tuan/Learn/rust/language-app/ios/LinguaApp/LinguaApp/Services/AudioService.swift /Users/tuan/Learn/rust/language-app/ios/LinguaApp/LinguaApp/Services/AuthService.swift /Users/tuan/Learn/rust/language-app/ios/LinguaApp/LinguaApp/Views/HomeView.swift -primary-file /Users/tuan/Learn/rust/language-app/ios/LinguaApp/LinguaApp/Views/LanguageHubView.swift /Users/tuan/Learn/rust/language-app/ios/LinguaApp/LinguaApp/Views/LanguagesView.swift /Users/tuan/Learn/rust/language-app/ios/LinguaApp/LinguaApp/LinguaApp.swift /Users/tuan/Learn/rust/language-app/ios/LinguaApp/LinguaApp/Services/LocalizationService.swift /Users/tuan/Learn/rust/language-app/ios/LinguaApp/LinguaApp/Views/LoginView.swift /Users/tuan/Learn/rust/language-app/ios/LinguaApp/LinguaApp/Models.swift /Users/tuan/Learn/rust/language-app/ios/LinguaApp/LinguaApp/Views/RegisterView.swift /Users/tuan/Learn/rust/language-app/ios/LinguaApp/LinguaApp/Views/SettingsView.swift /Users/tuan/Learn/rust/language-app/ios/LinguaApp/LinguaApp/Views/StoriesView.swift /Users/tuan/Learn/rust/language-app/ios/LinguaApp/LinguaApp/Views/StoryReaderView.swift /Users/tuan/Learn/rust/language-app/ios/LinguaApp/LinguaApp/Views/StoryTypingView.swift /Users/tuan/Learn/rust/language-app/ios/LinguaApp/LinguaApp/Views/VocabLessonsView.swift /Users/tuan/Learn/rust/language-app/ios/LinguaApp/LinguaApp/Views/VocabTypingView.swift /Users/tuan/Library/Developer/Xcode/DerivedData/LinguaApp-cnzhrpjntxezraexaicvemyehwby/Build/Intermediates.noindex/LinguaApp.build/Debug-iphonesimulator/LinguaApp.build/DerivedSources/GeneratedAssetSymbols.swift -emit-dependencies-path /Users/tuan/Library/Developer/Xcode/DerivedData/LinguaApp-cnzhrpjntxezraexaicvemyehwby/Build/Intermediates.noindex/LinguaApp.build/Debug-iphonesimulator/LinguaApp.build/Objects-normal/arm64/LanguageHubView.d -emit-const-values-path /Users/tuan/Library/Developer/Xcode/DerivedData/LinguaApp-cnzhrpjntxezraexaicvemyehwby/Build/Intermediates.noindex/LinguaApp.build/Debug-iphonesimulator/LinguaApp.build/Objects-normal/arm64/LanguageHubView.swiftconstvalues -emit-reference-dependencies-path /Users/tuan/Library/Developer/Xcode/DerivedData/LinguaApp-cnzhrpjntxezraexaicvemyehwby/Build/Intermediates.noindex/LinguaApp.build/Debug-iphonesimulator/LinguaApp.build/Objects-normal/arm64/LanguageHubView.swiftdeps -serialize-diagnostics-path /Users/tuan/Library/Developer/Xcode/DerivedData/LinguaApp-cnzhrpjntxezraexaicvemyehwby/Build/Intermediates.noindex/LinguaApp.build/Debug-iphonesimulator/LinguaApp.build/Objects-normal/arm64/LanguageHubView.dia -target arm64-apple-ios17.0-simulator -module-can-import-version DeveloperToolsSupport 23.40.26 23.40.26 -load-resolved-plugin /Applications/Xcode.app/Contents/Developer/Platforms/iPhoneOS.platform/Developer/usr/lib/swift/host/plugins/libFoundationMacros.dylib\#/Applications/Xcode.app/Contents/Developer/Platforms/iPhoneOS.platform/Developer/usr/bin/swift-plugin-server\#FoundationMacros -load-resolved-plugin /Applications/Xcode.app/Contents/Developer/Platforms/iPhoneOS.platform/Developer/usr/lib/swift/host/plugins/libObservationMacros.dylib\#/Applications/Xcode.app/Contents/Developer/Platforms/iPhoneOS.platform/Developer/usr/bin/swift-plugin-server\#ObservationMacros -load-resolved-plugin /Applications/Xcode.app/Contents/Developer/Platforms/iPhoneOS.platform/Developer/usr/lib/swift/host/plugins/libPreviewsMacros.dylib\#/Applications/Xcode.app/Contents/Developer/Platforms/iPhoneOS.platform/Developer/usr/bin/swift-plugin-server\#PreviewsMacros -load-resolved-plugin /Applications/Xcode.app/Contents/Developer/Platforms/iPhoneOS.platform/Developer/usr/lib/swift/host/plugins/libSwiftMacros.dylib\#/Applications/Xcode.app/Contents/Developer/Platforms/iPhoneOS.platform/Developer/usr/bin/swift-plugin-server\#SwiftMacros -load-resolved-plugin /Applications/Xcode.app/Contents/Developer/Platforms/iPhoneOS.platform/Developer/usr/lib/swift/host/plugins/libSwiftUIMacros.dylib\#/Applications/Xcode.app/Contents/Developer/Platforms/iPhoneOS.platform/Developer/usr/bin/swift-plugin-server\#SwiftUIMacros -disable-implicit-swift-modules -Xcc -fno-implicit-modules -Xcc -fno-implicit-module-maps -explicit-swift-module-map-file /Users/tuan/Library/Developer/Xcode/DerivedData/LinguaApp-cnzhrpjntxezraexaicvemyehwby/Build/Intermediates.noindex/LinguaApp.build/Debug-iphonesimulator/LinguaApp.build/Objects-normal/arm64/LinguaApp-dependencies-1.json -debug-module-path /Users/tuan/Library/Developer/Xcode/DerivedData/LinguaApp-cnzhrpjntxezraexaicvemyehwby/Build/Intermediates.noindex/LinguaApp.build/Debug-iphonesimulator/LinguaApp.build/Objects-normal/arm64/LinguaApp.swiftmodule -Xllvm -aarch64-use-tbi -enable-objc-interop -sdk /Applications/Xcode.app/Contents/Developer/Platforms/iPhoneSimulator.platform/Developer/SDKs/iPhoneSimulator26.4.sdk -I /Users/tuan/Library/Developer/Xcode/DerivedData/LinguaApp-cnzhrpjntxezraexaicvemyehwby/Build/Products/Debug-iphonesimulator -F /Users/tuan/Library/Developer/Xcode/DerivedData/LinguaApp-cnzhrpjntxezraexaicvemyehwby/Build/Products/Debug-iphonesimulator -no-color-diagnostics -Xcc -fno-color-diagnostics -enable-testing -g -debug-info-format\=dwarf -dwarf-version\=4 -module-cache-path /Users/tuan/Library/Developer/Xcode/DerivedData/LinguaApp-cnzhrpjntxezraexaicvemyehwby/Build/Intermediates.noindex/SwiftExplicitPrecompiledModules -swift-version 5 -Onone -D DEBUG -serialize-debugging-options -const-gather-protocols-file /Users/tuan/Library/Developer/Xcode/DerivedData/LinguaApp-cnzhrpjntxezraexaicvemyehwby/Build/Intermediates.noindex/LinguaApp.build/Debug-iphonesimulator/LinguaApp.build/Objects-normal/arm64/LinguaApp_const_extract_protocols.json -enable-experimental-feature DebugDescriptionMacro -enable-bare-slash-regex -empty-abi-descriptor -validate-clang-modules-once -clang-build-session-file /Users/tuan/Library/Developer/Xcode/DerivedData/ModuleCache.noindex/Session.modulevalidation -Xcc -working-directory -Xcc /Users/tuan/Learn/rust/language-app/ios/LinguaApp -enable-anonymous-context-mangled-names -file-compilation-dir /Users/tuan/Learn/rust/language-app/ios/LinguaApp -Xcc -D_LIBCPP_HARDENING_MODE\=_LIBCPP_HARDENING_MODE_DEBUG -Xcc -ivfsstatcache -Xcc /Users/tuan/Library/Developer/Xcode/DerivedData/SDKStatCaches.noindex/iphonesimulator26.4-23E252-686eebb5dc1d8ecb277353a59184f4aa.sdkstatcache -Xcc -I/Users/tuan/Library/Developer/Xcode/DerivedData/LinguaApp-cnzhrpjntxezraexaicvemyehwby/Build/Intermediates.noindex/LinguaApp.build/Debug-iphonesimulator/LinguaApp.build/swift-overrides.hmap -Xcc -iquote -Xcc /Users/tuan/Library/Developer/Xcode/DerivedData/LinguaApp-cnzhrpjntxezraexaicvemyehwby/Build/Intermediates.noindex/LinguaApp.build/Debug-iphonesimulator/LinguaApp.build/LinguaApp-generated-files.hmap -Xcc -I/Users/tuan/Library/Developer/Xcode/DerivedData/LinguaApp-cnzhrpjntxezraexaicvemyehwby/Build/Intermediates.noindex/LinguaApp.build/Debug-iphonesimulator/LinguaApp.build/LinguaApp-own-target-headers.hmap -Xcc -I/Users/tuan/Library/Developer/Xcode/DerivedData/LinguaApp-cnzhrpjntxezraexaicvemyehwby/Build/Intermediates.noindex/LinguaApp.build/Debug-iphonesimulator/LinguaApp.build/LinguaApp-all-target-headers.hmap -Xcc -iquote -Xcc /Users/tuan/Library/Developer/Xcode/DerivedData/LinguaApp-cnzhrpjntxezraexaicvemyehwby/Build/Intermediates.noindex/LinguaApp.build/Debug-iphonesimulator/LinguaApp.build/LinguaApp-project-headers.hmap -Xcc -I/Users/tuan/Library/Developer/Xcode/DerivedData/LinguaApp-cnzhrpjntxezraexaicvemyehwby/Build/Products/Debug-iphonesimulator/include -Xcc -I/Users/tuan/Library/Developer/Xcode/DerivedData/LinguaApp-cnzhrpjntxezraexaicvemyehwby/Build/Intermediates.noindex/LinguaApp.build/Debug-iphonesimulator/LinguaApp.build/DerivedSources-normal/arm64 -Xcc -I/Users/tuan/Library/Developer/Xcode/DerivedData/LinguaApp-cnzhrpjntxezraexaicvemyehwby/Build/Intermediates.noindex/LinguaApp.build/Debug-iphonesimulator/LinguaApp.build/DerivedSources/arm64 -Xcc -I/Users/tuan/Library/Developer/Xcode/DerivedData/LinguaApp-cnzhrpjntxezraexaicvemyehwby/Build/Intermediates.noindex/LinguaApp.build/Debug-iphonesimulator/LinguaApp.build/DerivedSources -Xcc -DDEBUG\=1 -no-auto-bridging-header-chaining -module-name LinguaApp -frontend-parseable-output -disable-clang-spi -clang-target arm64-apple-ios26.4-simulator -target-sdk-version 26.4 -target-sdk-name iphonesimulator26.4 -in-process-plugin-server-path /Applications/Xcode.app/Contents/Developer/Toolchains/XcodeDefault.xctoolchain/usr/lib/swift/host/libSwiftInProcPluginServer.dylib -o /Users/tuan/Library/Developer/Xcode/DerivedData/LinguaApp-cnzhrpjntxezraexaicvemyehwby/Build/Intermediates.noindex/LinguaApp.build/Debug-iphonesimulator/LinguaApp.build/Objects-normal/arm64/LanguageHubView.o -index-unit-output-path /LinguaApp.build/Debug-iphonesimulator/LinguaApp.build/Objects-normal/arm64/LanguageHubView.o -index-store-path /Users/tuan/Library/Developer/Xcode/DerivedData/LinguaApp-cnzhrpjntxezraexaicvemyehwby/Index.noindex/DataStore -index-system-modules
✅ Build thành công! Đang cài đặt lên Simulator...
com.example.LinguaApp: 18165
🎉 Đã cập nhật app!
🚀 Phát hiện thay đổi, đang build lại...
2026-04-26 11:19:55.170 xcodebuild[18166:299427] [MT] IDERunDestination: Supported platforms for the buildables in the current scheme is empty.
** BUILD FAILED **


The following build commands failed:
	SwiftCompile normal arm64 /Users/tuan/Learn/rust/language-app/ios/LinguaApp/LinguaApp/Views/LanguageHubView.swift (in target 'LinguaApp' from project 'LinguaApp')
	SwiftCompile normal arm64 Compiling\ LanguageHubView.swift /Users/tuan/Learn/rust/language-app/ios/LinguaApp/LinguaApp/Views/LanguageHubView.swift (in target 'LinguaApp' from project 'LinguaApp')
	Building project LinguaApp with scheme LinguaApp
(3 failures)
SwiftCompile normal arm64 Compiling\ LanguageHubView.swift /Users/tuan/Learn/rust/language-app/ios/LinguaApp/LinguaApp/Views/LanguageHubView.swift (in target 'LinguaApp' from project 'LinguaApp')
SwiftCompile normal arm64 /Users/tuan/Learn/rust/language-app/ios/LinguaApp/LinguaApp/Views/LanguageHubView.swift (in target 'LinguaApp' from project 'LinguaApp')
    cd /Users/tuan/Learn/rust/language-app/ios/LinguaApp
    
/Users/tuan/Learn/rust/language-app/ios/LinguaApp/LinguaApp/Views/LanguageHubView.swift:40:53: error: cannot find 'ReadingPassagesView' in scope
                        NavigationLink(destination: ReadingPassagesView(languageId: languageId, languageCode: languageCode)) {
                                                    ^~~~~~~~~~~~~~~~~~~

Failed frontend command:
/Applications/Xcode.app/Contents/Developer/Toolchains/XcodeDefault.xctoolchain/usr/bin/swift-frontend -frontend -c /Users/tuan/Learn/rust/language-app/ios/LinguaApp/LinguaApp/Services/APIService.swift /Users/tuan/Learn/rust/language-app/ios/LinguaApp/LinguaApp/Theme/AppTheme.swift /Users/tuan/Learn/rust/language-app/ios/LinguaApp/LinguaApp/Services/AudioService.swift /Users/tuan/Learn/rust/language-app/ios/LinguaApp/LinguaApp/Services/AuthService.swift /Users/tuan/Learn/rust/language-app/ios/LinguaApp/LinguaApp/Views/HomeView.swift -primary-file /Users/tuan/Learn/rust/language-app/ios/LinguaApp/LinguaApp/Views/LanguageHubView.swift /Users/tuan/Learn/rust/language-app/ios/LinguaApp/LinguaApp/Views/LanguagesView.swift /Users/tuan/Learn/rust/language-app/ios/LinguaApp/LinguaApp/LinguaApp.swift /Users/tuan/Learn/rust/language-app/ios/LinguaApp/LinguaApp/Services/LocalizationService.swift /Users/tuan/Learn/rust/language-app/ios/LinguaApp/LinguaApp/Views/LoginView.swift /Users/tuan/Learn/rust/language-app/ios/LinguaApp/LinguaApp/Models.swift /Users/tuan/Learn/rust/language-app/ios/LinguaApp/LinguaApp/Views/RegisterView.swift /Users/tuan/Learn/rust/language-app/ios/LinguaApp/LinguaApp/Views/SettingsView.swift /Users/tuan/Learn/rust/language-app/ios/LinguaApp/LinguaApp/Views/StoriesView.swift /Users/tuan/Learn/rust/language-app/ios/LinguaApp/LinguaApp/Views/StoryReaderView.swift /Users/tuan/Learn/rust/language-app/ios/LinguaApp/LinguaApp/Views/StoryTypingView.swift /Users/tuan/Learn/rust/language-app/ios/LinguaApp/LinguaApp/Views/VocabLessonsView.swift /Users/tuan/Learn/rust/language-app/ios/LinguaApp/LinguaApp/Views/VocabTypingView.swift /Users/tuan/Library/Developer/Xcode/DerivedData/LinguaApp-cnzhrpjntxezraexaicvemyehwby/Build/Intermediates.noindex/LinguaApp.build/Debug-iphonesimulator/LinguaApp.build/DerivedSources/GeneratedAssetSymbols.swift -emit-dependencies-path /Users/tuan/Library/Developer/Xcode/DerivedData/LinguaApp-cnzhrpjntxezraexaicvemyehwby/Build/Intermediates.noindex/LinguaApp.build/Debug-iphonesimulator/LinguaApp.build/Objects-normal/arm64/LanguageHubView.d -emit-const-values-path /Users/tuan/Library/Developer/Xcode/DerivedData/LinguaApp-cnzhrpjntxezraexaicvemyehwby/Build/Intermediates.noindex/LinguaApp.build/Debug-iphonesimulator/LinguaApp.build/Objects-normal/arm64/LanguageHubView.swiftconstvalues -emit-reference-dependencies-path /Users/tuan/Library/Developer/Xcode/DerivedData/LinguaApp-cnzhrpjntxezraexaicvemyehwby/Build/Intermediates.noindex/LinguaApp.build/Debug-iphonesimulator/LinguaApp.build/Objects-normal/arm64/LanguageHubView.swiftdeps -serialize-diagnostics-path /Users/tuan/Library/Developer/Xcode/DerivedData/LinguaApp-cnzhrpjntxezraexaicvemyehwby/Build/Intermediates.noindex/LinguaApp.build/Debug-iphonesimulator/LinguaApp.build/Objects-normal/arm64/LanguageHubView.dia -target arm64-apple-ios17.0-simulator -module-can-import-version DeveloperToolsSupport 23.40.26 23.40.26 -load-resolved-plugin /Applications/Xcode.app/Contents/Developer/Platforms/iPhoneOS.platform/Developer/usr/lib/swift/host/plugins/libFoundationMacros.dylib\#/Applications/Xcode.app/Contents/Developer/Platforms/iPhoneOS.platform/Developer/usr/bin/swift-plugin-server\#FoundationMacros -load-resolved-plugin /Applications/Xcode.app/Contents/Developer/Platforms/iPhoneOS.platform/Developer/usr/lib/swift/host/plugins/libObservationMacros.dylib\#/Applications/Xcode.app/Contents/Developer/Platforms/iPhoneOS.platform/Developer/usr/bin/swift-plugin-server\#ObservationMacros -load-resolved-plugin /Applications/Xcode.app/Contents/Developer/Platforms/iPhoneOS.platform/Developer/usr/lib/swift/host/plugins/libPreviewsMacros.dylib\#/Applications/Xcode.app/Contents/Developer/Platforms/iPhoneOS.platform/Developer/usr/bin/swift-plugin-server\#PreviewsMacros -load-resolved-plugin /Applications/Xcode.app/Contents/Developer/Platforms/iPhoneOS.platform/Developer/usr/lib/swift/host/plugins/libSwiftMacros.dylib\#/Applications/Xcode.app/Contents/Developer/Platforms/iPhoneOS.platform/Developer/usr/bin/swift-plugin-server\#SwiftMacros -load-resolved-plugin /Applications/Xcode.app/Contents/Developer/Platforms/iPhoneOS.platform/Developer/usr/lib/swift/host/plugins/libSwiftUIMacros.dylib\#/Applications/Xcode.app/Contents/Developer/Platforms/iPhoneOS.platform/Developer/usr/bin/swift-plugin-server\#SwiftUIMacros -disable-implicit-swift-modules -Xcc -fno-implicit-modules -Xcc -fno-implicit-module-maps -explicit-swift-module-map-file /Users/tuan/Library/Developer/Xcode/DerivedData/LinguaApp-cnzhrpjntxezraexaicvemyehwby/Build/Intermediates.noindex/LinguaApp.build/Debug-iphonesimulator/LinguaApp.build/Objects-normal/arm64/LinguaApp-dependencies-1.json -debug-module-path /Users/tuan/Library/Developer/Xcode/DerivedData/LinguaApp-cnzhrpjntxezraexaicvemyehwby/Build/Intermediates.noindex/LinguaApp.build/Debug-iphonesimulator/LinguaApp.build/Objects-normal/arm64/LinguaApp.swiftmodule -Xllvm -aarch64-use-tbi -enable-objc-interop -sdk /Applications/Xcode.app/Contents/Developer/Platforms/iPhoneSimulator.platform/Developer/SDKs/iPhoneSimulator26.4.sdk -I /Users/tuan/Library/Developer/Xcode/DerivedData/LinguaApp-cnzhrpjntxezraexaicvemyehwby/Build/Products/Debug-iphonesimulator -F /Users/tuan/Library/Developer/Xcode/DerivedData/LinguaApp-cnzhrpjntxezraexaicvemyehwby/Build/Products/Debug-iphonesimulator -no-color-diagnostics -Xcc -fno-color-diagnostics -enable-testing -g -debug-info-format\=dwarf -dwarf-version\=4 -module-cache-path /Users/tuan/Library/Developer/Xcode/DerivedData/LinguaApp-cnzhrpjntxezraexaicvemyehwby/Build/Intermediates.noindex/SwiftExplicitPrecompiledModules -swift-version 5 -Onone -D DEBUG -serialize-debugging-options -const-gather-protocols-file /Users/tuan/Library/Developer/Xcode/DerivedData/LinguaApp-cnzhrpjntxezraexaicvemyehwby/Build/Intermediates.noindex/LinguaApp.build/Debug-iphonesimulator/LinguaApp.build/Objects-normal/arm64/LinguaApp_const_extract_protocols.json -enable-experimental-feature DebugDescriptionMacro -enable-bare-slash-regex -empty-abi-descriptor -validate-clang-modules-once -clang-build-session-file /Users/tuan/Library/Developer/Xcode/DerivedData/ModuleCache.noindex/Session.modulevalidation -Xcc -working-directory -Xcc /Users/tuan/Learn/rust/language-app/ios/LinguaApp -enable-anonymous-context-mangled-names -file-compilation-dir /Users/tuan/Learn/rust/language-app/ios/LinguaApp -Xcc -D_LIBCPP_HARDENING_MODE\=_LIBCPP_HARDENING_MODE_DEBUG -Xcc -ivfsstatcache -Xcc /Users/tuan/Library/Developer/Xcode/DerivedData/SDKStatCaches.noindex/iphonesimulator26.4-23E252-686eebb5dc1d8ecb277353a59184f4aa.sdkstatcache -Xcc -I/Users/tuan/Library/Developer/Xcode/DerivedData/LinguaApp-cnzhrpjntxezraexaicvemyehwby/Build/Intermediates.noindex/LinguaApp.build/Debug-iphonesimulator/LinguaApp.build/swift-overrides.hmap -Xcc -iquote -Xcc /Users/tuan/Library/Developer/Xcode/DerivedData/LinguaApp-cnzhrpjntxezraexaicvemyehwby/Build/Intermediates.noindex/LinguaApp.build/Debug-iphonesimulator/LinguaApp.build/LinguaApp-generated-files.hmap -Xcc -I/Users/tuan/Library/Developer/Xcode/DerivedData/LinguaApp-cnzhrpjntxezraexaicvemyehwby/Build/Intermediates.noindex/LinguaApp.build/Debug-iphonesimulator/LinguaApp.build/LinguaApp-own-target-headers.hmap -Xcc -I/Users/tuan/Library/Developer/Xcode/DerivedData/LinguaApp-cnzhrpjntxezraexaicvemyehwby/Build/Intermediates.noindex/LinguaApp.build/Debug-iphonesimulator/LinguaApp.build/LinguaApp-all-target-headers.hmap -Xcc -iquote -Xcc /Users/tuan/Library/Developer/Xcode/DerivedData/LinguaApp-cnzhrpjntxezraexaicvemyehwby/Build/Intermediates.noindex/LinguaApp.build/Debug-iphonesimulator/LinguaApp.build/LinguaApp-project-headers.hmap -Xcc -I/Users/tuan/Library/Developer/Xcode/DerivedData/LinguaApp-cnzhrpjntxezraexaicvemyehwby/Build/Products/Debug-iphonesimulator/include -Xcc -I/Users/tuan/Library/Developer/Xcode/DerivedData/LinguaApp-cnzhrpjntxezraexaicvemyehwby/Build/Intermediates.noindex/LinguaApp.build/Debug-iphonesimulator/LinguaApp.build/DerivedSources-normal/arm64 -Xcc -I/Users/tuan/Library/Developer/Xcode/DerivedData/LinguaApp-cnzhrpjntxezraexaicvemyehwby/Build/Intermediates.noindex/LinguaApp.build/Debug-iphonesimulator/LinguaApp.build/DerivedSources/arm64 -Xcc -I/Users/tuan/Library/Developer/Xcode/DerivedData/LinguaApp-cnzhrpjntxezraexaicvemyehwby/Build/Intermediates.noindex/LinguaApp.build/Debug-iphonesimulator/LinguaApp.build/DerivedSources -Xcc -DDEBUG\=1 -no-auto-bridging-header-chaining -module-name LinguaApp -frontend-parseable-output -disable-clang-spi -clang-target arm64-apple-ios26.4-simulator -target-sdk-version 26.4 -target-sdk-name iphonesimulator26.4 -in-process-plugin-server-path /Applications/Xcode.app/Contents/Developer/Toolchains/XcodeDefault.xctoolchain/usr/lib/swift/host/libSwiftInProcPluginServer.dylib -o /Users/tuan/Library/Developer/Xcode/DerivedData/LinguaApp-cnzhrpjntxezraexaicvemyehwby/Build/Intermediates.noindex/LinguaApp.build/Debug-iphonesimulator/LinguaApp.build/Objects-normal/arm64/LanguageHubView.o -index-unit-output-path /LinguaApp.build/Debug-iphonesimulator/LinguaApp.build/Objects-normal/arm64/LanguageHubView.o -index-store-path /Users/tuan/Library/Developer/Xcode/DerivedData/LinguaApp-cnzhrpjntxezraexaicvemyehwby/Index.noindex/DataStore -index-system-modules
✅ Build thành công! Đang cài đặt lên Simulator...
com.example.LinguaApp: 18198
🎉 Đã cập nhật app!
🚀 Phát hiện thay đổi, đang build lại...
2026-04-26 11:21:10.362 xcodebuild[18278:301527] [MT] IDERunDestination: Supported platforms for the buildables in the current scheme is empty.
** BUILD FAILED **


The following build commands failed:
	SwiftCompile normal arm64 Compiling\ LanguageHubView.swift /Users/tuan/Learn/rust/language-app/ios/LinguaApp/LinguaApp/Views/LanguageHubView.swift (in target 'LinguaApp' from project 'LinguaApp')
	SwiftCompile normal arm64 /Users/tuan/Learn/rust/language-app/ios/LinguaApp/LinguaApp/Views/LanguageHubView.swift (in target 'LinguaApp' from project 'LinguaApp')
	Building project LinguaApp with scheme LinguaApp
(3 failures)
/Users/tuan/Learn/rust/language-app/ios/LinguaApp/LinguaApp/Views/LanguageHubView.swift:135:53: error: cannot find type 'View' in scope
    func letterSpacing(_ tracking: CGFloat) -> some View {
                                                    ^~~~
/Users/tuan/Learn/rust/language-app/ios/LinguaApp/LinguaApp/Views/LanguageHubView.swift:135:48: error: 'some' types are only permitted in properties, subscripts, and functions
    func letterSpacing(_ tracking: CGFloat) -> some View {
                                               ^
/Users/tuan/Learn/rust/language-app/ios/LinguaApp/LinguaApp/Views/LanguageHubView.swift:135:36: error: cannot find type 'CGFloat' in scope
    func letterSpacing(_ tracking: CGFloat) -> some View {
                                   ^~~~~~~

✅ Build thành công! Đang cài đặt lên Simulator...
com.example.LinguaApp: 18306
🎉 Đã cập nhật app!
🚀 Phát hiện thay đổi, đang build lại...
2026-04-26 11:21:20.662 xcodebuild[18307:302151] [MT] IDERunDestination: Supported platforms for the buildables in the current scheme is empty.
** BUILD FAILED **


The following build commands failed:
	SwiftCompile normal arm64 /Users/tuan/Learn/rust/language-app/ios/LinguaApp/LinguaApp/Views/LanguageHubView.swift (in target 'LinguaApp' from project 'LinguaApp')
	SwiftCompile normal arm64 Compiling\ LanguageHubView.swift /Users/tuan/Learn/rust/language-app/ios/LinguaApp/LinguaApp/Views/LanguageHubView.swift (in target 'LinguaApp' from project 'LinguaApp')
	Building project LinguaApp with scheme LinguaApp
(3 failures)
SwiftCompile normal arm64 Compiling\ LanguageHubView.swift /Users/tuan/Learn/rust/language-app/ios/LinguaApp/LinguaApp/Views/LanguageHubView.swift (in target 'LinguaApp' from project 'LinguaApp')
SwiftCompile normal arm64 /Users/tuan/Learn/rust/language-app/ios/LinguaApp/LinguaApp/Views/LanguageHubView.swift (in target 'LinguaApp' from project 'LinguaApp')
    cd /Users/tuan/Learn/rust/language-app/ios/LinguaApp
    
/Users/tuan/Learn/rust/language-app/ios/LinguaApp/LinguaApp/Views/LanguageHubView.swift:295:47: error: type 'ShapeStyle' has no member 'appAccent'
                            .foregroundStyle(.appAccent)
                                             ~^~~~~~~~~

Failed frontend command:
/Applications/Xcode.app/Contents/Developer/Toolchains/XcodeDefault.xctoolchain/usr/bin/swift-frontend -frontend -c /Users/tuan/Learn/rust/language-app/ios/LinguaApp/LinguaApp/Services/APIService.swift /Users/tuan/Learn/rust/language-app/ios/LinguaApp/LinguaApp/Theme/AppTheme.swift /Users/tuan/Learn/rust/language-app/ios/LinguaApp/LinguaApp/Services/AudioService.swift /Users/tuan/Learn/rust/language-app/ios/LinguaApp/LinguaApp/Services/AuthService.swift /Users/tuan/Learn/rust/language-app/ios/LinguaApp/LinguaApp/Views/HomeView.swift -primary-file /Users/tuan/Learn/rust/language-app/ios/LinguaApp/LinguaApp/Views/LanguageHubView.swift /Users/tuan/Learn/rust/language-app/ios/LinguaApp/LinguaApp/Views/LanguagesView.swift /Users/tuan/Learn/rust/language-app/ios/LinguaApp/LinguaApp/LinguaApp.swift /Users/tuan/Learn/rust/language-app/ios/LinguaApp/LinguaApp/Services/LocalizationService.swift /Users/tuan/Learn/rust/language-app/ios/LinguaApp/LinguaApp/Views/LoginView.swift /Users/tuan/Learn/rust/language-app/ios/LinguaApp/LinguaApp/Models.swift /Users/tuan/Learn/rust/language-app/ios/LinguaApp/LinguaApp/Views/RegisterView.swift /Users/tuan/Learn/rust/language-app/ios/LinguaApp/LinguaApp/Views/SettingsView.swift /Users/tuan/Learn/rust/language-app/ios/LinguaApp/LinguaApp/Views/StoriesView.swift /Users/tuan/Learn/rust/language-app/ios/LinguaApp/LinguaApp/Views/StoryReaderView.swift /Users/tuan/Learn/rust/language-app/ios/LinguaApp/LinguaApp/Views/StoryTypingView.swift /Users/tuan/Learn/rust/language-app/ios/LinguaApp/LinguaApp/Views/VocabLessonsView.swift /Users/tuan/Learn/rust/language-app/ios/LinguaApp/LinguaApp/Views/VocabTypingView.swift /Users/tuan/Library/Developer/Xcode/DerivedData/LinguaApp-cnzhrpjntxezraexaicvemyehwby/Build/Intermediates.noindex/LinguaApp.build/Debug-iphonesimulator/LinguaApp.build/DerivedSources/GeneratedAssetSymbols.swift -emit-dependencies-path /Users/tuan/Library/Developer/Xcode/DerivedData/LinguaApp-cnzhrpjntxezraexaicvemyehwby/Build/Intermediates.noindex/LinguaApp.build/Debug-iphonesimulator/LinguaApp.build/Objects-normal/arm64/LanguageHubView.d -emit-const-values-path /Users/tuan/Library/Developer/Xcode/DerivedData/LinguaApp-cnzhrpjntxezraexaicvemyehwby/Build/Intermediates.noindex/LinguaApp.build/Debug-iphonesimulator/LinguaApp.build/Objects-normal/arm64/LanguageHubView.swiftconstvalues -emit-reference-dependencies-path /Users/tuan/Library/Developer/Xcode/DerivedData/LinguaApp-cnzhrpjntxezraexaicvemyehwby/Build/Intermediates.noindex/LinguaApp.build/Debug-iphonesimulator/LinguaApp.build/Objects-normal/arm64/LanguageHubView.swiftdeps -serialize-diagnostics-path /Users/tuan/Library/Developer/Xcode/DerivedData/LinguaApp-cnzhrpjntxezraexaicvemyehwby/Build/Intermediates.noindex/LinguaApp.build/Debug-iphonesimulator/LinguaApp.build/Objects-normal/arm64/LanguageHubView.dia -target arm64-apple-ios17.0-simulator -module-can-import-version DeveloperToolsSupport 23.40.26 23.40.26 -load-resolved-plugin /Applications/Xcode.app/Contents/Developer/Platforms/iPhoneOS.platform/Developer/usr/lib/swift/host/plugins/libFoundationMacros.dylib\#/Applications/Xcode.app/Contents/Developer/Platforms/iPhoneOS.platform/Developer/usr/bin/swift-plugin-server\#FoundationMacros -load-resolved-plugin /Applications/Xcode.app/Contents/Developer/Platforms/iPhoneOS.platform/Developer/usr/lib/swift/host/plugins/libObservationMacros.dylib\#/Applications/Xcode.app/Contents/Developer/Platforms/iPhoneOS.platform/Developer/usr/bin/swift-plugin-server\#ObservationMacros -load-resolved-plugin /Applications/Xcode.app/Contents/Developer/Platforms/iPhoneOS.platform/Developer/usr/lib/swift/host/plugins/libPreviewsMacros.dylib\#/Applications/Xcode.app/Contents/Developer/Platforms/iPhoneOS.platform/Developer/usr/bin/swift-plugin-server\#PreviewsMacros -load-resolved-plugin /Applications/Xcode.app/Contents/Developer/Platforms/iPhoneOS.platform/Developer/usr/lib/swift/host/plugins/libSwiftMacros.dylib\#/Applications/Xcode.app/Contents/Developer/Platforms/iPhoneOS.platform/Developer/usr/bin/swift-plugin-server\#SwiftMacros -load-resolved-plugin /Applications/Xcode.app/Contents/Developer/Platforms/iPhoneOS.platform/Developer/usr/lib/swift/host/plugins/libSwiftUIMacros.dylib\#/Applications/Xcode.app/Contents/Developer/Platforms/iPhoneOS.platform/Developer/usr/bin/swift-plugin-server\#SwiftUIMacros -disable-implicit-swift-modules -Xcc -fno-implicit-modules -Xcc -fno-implicit-module-maps -explicit-swift-module-map-file /Users/tuan/Library/Developer/Xcode/DerivedData/LinguaApp-cnzhrpjntxezraexaicvemyehwby/Build/Intermediates.noindex/LinguaApp.build/Debug-iphonesimulator/LinguaApp.build/Objects-normal/arm64/LinguaApp-dependencies-1.json -debug-module-path /Users/tuan/Library/Developer/Xcode/DerivedData/LinguaApp-cnzhrpjntxezraexaicvemyehwby/Build/Intermediates.noindex/LinguaApp.build/Debug-iphonesimulator/LinguaApp.build/Objects-normal/arm64/LinguaApp.swiftmodule -Xllvm -aarch64-use-tbi -enable-objc-interop -sdk /Applications/Xcode.app/Contents/Developer/Platforms/iPhoneSimulator.platform/Developer/SDKs/iPhoneSimulator26.4.sdk -I /Users/tuan/Library/Developer/Xcode/DerivedData/LinguaApp-cnzhrpjntxezraexaicvemyehwby/Build/Products/Debug-iphonesimulator -F /Users/tuan/Library/Developer/Xcode/DerivedData/LinguaApp-cnzhrpjntxezraexaicvemyehwby/Build/Products/Debug-iphonesimulator -no-color-diagnostics -Xcc -fno-color-diagnostics -enable-testing -g -debug-info-format\=dwarf -dwarf-version\=4 -module-cache-path /Users/tuan/Library/Developer/Xcode/DerivedData/LinguaApp-cnzhrpjntxezraexaicvemyehwby/Build/Intermediates.noindex/SwiftExplicitPrecompiledModules -swift-version 5 -Onone -D DEBUG -serialize-debugging-options -const-gather-protocols-file /Users/tuan/Library/Developer/Xcode/DerivedData/LinguaApp-cnzhrpjntxezraexaicvemyehwby/Build/Intermediates.noindex/LinguaApp.build/Debug-iphonesimulator/LinguaApp.build/Objects-normal/arm64/LinguaApp_const_extract_protocols.json -enable-experimental-feature DebugDescriptionMacro -enable-bare-slash-regex -empty-abi-descriptor -validate-clang-modules-once -clang-build-session-file /Users/tuan/Library/Developer/Xcode/DerivedData/ModuleCache.noindex/Session.modulevalidation -Xcc -working-directory -Xcc /Users/tuan/Learn/rust/language-app/ios/LinguaApp -enable-anonymous-context-mangled-names -file-compilation-dir /Users/tuan/Learn/rust/language-app/ios/LinguaApp -Xcc -D_LIBCPP_HARDENING_MODE\=_LIBCPP_HARDENING_MODE_DEBUG -Xcc -ivfsstatcache -Xcc /Users/tuan/Library/Developer/Xcode/DerivedData/SDKStatCaches.noindex/iphonesimulator26.4-23E252-686eebb5dc1d8ecb277353a59184f4aa.sdkstatcache -Xcc -I/Users/tuan/Library/Developer/Xcode/DerivedData/LinguaApp-cnzhrpjntxezraexaicvemyehwby/Build/Intermediates.noindex/LinguaApp.build/Debug-iphonesimulator/LinguaApp.build/swift-overrides.hmap -Xcc -iquote -Xcc /Users/tuan/Library/Developer/Xcode/DerivedData/LinguaApp-cnzhrpjntxezraexaicvemyehwby/Build/Intermediates.noindex/LinguaApp.build/Debug-iphonesimulator/LinguaApp.build/LinguaApp-generated-files.hmap -Xcc -I/Users/tuan/Library/Developer/Xcode/DerivedData/LinguaApp-cnzhrpjntxezraexaicvemyehwby/Build/Intermediates.noindex/LinguaApp.build/Debug-iphonesimulator/LinguaApp.build/LinguaApp-own-target-headers.hmap -Xcc -I/Users/tuan/Library/Developer/Xcode/DerivedData/LinguaApp-cnzhrpjntxezraexaicvemyehwby/Build/Intermediates.noindex/LinguaApp.build/Debug-iphonesimulator/LinguaApp.build/LinguaApp-all-target-headers.hmap -Xcc -iquote -Xcc /Users/tuan/Library/Developer/Xcode/DerivedData/LinguaApp-cnzhrpjntxezraexaicvemyehwby/Build/Intermediates.noindex/LinguaApp.build/Debug-iphonesimulator/LinguaApp.build/LinguaApp-project-headers.hmap -Xcc -I/Users/tuan/Library/Developer/Xcode/DerivedData/LinguaApp-cnzhrpjntxezraexaicvemyehwby/Build/Products/Debug-iphonesimulator/include -Xcc -I/Users/tuan/Library/Developer/Xcode/DerivedData/LinguaApp-cnzhrpjntxezraexaicvemyehwby/Build/Intermediates.noindex/LinguaApp.build/Debug-iphonesimulator/LinguaApp.build/DerivedSources-normal/arm64 -Xcc -I/Users/tuan/Library/Developer/Xcode/DerivedData/LinguaApp-cnzhrpjntxezraexaicvemyehwby/Build/Intermediates.noindex/LinguaApp.build/Debug-iphonesimulator/LinguaApp.build/DerivedSources/arm64 -Xcc -I/Users/tuan/Library/Developer/Xcode/DerivedData/LinguaApp-cnzhrpjntxezraexaicvemyehwby/Build/Intermediates.noindex/LinguaApp.build/Debug-iphonesimulator/LinguaApp.build/DerivedSources -Xcc -DDEBUG\=1 -no-auto-bridging-header-chaining -module-name LinguaApp -frontend-parseable-output -disable-clang-spi -clang-target arm64-apple-ios26.4-simulator -target-sdk-version 26.4 -target-sdk-name iphonesimulator26.4 -in-process-plugin-server-path /Applications/Xcode.app/Contents/Developer/Toolchains/XcodeDefault.xctoolchain/usr/lib/swift/host/libSwiftInProcPluginServer.dylib -o /Users/tuan/Library/Developer/Xcode/DerivedData/LinguaApp-cnzhrpjntxezraexaicvemyehwby/Build/Intermediates.noindex/LinguaApp.build/Debug-iphonesimulator/LinguaApp.build/Objects-normal/arm64/LanguageHubView.o -index-unit-output-path /LinguaApp.build/Debug-iphonesimulator/LinguaApp.build/Objects-normal/arm64/LanguageHubView.o -index-store-path /Users/tuan/Library/Developer/Xcode/DerivedData/LinguaApp-cnzhrpjntxezraexaicvemyehwby/Index.noindex/DataStore -index-system-modules
✅ Build thành công! Đang cài đặt lên Simulator...
com.example.LinguaApp: 18344
🎉 Đã cập nhật app!
🚀 Phát hiện thay đổi, đang build lại...
2026-04-26 11:21:30.762 xcodebuild[18345:302777] [MT] IDERunDestination: Supported platforms for the buildables in the current scheme is empty.
** BUILD FAILED **


The following build commands failed:
	SwiftCompile normal arm64 /Users/tuan/Learn/rust/language-app/ios/LinguaApp/LinguaApp/Views/LanguageHubView.swift (in target 'LinguaApp' from project 'LinguaApp')
	SwiftCompile normal arm64 Compiling\ LanguageHubView.swift /Users/tuan/Learn/rust/language-app/ios/LinguaApp/LinguaApp/Views/LanguageHubView.swift (in target 'LinguaApp' from project 'LinguaApp')
	Building project LinguaApp with scheme LinguaApp
(3 failures)
                                             ~^~~~~~~~~

Failed frontend command:
/Applications/Xcode.app/Contents/Developer/Toolchains/XcodeDefault.xctoolchain/usr/bin/swift-frontend -frontend -c /Users/tuan/Learn/rust/language-app/ios/LinguaApp/LinguaApp/Services/APIService.swift /Users/tuan/Learn/rust/language-app/ios/LinguaApp/LinguaApp/Theme/AppTheme.swift /Users/tuan/Learn/rust/language-app/ios/LinguaApp/LinguaApp/Services/AudioService.swift /Users/tuan/Learn/rust/language-app/ios/LinguaApp/LinguaApp/Services/AuthService.swift /Users/tuan/Learn/rust/language-app/ios/LinguaApp/LinguaApp/Views/HomeView.swift -primary-file /Users/tuan/Learn/rust/language-app/ios/LinguaApp/LinguaApp/Views/LanguageHubView.swift /Users/tuan/Learn/rust/language-app/ios/LinguaApp/LinguaApp/Views/LanguagesView.swift /Users/tuan/Learn/rust/language-app/ios/LinguaApp/LinguaApp/LinguaApp.swift /Users/tuan/Learn/rust/language-app/ios/LinguaApp/LinguaApp/Services/LocalizationService.swift /Users/tuan/Learn/rust/language-app/ios/LinguaApp/LinguaApp/Views/LoginView.swift /Users/tuan/Learn/rust/language-app/ios/LinguaApp/LinguaApp/Models.swift /Users/tuan/Learn/rust/language-app/ios/LinguaApp/LinguaApp/Views/RegisterView.swift /Users/tuan/Learn/rust/language-app/ios/LinguaApp/LinguaApp/Views/SettingsView.swift /Users/tuan/Learn/rust/language-app/ios/LinguaApp/LinguaApp/Views/StoriesView.swift /Users/tuan/Learn/rust/language-app/ios/LinguaApp/LinguaApp/Views/StoryReaderView.swift /Users/tuan/Learn/rust/language-app/ios/LinguaApp/LinguaApp/Views/StoryTypingView.swift /Users/tuan/Learn/rust/language-app/ios/LinguaApp/LinguaApp/Views/VocabLessonsView.swift /Users/tuan/Learn/rust/language-app/ios/LinguaApp/LinguaApp/Views/VocabTypingView.swift /Users/tuan/Library/Developer/Xcode/DerivedData/LinguaApp-cnzhrpjntxezraexaicvemyehwby/Build/Intermediates.noindex/LinguaApp.build/Debug-iphonesimulator/LinguaApp.build/DerivedSources/GeneratedAssetSymbols.swift -emit-dependencies-path /Users/tuan/Library/Developer/Xcode/DerivedData/LinguaApp-cnzhrpjntxezraexaicvemyehwby/Build/Intermediates.noindex/LinguaApp.build/Debug-iphonesimulator/LinguaApp.build/Objects-normal/arm64/LanguageHubView.d -emit-const-values-path /Users/tuan/Library/Developer/Xcode/DerivedData/LinguaApp-cnzhrpjntxezraexaicvemyehwby/Build/Intermediates.noindex/LinguaApp.build/Debug-iphonesimulator/LinguaApp.build/Objects-normal/arm64/LanguageHubView.swiftconstvalues -emit-reference-dependencies-path /Users/tuan/Library/Developer/Xcode/DerivedData/LinguaApp-cnzhrpjntxezraexaicvemyehwby/Build/Intermediates.noindex/LinguaApp.build/Debug-iphonesimulator/LinguaApp.build/Objects-normal/arm64/LanguageHubView.swiftdeps -serialize-diagnostics-path /Users/tuan/Library/Developer/Xcode/DerivedData/LinguaApp-cnzhrpjntxezraexaicvemyehwby/Build/Intermediates.noindex/LinguaApp.build/Debug-iphonesimulator/LinguaApp.build/Objects-normal/arm64/LanguageHubView.dia -target arm64-apple-ios17.0-simulator -module-can-import-version DeveloperToolsSupport 23.40.26 23.40.26 -load-resolved-plugin /Applications/Xcode.app/Contents/Developer/Platforms/iPhoneOS.platform/Developer/usr/lib/swift/host/plugins/libFoundationMacros.dylib\#/Applications/Xcode.app/Contents/Developer/Platforms/iPhoneOS.platform/Developer/usr/bin/swift-plugin-server\#FoundationMacros -load-resolved-plugin /Applications/Xcode.app/Contents/Developer/Platforms/iPhoneOS.platform/Developer/usr/lib/swift/host/plugins/libObservationMacros.dylib\#/Applications/Xcode.app/Contents/Developer/Platforms/iPhoneOS.platform/Developer/usr/bin/swift-plugin-server\#ObservationMacros -load-resolved-plugin /Applications/Xcode.app/Contents/Developer/Platforms/iPhoneOS.platform/Developer/usr/lib/swift/host/plugins/libPreviewsMacros.dylib\#/Applications/Xcode.app/Contents/Developer/Platforms/iPhoneOS.platform/Developer/usr/bin/swift-plugin-server\#PreviewsMacros -load-resolved-plugin /Applications/Xcode.app/Contents/Developer/Platforms/iPhoneOS.platform/Developer/usr/lib/swift/host/plugins/libSwiftMacros.dylib\#/Applications/Xcode.app/Contents/Developer/Platforms/iPhoneOS.platform/Developer/usr/bin/swift-plugin-server\#SwiftMacros -load-resolved-plugin /Applications/Xcode.app/Contents/Developer/Platforms/iPhoneOS.platform/Developer/usr/lib/swift/host/plugins/libSwiftUIMacros.dylib\#/Applications/Xcode.app/Contents/Developer/Platforms/iPhoneOS.platform/Developer/usr/bin/swift-plugin-server\#SwiftUIMacros -disable-implicit-swift-modules -Xcc -fno-implicit-modules -Xcc -fno-implicit-module-maps -explicit-swift-module-map-file /Users/tuan/Library/Developer/Xcode/DerivedData/LinguaApp-cnzhrpjntxezraexaicvemyehwby/Build/Intermediates.noindex/LinguaApp.build/Debug-iphonesimulator/LinguaApp.build/Objects-normal/arm64/LinguaApp-dependencies-1.json -debug-module-path /Users/tuan/Library/Developer/Xcode/DerivedData/LinguaApp-cnzhrpjntxezraexaicvemyehwby/Build/Intermediates.noindex/LinguaApp.build/Debug-iphonesimulator/LinguaApp.build/Objects-normal/arm64/LinguaApp.swiftmodule -Xllvm -aarch64-use-tbi -enable-objc-interop -sdk /Applications/Xcode.app/Contents/Developer/Platforms/iPhoneSimulator.platform/Developer/SDKs/iPhoneSimulator26.4.sdk -I /Users/tuan/Library/Developer/Xcode/DerivedData/LinguaApp-cnzhrpjntxezraexaicvemyehwby/Build/Products/Debug-iphonesimulator -F /Users/tuan/Library/Developer/Xcode/DerivedData/LinguaApp-cnzhrpjntxezraexaicvemyehwby/Build/Products/Debug-iphonesimulator -no-color-diagnostics -Xcc -fno-color-diagnostics -enable-testing -g -debug-info-format\=dwarf -dwarf-version\=4 -module-cache-path /Users/tuan/Library/Developer/Xcode/DerivedData/LinguaApp-cnzhrpjntxezraexaicvemyehwby/Build/Intermediates.noindex/SwiftExplicitPrecompiledModules -swift-version 5 -Onone -D DEBUG -serialize-debugging-options -const-gather-protocols-file /Users/tuan/Library/Developer/Xcode/DerivedData/LinguaApp-cnzhrpjntxezraexaicvemyehwby/Build/Intermediates.noindex/LinguaApp.build/Debug-iphonesimulator/LinguaApp.build/Objects-normal/arm64/LinguaApp_const_extract_protocols.json -enable-experimental-feature DebugDescriptionMacro -enable-bare-slash-regex -empty-abi-descriptor -validate-clang-modules-once -clang-build-session-file /Users/tuan/Library/Developer/Xcode/DerivedData/ModuleCache.noindex/Session.modulevalidation -Xcc -working-directory -Xcc /Users/tuan/Learn/rust/language-app/ios/LinguaApp -enable-anonymous-context-mangled-names -file-compilation-dir /Users/tuan/Learn/rust/language-app/ios/LinguaApp -Xcc -D_LIBCPP_HARDENING_MODE\=_LIBCPP_HARDENING_MODE_DEBUG -Xcc -ivfsstatcache -Xcc /Users/tuan/Library/Developer/Xcode/DerivedData/SDKStatCaches.noindex/iphonesimulator26.4-23E252-686eebb5dc1d8ecb277353a59184f4aa.sdkstatcache -Xcc -I/Users/tuan/Library/Developer/Xcode/DerivedData/LinguaApp-cnzhrpjntxezraexaicvemyehwby/Build/Intermediates.noindex/LinguaApp.build/Debug-iphonesimulator/LinguaApp.build/swift-overrides.hmap -Xcc -iquote -Xcc /Users/tuan/Library/Developer/Xcode/DerivedData/LinguaApp-cnzhrpjntxezraexaicvemyehwby/Build/Intermediates.noindex/LinguaApp.build/Debug-iphonesimulator/LinguaApp.build/LinguaApp-generated-files.hmap -Xcc -I/Users/tuan/Library/Developer/Xcode/DerivedData/LinguaApp-cnzhrpjntxezraexaicvemyehwby/Build/Intermediates.noindex/LinguaApp.build/Debug-iphonesimulator/LinguaApp.build/LinguaApp-own-target-headers.hmap -Xcc -I/Users/tuan/Library/Developer/Xcode/DerivedData/LinguaApp-cnzhrpjntxezraexaicvemyehwby/Build/Intermediates.noindex/LinguaApp.build/Debug-iphonesimulator/LinguaApp.build/LinguaApp-all-target-headers.hmap -Xcc -iquote -Xcc /Users/tuan/Library/Developer/Xcode/DerivedData/LinguaApp-cnzhrpjntxezraexaicvemyehwby/Build/Intermediates.noindex/LinguaApp.build/Debug-iphonesimulator/LinguaApp.build/LinguaApp-project-headers.hmap -Xcc -I/Users/tuan/Library/Developer/Xcode/DerivedData/LinguaApp-cnzhrpjntxezraexaicvemyehwby/Build/Products/Debug-iphonesimulator/include -Xcc -I/Users/tuan/Library/Developer/Xcode/DerivedData/LinguaApp-cnzhrpjntxezraexaicvemyehwby/Build/Intermediates.noindex/LinguaApp.build/Debug-iphonesimulator/LinguaApp.build/DerivedSources-normal/arm64 -Xcc -I/Users/tuan/Library/Developer/Xcode/DerivedData/LinguaApp-cnzhrpjntxezraexaicvemyehwby/Build/Intermediates.noindex/LinguaApp.build/Debug-iphonesimulator/LinguaApp.build/DerivedSources/arm64 -Xcc -I/Users/tuan/Library/Developer/Xcode/DerivedData/LinguaApp-cnzhrpjntxezraexaicvemyehwby/Build/Intermediates.noindex/LinguaApp.build/Debug-iphonesimulator/LinguaApp.build/DerivedSources -Xcc -DDEBUG\=1 -no-auto-bridging-header-chaining -module-name LinguaApp -frontend-parseable-output -disable-clang-spi -clang-target arm64-apple-ios26.4-simulator -target-sdk-version 26.4 -target-sdk-name iphonesimulator26.4 -in-process-plugin-server-path /Applications/Xcode.app/Contents/Developer/Toolchains/XcodeDefault.xctoolchain/usr/lib/swift/host/libSwiftInProcPluginServer.dylib -o /Users/tuan/Library/Developer/Xcode/DerivedData/LinguaApp-cnzhrpjntxezraexaicvemyehwby/Build/Intermediates.noindex/LinguaApp.build/Debug-iphonesimulator/LinguaApp.build/Objects-normal/arm64/LanguageHubView.o -index-unit-output-path /LinguaApp.build/Debug-iphonesimulator/LinguaApp.build/Objects-normal/arm64/LanguageHubView.o -index-store-path /Users/tuan/Library/Developer/Xcode/DerivedData/LinguaApp-cnzhrpjntxezraexaicvemyehwby/Index.noindex/DataStore -index-system-modules
SwiftEmitModule normal arm64 Emitting\ module\ for\ LinguaApp (in target 'LinguaApp' from project 'LinguaApp')

EmitSwiftModule normal arm64 (in target 'LinguaApp' from project 'LinguaApp')
    cd /Users/tuan/Learn/rust/language-app/ios/LinguaApp
    

✅ Build thành công! Đang cài đặt lên Simulator...
com.example.LinguaApp: 18378
🎉 Đã cập nhật app!
🚀 Phát hiện thay đổi, đang build lại...
2026-04-26 11:21:51.914 xcodebuild[18391:303483] [MT] IDERunDestination: Supported platforms for the buildables in the current scheme is empty.
    Signing Identity:     "Sign to Run Locally"
    
    /usr/bin/codesign --force --sign - --timestamp\=none --generate-entitlement-der /Users/tuan/Library/Developer/Xcode/DerivedData/LinguaApp-cnzhrpjntxezraexaicvemyehwby/Build/Products/Debug-iphonesimulator/LinguaApp.app

Validate /Users/tuan/Library/Developer/Xcode/DerivedData/LinguaApp-cnzhrpjntxezraexaicvemyehwby/Build/Products/Debug-iphonesimulator/LinguaApp.app (in target 'LinguaApp' from project 'LinguaApp')
    cd /Users/tuan/Learn/rust/language-app/ios/LinguaApp
    builtin-validationUtility /Users/tuan/Library/Developer/Xcode/DerivedData/LinguaApp-cnzhrpjntxezraexaicvemyehwby/Build/Products/Debug-iphonesimulator/LinguaApp.app -shallow-bundle -infoplist-subpath Info.plist

** BUILD SUCCEEDED **

✅ Build thành công! Đang cài đặt lên Simulator...
com.example.LinguaApp: 18449
🎉 Đã cập nhật app!
🚀 Phát hiện thay đổi, đang build lại...
2026-04-26 11:26:53.197 xcodebuild[18663:310127] [MT] IDERunDestination: Supported platforms for the buildables in the current scheme is empty.
    Signing Identity:     "Sign to Run Locally"
    
    /usr/bin/codesign --force --sign - --timestamp\=none --generate-entitlement-der /Users/tuan/Library/Developer/Xcode/DerivedData/LinguaApp-cnzhrpjntxezraexaicvemyehwby/Build/Products/Debug-iphonesimulator/LinguaApp.app

Validate /Users/tuan/Library/Developer/Xcode/DerivedData/LinguaApp-cnzhrpjntxezraexaicvemyehwby/Build/Products/Debug-iphonesimulator/LinguaApp.app (in target 'LinguaApp' from project 'LinguaApp')
    cd /Users/tuan/Learn/rust/language-app/ios/LinguaApp
    builtin-validationUtility /Users/tuan/Library/Developer/Xcode/DerivedData/LinguaApp-cnzhrpjntxezraexaicvemyehwby/Build/Products/Debug-iphonesimulator/LinguaApp.app -shallow-bundle -infoplist-subpath Info.plist

** BUILD SUCCEEDED **

✅ Build thành công! Đang cài đặt lên Simulator...
com.example.LinguaApp: 18709
🎉 Đã cập nhật app!
🚀 Phát hiện thay đổi, đang build lại...
2026-04-26 11:30:34.140 xcodebuild[18838:313798] [MT] IDERunDestination: Supported platforms for the buildables in the current scheme is empty.
ProcessInfoPlistFile /Users/tuan/Library/Developer/Xcode/DerivedData/LinguaApp-cnzhrpjntxezraexaicvemyehwby/Build/Products/Debug-iphonesimulator/LinguaApp.app/Info.plist /Users/tuan/Learn/rust/language-app/ios/LinguaApp/LinguaApp/Info.plist (in target 'LinguaApp' from project 'LinguaApp')
    cd /Users/tuan/Learn/rust/language-app/ios/LinguaApp
    builtin-infoPlistUtility /Users/tuan/Learn/rust/language-app/ios/LinguaApp/LinguaApp/Info.plist -producttype com.apple.product-type.application -genpkginfo /Users/tuan/Library/Developer/Xcode/DerivedData/LinguaApp-cnzhrpjntxezraexaicvemyehwby/Build/Products/Debug-iphonesimulator/LinguaApp.app/PkgInfo -expandbuildsettings -format binary -platform iphonesimulator -additionalcontentfile /Users/tuan/Library/Developer/Xcode/DerivedData/LinguaApp-cnzhrpjntxezraexaicvemyehwby/Build/Intermediates.noindex/LinguaApp.build/Debug-iphonesimulator/LinguaApp.build/assetcatalog_generated_info.plist -o /Users/tuan/Library/Developer/Xcode/DerivedData/LinguaApp-cnzhrpjntxezraexaicvemyehwby/Build/Products/Debug-iphonesimulator/LinguaApp.app/Info.plist

CopySwiftLibs /Users/tuan/Library/Developer/Xcode/DerivedData/LinguaApp-cnzhrpjntxezraexaicvemyehwby/Build/Products/Debug-iphonesimulator/LinguaApp.app (in target 'LinguaApp' from project 'LinguaApp')
    cd /Users/tuan/Learn/rust/language-app/ios/LinguaApp
    builtin-swiftStdLibTool --copy --verbose --sign - --scan-executable /Users/tuan/Library/Developer/Xcode/DerivedData/LinguaApp-cnzhrpjntxezraexaicvemyehwby/Build/Products/Debug-iphonesimulator/LinguaApp.app/LinguaApp.debug.dylib --scan-folder /Users/tuan/Library/Developer/Xcode/DerivedData/LinguaApp-cnzhrpjntxezraexaicvemyehwby/Build/Products/Debug-iphonesimulator/LinguaApp.app/Frameworks --scan-folder /Users/tuan/Library/Developer/Xcode/DerivedData/LinguaApp-cnzhrpjntxezraexaicvemyehwby/Build/Products/Debug-iphonesimulator/LinguaApp.app/PlugIns --scan-folder /Users/tuan/Library/Developer/Xcode/DerivedData/LinguaApp-cnzhrpjntxezraexaicvemyehwby/Build/Products/Debug-iphonesimulator/LinguaApp.app/SystemExtensions --scan-folder /Users/tuan/Library/Developer/Xcode/DerivedData/LinguaApp-cnzhrpjntxezraexaicvemyehwby/Build/Products/Debug-iphonesimulator/LinguaApp.app/Extensions --platform iphonesimulator --toolchain /Applications/Xcode.app/Contents/Developer/Toolchains/XcodeDefault.xctoolchain --destination /Users/tuan/Library/Developer/Xcode/DerivedData/LinguaApp-cnzhrpjntxezraexaicvemyehwby/Build/Products/Debug-iphonesimulator/LinguaApp.app/Frameworks --strip-bitcode --strip-bitcode-tool /Applications/Xcode.app/Contents/Developer/Toolchains/XcodeDefault.xctoolchain/usr/bin/bitcode_strip --emit-dependency-info /Users/tuan/Library/Developer/Xcode/DerivedData/LinguaApp-cnzhrpjntxezraexaicvemyehwby/Build/Intermediates.noindex/LinguaApp.build/Debug-iphonesimulator/LinguaApp.build/SwiftStdLibToolInputDependencies.dep --filter-for-swift-os

** BUILD SUCCEEDED **

✅ Build thành công! Đang cài đặt lên Simulator...
com.example.LinguaApp: 18892
🎉 Đã cập nhật app!
🚀 Phát hiện thay đổi, đang build lại...
2026-04-26 11:30:49.474 xcodebuild[18896:314639] [MT] IDERunDestination: Supported platforms for the buildables in the current scheme is empty.
** BUILD FAILED **


The following build commands failed:
	SwiftCompile normal arm64 /Users/tuan/Learn/rust/language-app/ios/LinguaApp/LinguaApp/Views/LanguageHubView.swift (in target 'LinguaApp' from project 'LinguaApp')
	SwiftCompile normal arm64 Compiling\ LanguageHubView.swift /Users/tuan/Learn/rust/language-app/ios/LinguaApp/LinguaApp/Views/LanguageHubView.swift (in target 'LinguaApp' from project 'LinguaApp')
	Building project LinguaApp with scheme LinguaApp
(3 failures)
                  ~~~~~~~~~~~~~^~~~~~~~~~~~~~~~~~~~~~
/Users/tuan/Learn/rust/language-app/ios/LinguaApp/LinguaApp/Views/LanguageHubView.swift:511:32: error: cannot infer contextual base in reference to member 'leading'
        FlowLayout(alignment: .leading, spacing: 4) {
                              ~^~~~~~~
/Users/tuan/Learn/rust/language-app/ios/LinguaApp/LinguaApp/Views/LanguageHubView.swift:559:40: error: cannot find 'TranslationService' in scope
                let result = try await TranslationService.shared.translate(cleanWord, from: languageCode)
                                       ^~~~~~~~~~~~~~~~~~

Failed frontend command:
/Applications/Xcode.app/Contents/Developer/Toolchains/XcodeDefault.xctoolchain/usr/bin/swift-frontend -frontend -c /Users/tuan/Learn/rust/language-app/ios/LinguaApp/LinguaApp/Services/APIService.swift /Users/tuan/Learn/rust/language-app/ios/LinguaApp/LinguaApp/Theme/AppTheme.swift /Users/tuan/Learn/rust/language-app/ios/LinguaApp/LinguaApp/Services/AudioService.swift /Users/tuan/Learn/rust/language-app/ios/LinguaApp/LinguaApp/Services/AuthService.swift /Users/tuan/Learn/rust/language-app/ios/LinguaApp/LinguaApp/Views/HomeView.swift -primary-file /Users/tuan/Learn/rust/language-app/ios/LinguaApp/LinguaApp/Views/LanguageHubView.swift /Users/tuan/Learn/rust/language-app/ios/LinguaApp/LinguaApp/Views/LanguagesView.swift /Users/tuan/Learn/rust/language-app/ios/LinguaApp/LinguaApp/LinguaApp.swift /Users/tuan/Learn/rust/language-app/ios/LinguaApp/LinguaApp/Services/LocalizationService.swift /Users/tuan/Learn/rust/language-app/ios/LinguaApp/LinguaApp/Views/LoginView.swift /Users/tuan/Learn/rust/language-app/ios/LinguaApp/LinguaApp/Models.swift /Users/tuan/Learn/rust/language-app/ios/LinguaApp/LinguaApp/Views/RegisterView.swift /Users/tuan/Learn/rust/language-app/ios/LinguaApp/LinguaApp/Views/SettingsView.swift /Users/tuan/Learn/rust/language-app/ios/LinguaApp/LinguaApp/Views/StoriesView.swift /Users/tuan/Learn/rust/language-app/ios/LinguaApp/LinguaApp/Views/StoryReaderView.swift /Users/tuan/Learn/rust/language-app/ios/LinguaApp/LinguaApp/Views/StoryTypingView.swift /Users/tuan/Learn/rust/language-app/ios/LinguaApp/LinguaApp/Views/VocabLessonsView.swift /Users/tuan/Learn/rust/language-app/ios/LinguaApp/LinguaApp/Views/VocabTypingView.swift /Users/tuan/Library/Developer/Xcode/DerivedData/LinguaApp-cnzhrpjntxezraexaicvemyehwby/Build/Intermediates.noindex/LinguaApp.build/Debug-iphonesimulator/LinguaApp.build/DerivedSources/GeneratedAssetSymbols.swift -emit-dependencies-path /Users/tuan/Library/Developer/Xcode/DerivedData/LinguaApp-cnzhrpjntxezraexaicvemyehwby/Build/Intermediates.noindex/LinguaApp.build/Debug-iphonesimulator/LinguaApp.build/Objects-normal/arm64/LanguageHubView.d -emit-const-values-path /Users/tuan/Library/Developer/Xcode/DerivedData/LinguaApp-cnzhrpjntxezraexaicvemyehwby/Build/Intermediates.noindex/LinguaApp.build/Debug-iphonesimulator/LinguaApp.build/Objects-normal/arm64/LanguageHubView.swiftconstvalues -emit-reference-dependencies-path /Users/tuan/Library/Developer/Xcode/DerivedData/LinguaApp-cnzhrpjntxezraexaicvemyehwby/Build/Intermediates.noindex/LinguaApp.build/Debug-iphonesimulator/LinguaApp.build/Objects-normal/arm64/LanguageHubView.swiftdeps -serialize-diagnostics-path /Users/tuan/Library/Developer/Xcode/DerivedData/LinguaApp-cnzhrpjntxezraexaicvemyehwby/Build/Intermediates.noindex/LinguaApp.build/Debug-iphonesimulator/LinguaApp.build/Objects-normal/arm64/LanguageHubView.dia -target arm64-apple-ios17.0-simulator -module-can-import-version DeveloperToolsSupport 23.40.26 23.40.26 -load-resolved-plugin /Applications/Xcode.app/Contents/Developer/Platforms/iPhoneOS.platform/Developer/usr/lib/swift/host/plugins/libFoundationMacros.dylib\#/Applications/Xcode.app/Contents/Developer/Platforms/iPhoneOS.platform/Developer/usr/bin/swift-plugin-server\#FoundationMacros -load-resolved-plugin /Applications/Xcode.app/Contents/Developer/Platforms/iPhoneOS.platform/Developer/usr/lib/swift/host/plugins/libObservationMacros.dylib\#/Applications/Xcode.app/Contents/Developer/Platforms/iPhoneOS.platform/Developer/usr/bin/swift-plugin-server\#ObservationMacros -load-resolved-plugin /Applications/Xcode.app/Contents/Developer/Platforms/iPhoneOS.platform/Developer/usr/lib/swift/host/plugins/libPreviewsMacros.dylib\#/Applications/Xcode.app/Contents/Developer/Platforms/iPhoneOS.platform/Developer/usr/bin/swift-plugin-server\#PreviewsMacros -load-resolved-plugin /Applications/Xcode.app/Contents/Developer/Platforms/iPhoneOS.platform/Developer/usr/lib/swift/host/plugins/libSwiftMacros.dylib\#/Applications/Xcode.app/Contents/Developer/Platforms/iPhoneOS.platform/Developer/usr/bin/swift-plugin-server\#SwiftMacros -load-resolved-plugin /Applications/Xcode.app/Contents/Developer/Platforms/iPhoneOS.platform/Developer/usr/lib/swift/host/plugins/libSwiftUIMacros.dylib\#/Applications/Xcode.app/Contents/Developer/Platforms/iPhoneOS.platform/Developer/usr/bin/swift-plugin-server\#SwiftUIMacros -disable-implicit-swift-modules -Xcc -fno-implicit-modules -Xcc -fno-implicit-module-maps -explicit-swift-module-map-file /Users/tuan/Library/Developer/Xcode/DerivedData/LinguaApp-cnzhrpjntxezraexaicvemyehwby/Build/Intermediates.noindex/LinguaApp.build/Debug-iphonesimulator/LinguaApp.build/Objects-normal/arm64/LinguaApp-dependencies-1.json -debug-module-path /Users/tuan/Library/Developer/Xcode/DerivedData/LinguaApp-cnzhrpjntxezraexaicvemyehwby/Build/Intermediates.noindex/LinguaApp.build/Debug-iphonesimulator/LinguaApp.build/Objects-normal/arm64/LinguaApp.swiftmodule -Xllvm -aarch64-use-tbi -enable-objc-interop -sdk /Applications/Xcode.app/Contents/Developer/Platforms/iPhoneSimulator.platform/Developer/SDKs/iPhoneSimulator26.4.sdk -I /Users/tuan/Library/Developer/Xcode/DerivedData/LinguaApp-cnzhrpjntxezraexaicvemyehwby/Build/Products/Debug-iphonesimulator -F /Users/tuan/Library/Developer/Xcode/DerivedData/LinguaApp-cnzhrpjntxezraexaicvemyehwby/Build/Products/Debug-iphonesimulator -no-color-diagnostics -Xcc -fno-color-diagnostics -enable-testing -g -debug-info-format\=dwarf -dwarf-version\=4 -module-cache-path /Users/tuan/Library/Developer/Xcode/DerivedData/LinguaApp-cnzhrpjntxezraexaicvemyehwby/Build/Intermediates.noindex/SwiftExplicitPrecompiledModules -swift-version 5 -Onone -D DEBUG -serialize-debugging-options -const-gather-protocols-file /Users/tuan/Library/Developer/Xcode/DerivedData/LinguaApp-cnzhrpjntxezraexaicvemyehwby/Build/Intermediates.noindex/LinguaApp.build/Debug-iphonesimulator/LinguaApp.build/Objects-normal/arm64/LinguaApp_const_extract_protocols.json -enable-experimental-feature DebugDescriptionMacro -enable-bare-slash-regex -empty-abi-descriptor -validate-clang-modules-once -clang-build-session-file /Users/tuan/Library/Developer/Xcode/DerivedData/ModuleCache.noindex/Session.modulevalidation -Xcc -working-directory -Xcc /Users/tuan/Learn/rust/language-app/ios/LinguaApp -enable-anonymous-context-mangled-names -file-compilation-dir /Users/tuan/Learn/rust/language-app/ios/LinguaApp -Xcc -D_LIBCPP_HARDENING_MODE\=_LIBCPP_HARDENING_MODE_DEBUG -Xcc -ivfsstatcache -Xcc /Users/tuan/Library/Developer/Xcode/DerivedData/SDKStatCaches.noindex/iphonesimulator26.4-23E252-686eebb5dc1d8ecb277353a59184f4aa.sdkstatcache -Xcc -I/Users/tuan/Library/Developer/Xcode/DerivedData/LinguaApp-cnzhrpjntxezraexaicvemyehwby/Build/Intermediates.noindex/LinguaApp.build/Debug-iphonesimulator/LinguaApp.build/swift-overrides.hmap -Xcc -iquote -Xcc /Users/tuan/Library/Developer/Xcode/DerivedData/LinguaApp-cnzhrpjntxezraexaicvemyehwby/Build/Intermediates.noindex/LinguaApp.build/Debug-iphonesimulator/LinguaApp.build/LinguaApp-generated-files.hmap -Xcc -I/Users/tuan/Library/Developer/Xcode/DerivedData/LinguaApp-cnzhrpjntxezraexaicvemyehwby/Build/Intermediates.noindex/LinguaApp.build/Debug-iphonesimulator/LinguaApp.build/LinguaApp-own-target-headers.hmap -Xcc -I/Users/tuan/Library/Developer/Xcode/DerivedData/LinguaApp-cnzhrpjntxezraexaicvemyehwby/Build/Intermediates.noindex/LinguaApp.build/Debug-iphonesimulator/LinguaApp.build/LinguaApp-all-target-headers.hmap -Xcc -iquote -Xcc /Users/tuan/Library/Developer/Xcode/DerivedData/LinguaApp-cnzhrpjntxezraexaicvemyehwby/Build/Intermediates.noindex/LinguaApp.build/Debug-iphonesimulator/LinguaApp.build/LinguaApp-project-headers.hmap -Xcc -I/Users/tuan/Library/Developer/Xcode/DerivedData/LinguaApp-cnzhrpjntxezraexaicvemyehwby/Build/Products/Debug-iphonesimulator/include -Xcc -I/Users/tuan/Library/Developer/Xcode/DerivedData/LinguaApp-cnzhrpjntxezraexaicvemyehwby/Build/Intermediates.noindex/LinguaApp.build/Debug-iphonesimulator/LinguaApp.build/DerivedSources-normal/arm64 -Xcc -I/Users/tuan/Library/Developer/Xcode/DerivedData/LinguaApp-cnzhrpjntxezraexaicvemyehwby/Build/Intermediates.noindex/LinguaApp.build/Debug-iphonesimulator/LinguaApp.build/DerivedSources/arm64 -Xcc -I/Users/tuan/Library/Developer/Xcode/DerivedData/LinguaApp-cnzhrpjntxezraexaicvemyehwby/Build/Intermediates.noindex/LinguaApp.build/Debug-iphonesimulator/LinguaApp.build/DerivedSources -Xcc -DDEBUG\=1 -no-auto-bridging-header-chaining -module-name LinguaApp -frontend-parseable-output -disable-clang-spi -clang-target arm64-apple-ios26.4-simulator -target-sdk-version 26.4 -target-sdk-name iphonesimulator26.4 -in-process-plugin-server-path /Applications/Xcode.app/Contents/Developer/Toolchains/XcodeDefault.xctoolchain/usr/lib/swift/host/libSwiftInProcPluginServer.dylib -o /Users/tuan/Library/Developer/Xcode/DerivedData/LinguaApp-cnzhrpjntxezraexaicvemyehwby/Build/Intermediates.noindex/LinguaApp.build/Debug-iphonesimulator/LinguaApp.build/Objects-normal/arm64/LanguageHubView.o -index-unit-output-path /LinguaApp.build/Debug-iphonesimulator/LinguaApp.build/Objects-normal/arm64/LanguageHubView.o -index-store-path /Users/tuan/Library/Developer/Xcode/DerivedData/LinguaApp-cnzhrpjntxezraexaicvemyehwby/Index.noindex/DataStore -index-system-modules
✅ Build thành công! Đang cài đặt lên Simulator...
com.example.LinguaApp: 18925
🎉 Đã cập nhật app!
🚀 Phát hiện thay đổi, đang build lại...
2026-04-26 11:31:09.360 xcodebuild[18938:315529] [MT] IDERunDestination: Supported platforms for the buildables in the current scheme is empty.
** BUILD FAILED **


The following build commands failed:
	EmitSwiftModule normal arm64 (in target 'LinguaApp' from project 'LinguaApp')
	SwiftEmitModule normal arm64 Emitting\ module\ for\ LinguaApp (in target 'LinguaApp' from project 'LinguaApp')
	Building project LinguaApp with scheme LinguaApp
(3 failures)
struct FlowLayout: Layout {
       ^

Failed frontend command:
/Applications/Xcode.app/Contents/Developer/Toolchains/XcodeDefault.xctoolchain/usr/bin/swift-frontend -frontend -emit-module -experimental-skip-non-inlinable-function-bodies-without-types /Users/tuan/Learn/rust/language-app/ios/LinguaApp/LinguaApp/Services/APIService.swift /Users/tuan/Learn/rust/language-app/ios/LinguaApp/LinguaApp/Theme/AppTheme.swift /Users/tuan/Learn/rust/language-app/ios/LinguaApp/LinguaApp/Services/AudioService.swift /Users/tuan/Learn/rust/language-app/ios/LinguaApp/LinguaApp/Services/AuthService.swift /Users/tuan/Learn/rust/language-app/ios/LinguaApp/LinguaApp/Views/HomeView.swift /Users/tuan/Learn/rust/language-app/ios/LinguaApp/LinguaApp/Views/LanguageHubView.swift /Users/tuan/Learn/rust/language-app/ios/LinguaApp/LinguaApp/Views/LanguagesView.swift /Users/tuan/Learn/rust/language-app/ios/LinguaApp/LinguaApp/LinguaApp.swift /Users/tuan/Learn/rust/language-app/ios/LinguaApp/LinguaApp/Services/LocalizationService.swift /Users/tuan/Learn/rust/language-app/ios/LinguaApp/LinguaApp/Views/LoginView.swift /Users/tuan/Learn/rust/language-app/ios/LinguaApp/LinguaApp/Models.swift /Users/tuan/Learn/rust/language-app/ios/LinguaApp/LinguaApp/Views/RegisterView.swift /Users/tuan/Learn/rust/language-app/ios/LinguaApp/LinguaApp/Views/SettingsView.swift /Users/tuan/Learn/rust/language-app/ios/LinguaApp/LinguaApp/Views/StoriesView.swift /Users/tuan/Learn/rust/language-app/ios/LinguaApp/LinguaApp/Views/StoryReaderView.swift /Users/tuan/Learn/rust/language-app/ios/LinguaApp/LinguaApp/Views/StoryTypingView.swift /Users/tuan/Learn/rust/language-app/ios/LinguaApp/LinguaApp/Views/VocabLessonsView.swift /Users/tuan/Learn/rust/language-app/ios/LinguaApp/LinguaApp/Views/VocabTypingView.swift /Users/tuan/Library/Developer/Xcode/DerivedData/LinguaApp-cnzhrpjntxezraexaicvemyehwby/Build/Intermediates.noindex/LinguaApp.build/Debug-iphonesimulator/LinguaApp.build/DerivedSources/GeneratedAssetSymbols.swift -target arm64-apple-ios17.0-simulator -module-can-import-version DeveloperToolsSupport 23.40.26 23.40.26 -load-resolved-plugin /Applications/Xcode.app/Contents/Developer/Platforms/iPhoneOS.platform/Developer/usr/lib/swift/host/plugins/libFoundationMacros.dylib\#/Applications/Xcode.app/Contents/Developer/Platforms/iPhoneOS.platform/Developer/usr/bin/swift-plugin-server\#FoundationMacros -load-resolved-plugin /Applications/Xcode.app/Contents/Developer/Platforms/iPhoneOS.platform/Developer/usr/lib/swift/host/plugins/libObservationMacros.dylib\#/Applications/Xcode.app/Contents/Developer/Platforms/iPhoneOS.platform/Developer/usr/bin/swift-plugin-server\#ObservationMacros -load-resolved-plugin /Applications/Xcode.app/Contents/Developer/Platforms/iPhoneOS.platform/Developer/usr/lib/swift/host/plugins/libPreviewsMacros.dylib\#/Applications/Xcode.app/Contents/Developer/Platforms/iPhoneOS.platform/Developer/usr/bin/swift-plugin-server\#PreviewsMacros -load-resolved-plugin /Applications/Xcode.app/Contents/Developer/Platforms/iPhoneOS.platform/Developer/usr/lib/swift/host/plugins/libSwiftMacros.dylib\#/Applications/Xcode.app/Contents/Developer/Platforms/iPhoneOS.platform/Developer/usr/bin/swift-plugin-server\#SwiftMacros -load-resolved-plugin /Applications/Xcode.app/Contents/Developer/Platforms/iPhoneOS.platform/Developer/usr/lib/swift/host/plugins/libSwiftUIMacros.dylib\#/Applications/Xcode.app/Contents/Developer/Platforms/iPhoneOS.platform/Developer/usr/bin/swift-plugin-server\#SwiftUIMacros -disable-implicit-swift-modules -Xcc -fno-implicit-modules -Xcc -fno-implicit-module-maps -explicit-swift-module-map-file /Users/tuan/Library/Developer/Xcode/DerivedData/LinguaApp-cnzhrpjntxezraexaicvemyehwby/Build/Intermediates.noindex/LinguaApp.build/Debug-iphonesimulator/LinguaApp.build/Objects-normal/arm64/LinguaApp-dependencies-1.json -Xllvm -aarch64-use-tbi -enable-objc-interop -sdk /Applications/Xcode.app/Contents/Developer/Platforms/iPhoneSimulator.platform/Developer/SDKs/iPhoneSimulator26.4.sdk -I /Users/tuan/Library/Developer/Xcode/DerivedData/LinguaApp-cnzhrpjntxezraexaicvemyehwby/Build/Products/Debug-iphonesimulator -F /Users/tuan/Library/Developer/Xcode/DerivedData/LinguaApp-cnzhrpjntxezraexaicvemyehwby/Build/Products/Debug-iphonesimulator -no-color-diagnostics -Xcc -fno-color-diagnostics -enable-testing -g -debug-info-format\=dwarf -dwarf-version\=4 -module-cache-path /Users/tuan/Library/Developer/Xcode/DerivedData/LinguaApp-cnzhrpjntxezraexaicvemyehwby/Build/Intermediates.noindex/SwiftExplicitPrecompiledModules -swift-version 5 -Onone -D DEBUG -serialize-debugging-options -const-gather-protocols-file /Users/tuan/Library/Developer/Xcode/DerivedData/LinguaApp-cnzhrpjntxezraexaicvemyehwby/Build/Intermediates.noindex/LinguaApp.build/Debug-iphonesimulator/LinguaApp.build/Objects-normal/arm64/LinguaApp_const_extract_protocols.json -enable-experimental-feature DebugDescriptionMacro -enable-bare-slash-regex -empty-abi-descriptor -validate-clang-modules-once -clang-build-session-file /Users/tuan/Library/Developer/Xcode/DerivedData/ModuleCache.noindex/Session.modulevalidation -Xcc -working-directory -Xcc /Users/tuan/Learn/rust/language-app/ios/LinguaApp -enable-anonymous-context-mangled-names -file-compilation-dir /Users/tuan/Learn/rust/language-app/ios/LinguaApp -Xcc -D_LIBCPP_HARDENING_MODE\=_LIBCPP_HARDENING_MODE_DEBUG -Xcc -ivfsstatcache -Xcc /Users/tuan/Library/Developer/Xcode/DerivedData/SDKStatCaches.noindex/iphonesimulator26.4-23E252-686eebb5dc1d8ecb277353a59184f4aa.sdkstatcache -Xcc -I/Users/tuan/Library/Developer/Xcode/DerivedData/LinguaApp-cnzhrpjntxezraexaicvemyehwby/Build/Intermediates.noindex/LinguaApp.build/Debug-iphonesimulator/LinguaApp.build/swift-overrides.hmap -Xcc -iquote -Xcc /Users/tuan/Library/Developer/Xcode/DerivedData/LinguaApp-cnzhrpjntxezraexaicvemyehwby/Build/Intermediates.noindex/LinguaApp.build/Debug-iphonesimulator/LinguaApp.build/LinguaApp-generated-files.hmap -Xcc -I/Users/tuan/Library/Developer/Xcode/DerivedData/LinguaApp-cnzhrpjntxezraexaicvemyehwby/Build/Intermediates.noindex/LinguaApp.build/Debug-iphonesimulator/LinguaApp.build/LinguaApp-own-target-headers.hmap -Xcc -I/Users/tuan/Library/Developer/Xcode/DerivedData/LinguaApp-cnzhrpjntxezraexaicvemyehwby/Build/Intermediates.noindex/LinguaApp.build/Debug-iphonesimulator/LinguaApp.build/LinguaApp-all-target-headers.hmap -Xcc -iquote -Xcc /Users/tuan/Library/Developer/Xcode/DerivedData/LinguaApp-cnzhrpjntxezraexaicvemyehwby/Build/Intermediates.noindex/LinguaApp.build/Debug-iphonesimulator/LinguaApp.build/LinguaApp-project-headers.hmap -Xcc -I/Users/tuan/Library/Developer/Xcode/DerivedData/LinguaApp-cnzhrpjntxezraexaicvemyehwby/Build/Products/Debug-iphonesimulator/include -Xcc -I/Users/tuan/Library/Developer/Xcode/DerivedData/LinguaApp-cnzhrpjntxezraexaicvemyehwby/Build/Intermediates.noindex/LinguaApp.build/Debug-iphonesimulator/LinguaApp.build/DerivedSources-normal/arm64 -Xcc -I/Users/tuan/Library/Developer/Xcode/DerivedData/LinguaApp-cnzhrpjntxezraexaicvemyehwby/Build/Intermediates.noindex/LinguaApp.build/Debug-iphonesimulator/LinguaApp.build/DerivedSources/arm64 -Xcc -I/Users/tuan/Library/Developer/Xcode/DerivedData/LinguaApp-cnzhrpjntxezraexaicvemyehwby/Build/Intermediates.noindex/LinguaApp.build/Debug-iphonesimulator/LinguaApp.build/DerivedSources -Xcc -DDEBUG\=1 -no-auto-bridging-header-chaining -module-name LinguaApp -frontend-parseable-output -disable-clang-spi -clang-target arm64-apple-ios26.4-simulator -target-sdk-version 26.4 -target-sdk-name iphonesimulator26.4 -in-process-plugin-server-path /Applications/Xcode.app/Contents/Developer/Toolchains/XcodeDefault.xctoolchain/usr/lib/swift/host/libSwiftInProcPluginServer.dylib -emit-module-doc-path /Users/tuan/Library/Developer/Xcode/DerivedData/LinguaApp-cnzhrpjntxezraexaicvemyehwby/Build/Intermediates.noindex/LinguaApp.build/Debug-iphonesimulator/LinguaApp.build/Objects-normal/arm64/LinguaApp.swiftdoc -emit-module-source-info-path /Users/tuan/Library/Developer/Xcode/DerivedData/LinguaApp-cnzhrpjntxezraexaicvemyehwby/Build/Intermediates.noindex/LinguaApp.build/Debug-iphonesimulator/LinguaApp.build/Objects-normal/arm64/LinguaApp.swiftsourceinfo -emit-objc-header-path /Users/tuan/Library/Developer/Xcode/DerivedData/LinguaApp-cnzhrpjntxezraexaicvemyehwby/Build/Intermediates.noindex/LinguaApp.build/Debug-iphonesimulator/LinguaApp.build/Objects-normal/arm64/LinguaApp-Swift.h -serialize-diagnostics-path /Users/tuan/Library/Developer/Xcode/DerivedData/LinguaApp-cnzhrpjntxezraexaicvemyehwby/Build/Intermediates.noindex/LinguaApp.build/Debug-iphonesimulator/LinguaApp.build/Objects-normal/arm64/LinguaApp-primary-emit-module.dia -emit-dependencies-path /Users/tuan/Library/Developer/Xcode/DerivedData/LinguaApp-cnzhrpjntxezraexaicvemyehwby/Build/Intermediates.noindex/LinguaApp.build/Debug-iphonesimulator/LinguaApp.build/Objects-normal/arm64/LinguaApp-primary-emit-module.d -o /Users/tuan/Library/Developer/Xcode/DerivedData/LinguaApp-cnzhrpjntxezraexaicvemyehwby/Build/Intermediates.noindex/LinguaApp.build/Debug-iphonesimulator/LinguaApp.build/Objects-normal/arm64/LinguaApp.swiftmodule -emit-abi-descriptor-path /Users/tuan/Library/Developer/Xcode/DerivedData/LinguaApp-cnzhrpjntxezraexaicvemyehwby/Build/Intermediates.noindex/LinguaApp.build/Debug-iphonesimulator/LinguaApp.build/Objects-normal/arm64/LinguaApp.abi.json
SwiftCompile normal arm64 Compiling\ LanguageHubView.swift /Users/tuan/Learn/rust/language-app/ios/LinguaApp/LinguaApp/Views/LanguageHubView.swift (in target 'LinguaApp' from project 'LinguaApp')
SwiftCompile normal arm64 /Users/tuan/Learn/rust/language-app/ios/LinguaApp/LinguaApp/Views/LanguageHubView.swift (in target 'LinguaApp' from project 'LinguaApp')
    cd /Users/tuan/Learn/rust/language-app/ios/LinguaApp
    

✅ Build thành công! Đang cài đặt lên Simulator...
com.example.LinguaApp: 18970
🎉 Đã cập nhật app!
🚀 Phát hiện thay đổi, đang build lại...
2026-04-26 11:31:31.245 xcodebuild[18993:316467] [MT] IDERunDestination: Supported platforms for the buildables in the current scheme is empty.
** BUILD FAILED **


The following build commands failed:
	SwiftCompile normal arm64 /Users/tuan/Learn/rust/language-app/ios/LinguaApp/LinguaApp/Views/LanguageHubView.swift (in target 'LinguaApp' from project 'LinguaApp')
	SwiftCompile normal arm64 Compiling\ LanguageHubView.swift /Users/tuan/Learn/rust/language-app/ios/LinguaApp/LinguaApp/Views/LanguageHubView.swift (in target 'LinguaApp' from project 'LinguaApp')
	Building project LinguaApp with scheme LinguaApp
(3 failures)
                  ~~~~~~~~~~~~~^~~~~~~~~~~~~~~~~~~~~~
/Users/tuan/Learn/rust/language-app/ios/LinguaApp/LinguaApp/Views/LanguageHubView.swift:511:32: error: cannot infer contextual base in reference to member 'leading'
        FlowLayout(alignment: .leading, spacing: 4) {
                              ~^~~~~~~
/Users/tuan/Learn/rust/language-app/ios/LinguaApp/LinguaApp/Views/LanguageHubView.swift:559:40: error: cannot find 'TranslationService' in scope
                let result = try await TranslationService.shared.translate(cleanWord, from: languageCode)
                                       ^~~~~~~~~~~~~~~~~~

Failed frontend command:
/Applications/Xcode.app/Contents/Developer/Toolchains/XcodeDefault.xctoolchain/usr/bin/swift-frontend -frontend -c /Users/tuan/Learn/rust/language-app/ios/LinguaApp/LinguaApp/Services/APIService.swift /Users/tuan/Learn/rust/language-app/ios/LinguaApp/LinguaApp/Theme/AppTheme.swift /Users/tuan/Learn/rust/language-app/ios/LinguaApp/LinguaApp/Services/AudioService.swift /Users/tuan/Learn/rust/language-app/ios/LinguaApp/LinguaApp/Services/AuthService.swift /Users/tuan/Learn/rust/language-app/ios/LinguaApp/LinguaApp/Views/HomeView.swift -primary-file /Users/tuan/Learn/rust/language-app/ios/LinguaApp/LinguaApp/Views/LanguageHubView.swift /Users/tuan/Learn/rust/language-app/ios/LinguaApp/LinguaApp/Views/LanguagesView.swift /Users/tuan/Learn/rust/language-app/ios/LinguaApp/LinguaApp/LinguaApp.swift /Users/tuan/Learn/rust/language-app/ios/LinguaApp/LinguaApp/Services/LocalizationService.swift /Users/tuan/Learn/rust/language-app/ios/LinguaApp/LinguaApp/Views/LoginView.swift /Users/tuan/Learn/rust/language-app/ios/LinguaApp/LinguaApp/Models.swift /Users/tuan/Learn/rust/language-app/ios/LinguaApp/LinguaApp/Views/RegisterView.swift /Users/tuan/Learn/rust/language-app/ios/LinguaApp/LinguaApp/Views/SettingsView.swift /Users/tuan/Learn/rust/language-app/ios/LinguaApp/LinguaApp/Views/StoriesView.swift /Users/tuan/Learn/rust/language-app/ios/LinguaApp/LinguaApp/Views/StoryReaderView.swift /Users/tuan/Learn/rust/language-app/ios/LinguaApp/LinguaApp/Views/StoryTypingView.swift /Users/tuan/Learn/rust/language-app/ios/LinguaApp/LinguaApp/Views/VocabLessonsView.swift /Users/tuan/Learn/rust/language-app/ios/LinguaApp/LinguaApp/Views/VocabTypingView.swift /Users/tuan/Library/Developer/Xcode/DerivedData/LinguaApp-cnzhrpjntxezraexaicvemyehwby/Build/Intermediates.noindex/LinguaApp.build/Debug-iphonesimulator/LinguaApp.build/DerivedSources/GeneratedAssetSymbols.swift -emit-dependencies-path /Users/tuan/Library/Developer/Xcode/DerivedData/LinguaApp-cnzhrpjntxezraexaicvemyehwby/Build/Intermediates.noindex/LinguaApp.build/Debug-iphonesimulator/LinguaApp.build/Objects-normal/arm64/LanguageHubView.d -emit-const-values-path /Users/tuan/Library/Developer/Xcode/DerivedData/LinguaApp-cnzhrpjntxezraexaicvemyehwby/Build/Intermediates.noindex/LinguaApp.build/Debug-iphonesimulator/LinguaApp.build/Objects-normal/arm64/LanguageHubView.swiftconstvalues -emit-reference-dependencies-path /Users/tuan/Library/Developer/Xcode/DerivedData/LinguaApp-cnzhrpjntxezraexaicvemyehwby/Build/Intermediates.noindex/LinguaApp.build/Debug-iphonesimulator/LinguaApp.build/Objects-normal/arm64/LanguageHubView.swiftdeps -serialize-diagnostics-path /Users/tuan/Library/Developer/Xcode/DerivedData/LinguaApp-cnzhrpjntxezraexaicvemyehwby/Build/Intermediates.noindex/LinguaApp.build/Debug-iphonesimulator/LinguaApp.build/Objects-normal/arm64/LanguageHubView.dia -target arm64-apple-ios17.0-simulator -module-can-import-version DeveloperToolsSupport 23.40.26 23.40.26 -load-resolved-plugin /Applications/Xcode.app/Contents/Developer/Platforms/iPhoneOS.platform/Developer/usr/lib/swift/host/plugins/libFoundationMacros.dylib\#/Applications/Xcode.app/Contents/Developer/Platforms/iPhoneOS.platform/Developer/usr/bin/swift-plugin-server\#FoundationMacros -load-resolved-plugin /Applications/Xcode.app/Contents/Developer/Platforms/iPhoneOS.platform/Developer/usr/lib/swift/host/plugins/libObservationMacros.dylib\#/Applications/Xcode.app/Contents/Developer/Platforms/iPhoneOS.platform/Developer/usr/bin/swift-plugin-server\#ObservationMacros -load-resolved-plugin /Applications/Xcode.app/Contents/Developer/Platforms/iPhoneOS.platform/Developer/usr/lib/swift/host/plugins/libPreviewsMacros.dylib\#/Applications/Xcode.app/Contents/Developer/Platforms/iPhoneOS.platform/Developer/usr/bin/swift-plugin-server\#PreviewsMacros -load-resolved-plugin /Applications/Xcode.app/Contents/Developer/Platforms/iPhoneOS.platform/Developer/usr/lib/swift/host/plugins/libSwiftMacros.dylib\#/Applications/Xcode.app/Contents/Developer/Platforms/iPhoneOS.platform/Developer/usr/bin/swift-plugin-server\#SwiftMacros -load-resolved-plugin /Applications/Xcode.app/Contents/Developer/Platforms/iPhoneOS.platform/Developer/usr/lib/swift/host/plugins/libSwiftUIMacros.dylib\#/Applications/Xcode.app/Contents/Developer/Platforms/iPhoneOS.platform/Developer/usr/bin/swift-plugin-server\#SwiftUIMacros -disable-implicit-swift-modules -Xcc -fno-implicit-modules -Xcc -fno-implicit-module-maps -explicit-swift-module-map-file /Users/tuan/Library/Developer/Xcode/DerivedData/LinguaApp-cnzhrpjntxezraexaicvemyehwby/Build/Intermediates.noindex/LinguaApp.build/Debug-iphonesimulator/LinguaApp.build/Objects-normal/arm64/LinguaApp-dependencies-1.json -debug-module-path /Users/tuan/Library/Developer/Xcode/DerivedData/LinguaApp-cnzhrpjntxezraexaicvemyehwby/Build/Intermediates.noindex/LinguaApp.build/Debug-iphonesimulator/LinguaApp.build/Objects-normal/arm64/LinguaApp.swiftmodule -Xllvm -aarch64-use-tbi -enable-objc-interop -sdk /Applications/Xcode.app/Contents/Developer/Platforms/iPhoneSimulator.platform/Developer/SDKs/iPhoneSimulator26.4.sdk -I /Users/tuan/Library/Developer/Xcode/DerivedData/LinguaApp-cnzhrpjntxezraexaicvemyehwby/Build/Products/Debug-iphonesimulator -F /Users/tuan/Library/Developer/Xcode/DerivedData/LinguaApp-cnzhrpjntxezraexaicvemyehwby/Build/Products/Debug-iphonesimulator -no-color-diagnostics -Xcc -fno-color-diagnostics -enable-testing -g -debug-info-format\=dwarf -dwarf-version\=4 -module-cache-path /Users/tuan/Library/Developer/Xcode/DerivedData/LinguaApp-cnzhrpjntxezraexaicvemyehwby/Build/Intermediates.noindex/SwiftExplicitPrecompiledModules -swift-version 5 -Onone -D DEBUG -serialize-debugging-options -const-gather-protocols-file /Users/tuan/Library/Developer/Xcode/DerivedData/LinguaApp-cnzhrpjntxezraexaicvemyehwby/Build/Intermediates.noindex/LinguaApp.build/Debug-iphonesimulator/LinguaApp.build/Objects-normal/arm64/LinguaApp_const_extract_protocols.json -enable-experimental-feature DebugDescriptionMacro -enable-bare-slash-regex -empty-abi-descriptor -validate-clang-modules-once -clang-build-session-file /Users/tuan/Library/Developer/Xcode/DerivedData/ModuleCache.noindex/Session.modulevalidation -Xcc -working-directory -Xcc /Users/tuan/Learn/rust/language-app/ios/LinguaApp -enable-anonymous-context-mangled-names -file-compilation-dir /Users/tuan/Learn/rust/language-app/ios/LinguaApp -Xcc -D_LIBCPP_HARDENING_MODE\=_LIBCPP_HARDENING_MODE_DEBUG -Xcc -ivfsstatcache -Xcc /Users/tuan/Library/Developer/Xcode/DerivedData/SDKStatCaches.noindex/iphonesimulator26.4-23E252-686eebb5dc1d8ecb277353a59184f4aa.sdkstatcache -Xcc -I/Users/tuan/Library/Developer/Xcode/DerivedData/LinguaApp-cnzhrpjntxezraexaicvemyehwby/Build/Intermediates.noindex/LinguaApp.build/Debug-iphonesimulator/LinguaApp.build/swift-overrides.hmap -Xcc -iquote -Xcc /Users/tuan/Library/Developer/Xcode/DerivedData/LinguaApp-cnzhrpjntxezraexaicvemyehwby/Build/Intermediates.noindex/LinguaApp.build/Debug-iphonesimulator/LinguaApp.build/LinguaApp-generated-files.hmap -Xcc -I/Users/tuan/Library/Developer/Xcode/DerivedData/LinguaApp-cnzhrpjntxezraexaicvemyehwby/Build/Intermediates.noindex/LinguaApp.build/Debug-iphonesimulator/LinguaApp.build/LinguaApp-own-target-headers.hmap -Xcc -I/Users/tuan/Library/Developer/Xcode/DerivedData/LinguaApp-cnzhrpjntxezraexaicvemyehwby/Build/Intermediates.noindex/LinguaApp.build/Debug-iphonesimulator/LinguaApp.build/LinguaApp-all-target-headers.hmap -Xcc -iquote -Xcc /Users/tuan/Library/Developer/Xcode/DerivedData/LinguaApp-cnzhrpjntxezraexaicvemyehwby/Build/Intermediates.noindex/LinguaApp.build/Debug-iphonesimulator/LinguaApp.build/LinguaApp-project-headers.hmap -Xcc -I/Users/tuan/Library/Developer/Xcode/DerivedData/LinguaApp-cnzhrpjntxezraexaicvemyehwby/Build/Products/Debug-iphonesimulator/include -Xcc -I/Users/tuan/Library/Developer/Xcode/DerivedData/LinguaApp-cnzhrpjntxezraexaicvemyehwby/Build/Intermediates.noindex/LinguaApp.build/Debug-iphonesimulator/LinguaApp.build/DerivedSources-normal/arm64 -Xcc -I/Users/tuan/Library/Developer/Xcode/DerivedData/LinguaApp-cnzhrpjntxezraexaicvemyehwby/Build/Intermediates.noindex/LinguaApp.build/Debug-iphonesimulator/LinguaApp.build/DerivedSources/arm64 -Xcc -I/Users/tuan/Library/Developer/Xcode/DerivedData/LinguaApp-cnzhrpjntxezraexaicvemyehwby/Build/Intermediates.noindex/LinguaApp.build/Debug-iphonesimulator/LinguaApp.build/DerivedSources -Xcc -DDEBUG\=1 -no-auto-bridging-header-chaining -module-name LinguaApp -frontend-parseable-output -disable-clang-spi -clang-target arm64-apple-ios26.4-simulator -target-sdk-version 26.4 -target-sdk-name iphonesimulator26.4 -in-process-plugin-server-path /Applications/Xcode.app/Contents/Developer/Toolchains/XcodeDefault.xctoolchain/usr/lib/swift/host/libSwiftInProcPluginServer.dylib -o /Users/tuan/Library/Developer/Xcode/DerivedData/LinguaApp-cnzhrpjntxezraexaicvemyehwby/Build/Intermediates.noindex/LinguaApp.build/Debug-iphonesimulator/LinguaApp.build/Objects-normal/arm64/LanguageHubView.o -index-unit-output-path /LinguaApp.build/Debug-iphonesimulator/LinguaApp.build/Objects-normal/arm64/LanguageHubView.o -index-store-path /Users/tuan/Library/Developer/Xcode/DerivedData/LinguaApp-cnzhrpjntxezraexaicvemyehwby/Index.noindex/DataStore -index-system-modules
✅ Build thành công! Đang cài đặt lên Simulator...
com.example.LinguaApp: 19023
🎉 Đã cập nhật app!
🚀 Phát hiện thay đổi, đang build lại...
2026-04-26 11:31:48.389 xcodebuild[19029:317343] [MT] IDERunDestination: Supported platforms for the buildables in the current scheme is empty.
** BUILD FAILED **


The following build commands failed:
	SwiftCompile normal arm64 /Users/tuan/Learn/rust/language-app/ios/LinguaApp/LinguaApp/Views/LanguageHubView.swift (in target 'LinguaApp' from project 'LinguaApp')
	SwiftCompile normal arm64 Compiling\ LanguageHubView.swift /Users/tuan/Learn/rust/language-app/ios/LinguaApp/LinguaApp/Views/LanguageHubView.swift (in target 'LinguaApp' from project 'LinguaApp')
	Building project LinguaApp with scheme LinguaApp
(3 failures)
SwiftCompile normal arm64 Compiling\ LanguageHubView.swift /Users/tuan/Learn/rust/language-app/ios/LinguaApp/LinguaApp/Views/LanguageHubView.swift (in target 'LinguaApp' from project 'LinguaApp')
SwiftCompile normal arm64 /Users/tuan/Learn/rust/language-app/ios/LinguaApp/LinguaApp/Views/LanguageHubView.swift (in target 'LinguaApp' from project 'LinguaApp')
    cd /Users/tuan/Learn/rust/language-app/ios/LinguaApp
    
/Users/tuan/Learn/rust/language-app/ios/LinguaApp/LinguaApp/Views/LanguageHubView.swift:559:40: error: cannot find 'TranslationService' in scope
                let result = try await TranslationService.shared.translate(cleanWord, from: languageCode)
                                       ^~~~~~~~~~~~~~~~~~

Failed frontend command:
/Applications/Xcode.app/Contents/Developer/Toolchains/XcodeDefault.xctoolchain/usr/bin/swift-frontend -frontend -c /Users/tuan/Learn/rust/language-app/ios/LinguaApp/LinguaApp/Services/APIService.swift /Users/tuan/Learn/rust/language-app/ios/LinguaApp/LinguaApp/Theme/AppTheme.swift /Users/tuan/Learn/rust/language-app/ios/LinguaApp/LinguaApp/Services/AudioService.swift /Users/tuan/Learn/rust/language-app/ios/LinguaApp/LinguaApp/Services/AuthService.swift /Users/tuan/Learn/rust/language-app/ios/LinguaApp/LinguaApp/Views/HomeView.swift -primary-file /Users/tuan/Learn/rust/language-app/ios/LinguaApp/LinguaApp/Views/LanguageHubView.swift /Users/tuan/Learn/rust/language-app/ios/LinguaApp/LinguaApp/Views/LanguagesView.swift /Users/tuan/Learn/rust/language-app/ios/LinguaApp/LinguaApp/LinguaApp.swift /Users/tuan/Learn/rust/language-app/ios/LinguaApp/LinguaApp/Services/LocalizationService.swift /Users/tuan/Learn/rust/language-app/ios/LinguaApp/LinguaApp/Views/LoginView.swift /Users/tuan/Learn/rust/language-app/ios/LinguaApp/LinguaApp/Models.swift /Users/tuan/Learn/rust/language-app/ios/LinguaApp/LinguaApp/Views/RegisterView.swift /Users/tuan/Learn/rust/language-app/ios/LinguaApp/LinguaApp/Views/SettingsView.swift /Users/tuan/Learn/rust/language-app/ios/LinguaApp/LinguaApp/Views/StoriesView.swift /Users/tuan/Learn/rust/language-app/ios/LinguaApp/LinguaApp/Views/StoryReaderView.swift /Users/tuan/Learn/rust/language-app/ios/LinguaApp/LinguaApp/Views/StoryTypingView.swift /Users/tuan/Learn/rust/language-app/ios/LinguaApp/LinguaApp/Views/VocabLessonsView.swift /Users/tuan/Learn/rust/language-app/ios/LinguaApp/LinguaApp/Views/VocabTypingView.swift /Users/tuan/Library/Developer/Xcode/DerivedData/LinguaApp-cnzhrpjntxezraexaicvemyehwby/Build/Intermediates.noindex/LinguaApp.build/Debug-iphonesimulator/LinguaApp.build/DerivedSources/GeneratedAssetSymbols.swift -emit-dependencies-path /Users/tuan/Library/Developer/Xcode/DerivedData/LinguaApp-cnzhrpjntxezraexaicvemyehwby/Build/Intermediates.noindex/LinguaApp.build/Debug-iphonesimulator/LinguaApp.build/Objects-normal/arm64/LanguageHubView.d -emit-const-values-path /Users/tuan/Library/Developer/Xcode/DerivedData/LinguaApp-cnzhrpjntxezraexaicvemyehwby/Build/Intermediates.noindex/LinguaApp.build/Debug-iphonesimulator/LinguaApp.build/Objects-normal/arm64/LanguageHubView.swiftconstvalues -emit-reference-dependencies-path /Users/tuan/Library/Developer/Xcode/DerivedData/LinguaApp-cnzhrpjntxezraexaicvemyehwby/Build/Intermediates.noindex/LinguaApp.build/Debug-iphonesimulator/LinguaApp.build/Objects-normal/arm64/LanguageHubView.swiftdeps -serialize-diagnostics-path /Users/tuan/Library/Developer/Xcode/DerivedData/LinguaApp-cnzhrpjntxezraexaicvemyehwby/Build/Intermediates.noindex/LinguaApp.build/Debug-iphonesimulator/LinguaApp.build/Objects-normal/arm64/LanguageHubView.dia -target arm64-apple-ios17.0-simulator -module-can-import-version DeveloperToolsSupport 23.40.26 23.40.26 -load-resolved-plugin /Applications/Xcode.app/Contents/Developer/Platforms/iPhoneOS.platform/Developer/usr/lib/swift/host/plugins/libFoundationMacros.dylib\#/Applications/Xcode.app/Contents/Developer/Platforms/iPhoneOS.platform/Developer/usr/bin/swift-plugin-server\#FoundationMacros -load-resolved-plugin /Applications/Xcode.app/Contents/Developer/Platforms/iPhoneOS.platform/Developer/usr/lib/swift/host/plugins/libObservationMacros.dylib\#/Applications/Xcode.app/Contents/Developer/Platforms/iPhoneOS.platform/Developer/usr/bin/swift-plugin-server\#ObservationMacros -load-resolved-plugin /Applications/Xcode.app/Contents/Developer/Platforms/iPhoneOS.platform/Developer/usr/lib/swift/host/plugins/libPreviewsMacros.dylib\#/Applications/Xcode.app/Contents/Developer/Platforms/iPhoneOS.platform/Developer/usr/bin/swift-plugin-server\#PreviewsMacros -load-resolved-plugin /Applications/Xcode.app/Contents/Developer/Platforms/iPhoneOS.platform/Developer/usr/lib/swift/host/plugins/libSwiftMacros.dylib\#/Applications/Xcode.app/Contents/Developer/Platforms/iPhoneOS.platform/Developer/usr/bin/swift-plugin-server\#SwiftMacros -load-resolved-plugin /Applications/Xcode.app/Contents/Developer/Platforms/iPhoneOS.platform/Developer/usr/lib/swift/host/plugins/libSwiftUIMacros.dylib\#/Applications/Xcode.app/Contents/Developer/Platforms/iPhoneOS.platform/Developer/usr/bin/swift-plugin-server\#SwiftUIMacros -disable-implicit-swift-modules -Xcc -fno-implicit-modules -Xcc -fno-implicit-module-maps -explicit-swift-module-map-file /Users/tuan/Library/Developer/Xcode/DerivedData/LinguaApp-cnzhrpjntxezraexaicvemyehwby/Build/Intermediates.noindex/LinguaApp.build/Debug-iphonesimulator/LinguaApp.build/Objects-normal/arm64/LinguaApp-dependencies-1.json -debug-module-path /Users/tuan/Library/Developer/Xcode/DerivedData/LinguaApp-cnzhrpjntxezraexaicvemyehwby/Build/Intermediates.noindex/LinguaApp.build/Debug-iphonesimulator/LinguaApp.build/Objects-normal/arm64/LinguaApp.swiftmodule -Xllvm -aarch64-use-tbi -enable-objc-interop -sdk /Applications/Xcode.app/Contents/Developer/Platforms/iPhoneSimulator.platform/Developer/SDKs/iPhoneSimulator26.4.sdk -I /Users/tuan/Library/Developer/Xcode/DerivedData/LinguaApp-cnzhrpjntxezraexaicvemyehwby/Build/Products/Debug-iphonesimulator -F /Users/tuan/Library/Developer/Xcode/DerivedData/LinguaApp-cnzhrpjntxezraexaicvemyehwby/Build/Products/Debug-iphonesimulator -no-color-diagnostics -Xcc -fno-color-diagnostics -enable-testing -g -debug-info-format\=dwarf -dwarf-version\=4 -module-cache-path /Users/tuan/Library/Developer/Xcode/DerivedData/LinguaApp-cnzhrpjntxezraexaicvemyehwby/Build/Intermediates.noindex/SwiftExplicitPrecompiledModules -swift-version 5 -Onone -D DEBUG -serialize-debugging-options -const-gather-protocols-file /Users/tuan/Library/Developer/Xcode/DerivedData/LinguaApp-cnzhrpjntxezraexaicvemyehwby/Build/Intermediates.noindex/LinguaApp.build/Debug-iphonesimulator/LinguaApp.build/Objects-normal/arm64/LinguaApp_const_extract_protocols.json -enable-experimental-feature DebugDescriptionMacro -enable-bare-slash-regex -empty-abi-descriptor -validate-clang-modules-once -clang-build-session-file /Users/tuan/Library/Developer/Xcode/DerivedData/ModuleCache.noindex/Session.modulevalidation -Xcc -working-directory -Xcc /Users/tuan/Learn/rust/language-app/ios/LinguaApp -enable-anonymous-context-mangled-names -file-compilation-dir /Users/tuan/Learn/rust/language-app/ios/LinguaApp -Xcc -D_LIBCPP_HARDENING_MODE\=_LIBCPP_HARDENING_MODE_DEBUG -Xcc -ivfsstatcache -Xcc /Users/tuan/Library/Developer/Xcode/DerivedData/SDKStatCaches.noindex/iphonesimulator26.4-23E252-686eebb5dc1d8ecb277353a59184f4aa.sdkstatcache -Xcc -I/Users/tuan/Library/Developer/Xcode/DerivedData/LinguaApp-cnzhrpjntxezraexaicvemyehwby/Build/Intermediates.noindex/LinguaApp.build/Debug-iphonesimulator/LinguaApp.build/swift-overrides.hmap -Xcc -iquote -Xcc /Users/tuan/Library/Developer/Xcode/DerivedData/LinguaApp-cnzhrpjntxezraexaicvemyehwby/Build/Intermediates.noindex/LinguaApp.build/Debug-iphonesimulator/LinguaApp.build/LinguaApp-generated-files.hmap -Xcc -I/Users/tuan/Library/Developer/Xcode/DerivedData/LinguaApp-cnzhrpjntxezraexaicvemyehwby/Build/Intermediates.noindex/LinguaApp.build/Debug-iphonesimulator/LinguaApp.build/LinguaApp-own-target-headers.hmap -Xcc -I/Users/tuan/Library/Developer/Xcode/DerivedData/LinguaApp-cnzhrpjntxezraexaicvemyehwby/Build/Intermediates.noindex/LinguaApp.build/Debug-iphonesimulator/LinguaApp.build/LinguaApp-all-target-headers.hmap -Xcc -iquote -Xcc /Users/tuan/Library/Developer/Xcode/DerivedData/LinguaApp-cnzhrpjntxezraexaicvemyehwby/Build/Intermediates.noindex/LinguaApp.build/Debug-iphonesimulator/LinguaApp.build/LinguaApp-project-headers.hmap -Xcc -I/Users/tuan/Library/Developer/Xcode/DerivedData/LinguaApp-cnzhrpjntxezraexaicvemyehwby/Build/Products/Debug-iphonesimulator/include -Xcc -I/Users/tuan/Library/Developer/Xcode/DerivedData/LinguaApp-cnzhrpjntxezraexaicvemyehwby/Build/Intermediates.noindex/LinguaApp.build/Debug-iphonesimulator/LinguaApp.build/DerivedSources-normal/arm64 -Xcc -I/Users/tuan/Library/Developer/Xcode/DerivedData/LinguaApp-cnzhrpjntxezraexaicvemyehwby/Build/Intermediates.noindex/LinguaApp.build/Debug-iphonesimulator/LinguaApp.build/DerivedSources/arm64 -Xcc -I/Users/tuan/Library/Developer/Xcode/DerivedData/LinguaApp-cnzhrpjntxezraexaicvemyehwby/Build/Intermediates.noindex/LinguaApp.build/Debug-iphonesimulator/LinguaApp.build/DerivedSources -Xcc -DDEBUG\=1 -no-auto-bridging-header-chaining -module-name LinguaApp -frontend-parseable-output -disable-clang-spi -clang-target arm64-apple-ios26.4-simulator -target-sdk-version 26.4 -target-sdk-name iphonesimulator26.4 -in-process-plugin-server-path /Applications/Xcode.app/Contents/Developer/Toolchains/XcodeDefault.xctoolchain/usr/lib/swift/host/libSwiftInProcPluginServer.dylib -o /Users/tuan/Library/Developer/Xcode/DerivedData/LinguaApp-cnzhrpjntxezraexaicvemyehwby/Build/Intermediates.noindex/LinguaApp.build/Debug-iphonesimulator/LinguaApp.build/Objects-normal/arm64/LanguageHubView.o -index-unit-output-path /LinguaApp.build/Debug-iphonesimulator/LinguaApp.build/Objects-normal/arm64/LanguageHubView.o -index-store-path /Users/tuan/Library/Developer/Xcode/DerivedData/LinguaApp-cnzhrpjntxezraexaicvemyehwby/Index.noindex/DataStore -index-system-modules
✅ Build thành công! Đang cài đặt lên Simulator...
com.example.LinguaApp: 19065
🎉 Đã cập nhật app!
🚀 Phát hiện thay đổi, đang build lại...
2026-04-26 11:32:21.783 xcodebuild[19117:318926] [MT] IDERunDestination: Supported platforms for the buildables in the current scheme is empty.
    Signing Identity:     "Sign to Run Locally"
    
    /usr/bin/codesign --force --sign - --timestamp\=none --generate-entitlement-der /Users/tuan/Library/Developer/Xcode/DerivedData/LinguaApp-cnzhrpjntxezraexaicvemyehwby/Build/Products/Debug-iphonesimulator/LinguaApp.app

Validate /Users/tuan/Library/Developer/Xcode/DerivedData/LinguaApp-cnzhrpjntxezraexaicvemyehwby/Build/Products/Debug-iphonesimulator/LinguaApp.app (in target 'LinguaApp' from project 'LinguaApp')
    cd /Users/tuan/Learn/rust/language-app/ios/LinguaApp
    builtin-validationUtility /Users/tuan/Library/Developer/Xcode/DerivedData/LinguaApp-cnzhrpjntxezraexaicvemyehwby/Build/Products/Debug-iphonesimulator/LinguaApp.app -shallow-bundle -infoplist-subpath Info.plist

** BUILD SUCCEEDED **

✅ Build thành công! Đang cài đặt lên Simulator...
com.example.LinguaApp: 19187
🎉 Đã cập nhật app!
🚀 Phát hiện thay đổi, đang build lại...
2026-04-26 11:32:38.237 xcodebuild[19189:319984] [MT] IDERunDestination: Supported platforms for the buildables in the current scheme is empty.
ProcessInfoPlistFile /Users/tuan/Library/Developer/Xcode/DerivedData/LinguaApp-cnzhrpjntxezraexaicvemyehwby/Build/Products/Debug-iphonesimulator/LinguaApp.app/Info.plist /Users/tuan/Learn/rust/language-app/ios/LinguaApp/LinguaApp/Info.plist (in target 'LinguaApp' from project 'LinguaApp')
    cd /Users/tuan/Learn/rust/language-app/ios/LinguaApp
    builtin-infoPlistUtility /Users/tuan/Learn/rust/language-app/ios/LinguaApp/LinguaApp/Info.plist -producttype com.apple.product-type.application -genpkginfo /Users/tuan/Library/Developer/Xcode/DerivedData/LinguaApp-cnzhrpjntxezraexaicvemyehwby/Build/Products/Debug-iphonesimulator/LinguaApp.app/PkgInfo -expandbuildsettings -format binary -platform iphonesimulator -additionalcontentfile /Users/tuan/Library/Developer/Xcode/DerivedData/LinguaApp-cnzhrpjntxezraexaicvemyehwby/Build/Intermediates.noindex/LinguaApp.build/Debug-iphonesimulator/LinguaApp.build/assetcatalog_generated_info.plist -o /Users/tuan/Library/Developer/Xcode/DerivedData/LinguaApp-cnzhrpjntxezraexaicvemyehwby/Build/Products/Debug-iphonesimulator/LinguaApp.app/Info.plist

CopySwiftLibs /Users/tuan/Library/Developer/Xcode/DerivedData/LinguaApp-cnzhrpjntxezraexaicvemyehwby/Build/Products/Debug-iphonesimulator/LinguaApp.app (in target 'LinguaApp' from project 'LinguaApp')
    cd /Users/tuan/Learn/rust/language-app/ios/LinguaApp
    builtin-swiftStdLibTool --copy --verbose --sign - --scan-executable /Users/tuan/Library/Developer/Xcode/DerivedData/LinguaApp-cnzhrpjntxezraexaicvemyehwby/Build/Products/Debug-iphonesimulator/LinguaApp.app/LinguaApp.debug.dylib --scan-folder /Users/tuan/Library/Developer/Xcode/DerivedData/LinguaApp-cnzhrpjntxezraexaicvemyehwby/Build/Products/Debug-iphonesimulator/LinguaApp.app/Frameworks --scan-folder /Users/tuan/Library/Developer/Xcode/DerivedData/LinguaApp-cnzhrpjntxezraexaicvemyehwby/Build/Products/Debug-iphonesimulator/LinguaApp.app/PlugIns --scan-folder /Users/tuan/Library/Developer/Xcode/DerivedData/LinguaApp-cnzhrpjntxezraexaicvemyehwby/Build/Products/Debug-iphonesimulator/LinguaApp.app/SystemExtensions --scan-folder /Users/tuan/Library/Developer/Xcode/DerivedData/LinguaApp-cnzhrpjntxezraexaicvemyehwby/Build/Products/Debug-iphonesimulator/LinguaApp.app/Extensions --platform iphonesimulator --toolchain /Applications/Xcode.app/Contents/Developer/Toolchains/XcodeDefault.xctoolchain --destination /Users/tuan/Library/Developer/Xcode/DerivedData/LinguaApp-cnzhrpjntxezraexaicvemyehwby/Build/Products/Debug-iphonesimulator/LinguaApp.app/Frameworks --strip-bitcode --strip-bitcode-tool /Applications/Xcode.app/Contents/Developer/Toolchains/XcodeDefault.xctoolchain/usr/bin/bitcode_strip --emit-dependency-info /Users/tuan/Library/Developer/Xcode/DerivedData/LinguaApp-cnzhrpjntxezraexaicvemyehwby/Build/Intermediates.noindex/LinguaApp.build/Debug-iphonesimulator/LinguaApp.build/SwiftStdLibToolInputDependencies.dep --filter-for-swift-os

** BUILD SUCCEEDED **

✅ Build thành công! Đang cài đặt lên Simulator...
com.example.LinguaApp: 19203
🎉 Đã cập nhật app!
🚀 Phát hiện thay đổi, đang build lại...
2026-04-26 11:34:07.973 xcodebuild[19257:322090] [MT] IDERunDestination: Supported platforms for the buildables in the current scheme is empty.
    Signing Identity:     "Sign to Run Locally"
    
    /usr/bin/codesign --force --sign - --timestamp\=none --generate-entitlement-der /Users/tuan/Library/Developer/Xcode/DerivedData/LinguaApp-cnzhrpjntxezraexaicvemyehwby/Build/Products/Debug-iphonesimulator/LinguaApp.app

Validate /Users/tuan/Library/Developer/Xcode/DerivedData/LinguaApp-cnzhrpjntxezraexaicvemyehwby/Build/Products/Debug-iphonesimulator/LinguaApp.app (in target 'LinguaApp' from project 'LinguaApp')
    cd /Users/tuan/Learn/rust/language-app/ios/LinguaApp
    builtin-validationUtility /Users/tuan/Library/Developer/Xcode/DerivedData/LinguaApp-cnzhrpjntxezraexaicvemyehwby/Build/Products/Debug-iphonesimulator/LinguaApp.app -shallow-bundle -infoplist-subpath Info.plist

** BUILD SUCCEEDED **

✅ Build thành công! Đang cài đặt lên Simulator...
com.example.LinguaApp: 19314
🎉 Đã cập nhật app!
🚀 Phát hiện thay đổi, đang build lại...
2026-04-26 11:36:33.230 xcodebuild[19395:325267] [MT] IDERunDestination: Supported platforms for the buildables in the current scheme is empty.
    Signing Identity:     "Sign to Run Locally"
    
    /usr/bin/codesign --force --sign - --timestamp\=none --generate-entitlement-der /Users/tuan/Library/Developer/Xcode/DerivedData/LinguaApp-cnzhrpjntxezraexaicvemyehwby/Build/Products/Debug-iphonesimulator/LinguaApp.app

Validate /Users/tuan/Library/Developer/Xcode/DerivedData/LinguaApp-cnzhrpjntxezraexaicvemyehwby/Build/Products/Debug-iphonesimulator/LinguaApp.app (in target 'LinguaApp' from project 'LinguaApp')
    cd /Users/tuan/Learn/rust/language-app/ios/LinguaApp
    builtin-validationUtility /Users/tuan/Library/Developer/Xcode/DerivedData/LinguaApp-cnzhrpjntxezraexaicvemyehwby/Build/Products/Debug-iphonesimulator/LinguaApp.app -shallow-bundle -infoplist-subpath Info.plist

** BUILD SUCCEEDED **

✅ Build thành công! Đang cài đặt lên Simulator...
com.example.LinguaApp: 19445
🎉 Đã cập nhật app!
🚀 Phát hiện thay đổi, đang build lại...
2026-04-26 11:40:20.201 xcodebuild[19577:330068] [MT] IDERunDestination: Supported platforms for the buildables in the current scheme is empty.
    Signing Identity:     "Sign to Run Locally"
    
    /usr/bin/codesign --force --sign - --timestamp\=none --generate-entitlement-der /Users/tuan/Library/Developer/Xcode/DerivedData/LinguaApp-cnzhrpjntxezraexaicvemyehwby/Build/Products/Debug-iphonesimulator/LinguaApp.app

Validate /Users/tuan/Library/Developer/Xcode/DerivedData/LinguaApp-cnzhrpjntxezraexaicvemyehwby/Build/Products/Debug-iphonesimulator/LinguaApp.app (in target 'LinguaApp' from project 'LinguaApp')
    cd /Users/tuan/Learn/rust/language-app/ios/LinguaApp
    builtin-validationUtility /Users/tuan/Library/Developer/Xcode/DerivedData/LinguaApp-cnzhrpjntxezraexaicvemyehwby/Build/Products/Debug-iphonesimulator/LinguaApp.app -shallow-bundle -infoplist-subpath Info.plist

** BUILD SUCCEEDED **

✅ Build thành công! Đang cài đặt lên Simulator...
com.example.LinguaApp: 19641
🎉 Đã cập nhật app!
🚀 Phát hiện thay đổi, đang build lại...
2026-04-26 11:41:36.373 xcodebuild[19678:332307] [MT] IDERunDestination: Supported platforms for the buildables in the current scheme is empty.
    Signing Identity:     "Sign to Run Locally"
    
    /usr/bin/codesign --force --sign - --timestamp\=none --generate-entitlement-der /Users/tuan/Library/Developer/Xcode/DerivedData/LinguaApp-cnzhrpjntxezraexaicvemyehwby/Build/Products/Debug-iphonesimulator/LinguaApp.app

Validate /Users/tuan/Library/Developer/Xcode/DerivedData/LinguaApp-cnzhrpjntxezraexaicvemyehwby/Build/Products/Debug-iphonesimulator/LinguaApp.app (in target 'LinguaApp' from project 'LinguaApp')
    cd /Users/tuan/Learn/rust/language-app/ios/LinguaApp
    builtin-validationUtility /Users/tuan/Library/Developer/Xcode/DerivedData/LinguaApp-cnzhrpjntxezraexaicvemyehwby/Build/Products/Debug-iphonesimulator/LinguaApp.app -shallow-bundle -infoplist-subpath Info.plist

** BUILD SUCCEEDED **

✅ Build thành công! Đang cài đặt lên Simulator...
com.example.LinguaApp: 19727
🎉 Đã cập nhật app!
🚀 Phát hiện thay đổi, đang build lại...
2026-04-26 11:43:19.937 xcodebuild[19789:335012] [MT] IDERunDestination: Supported platforms for the buildables in the current scheme is empty.
    Signing Identity:     "Sign to Run Locally"
    
    /usr/bin/codesign --force --sign - --timestamp\=none --generate-entitlement-der /Users/tuan/Library/Developer/Xcode/DerivedData/LinguaApp-cnzhrpjntxezraexaicvemyehwby/Build/Products/Debug-iphonesimulator/LinguaApp.app

Validate /Users/tuan/Library/Developer/Xcode/DerivedData/LinguaApp-cnzhrpjntxezraexaicvemyehwby/Build/Products/Debug-iphonesimulator/LinguaApp.app (in target 'LinguaApp' from project 'LinguaApp')
    cd /Users/tuan/Learn/rust/language-app/ios/LinguaApp
    builtin-validationUtility /Users/tuan/Library/Developer/Xcode/DerivedData/LinguaApp-cnzhrpjntxezraexaicvemyehwby/Build/Products/Debug-iphonesimulator/LinguaApp.app -shallow-bundle -infoplist-subpath Info.plist

** BUILD SUCCEEDED **

✅ Build thành công! Đang cài đặt lên Simulator...
com.example.LinguaApp: 19837
🎉 Đã cập nhật app!
🚀 Phát hiện thay đổi, đang build lại...
2026-04-26 11:44:33.666 xcodebuild[19874:337099] [MT] IDERunDestination: Supported platforms for the buildables in the current scheme is empty.
** BUILD FAILED **


The following build commands failed:
	SwiftCompile normal arm64 /Users/tuan/Learn/rust/language-app/ios/LinguaApp/LinguaApp/Views/LanguageHubView.swift (in target 'LinguaApp' from project 'LinguaApp')
	SwiftCompile normal arm64 Compiling\ LanguageHubView.swift /Users/tuan/Learn/rust/language-app/ios/LinguaApp/LinguaApp/Views/LanguageHubView.swift (in target 'LinguaApp' from project 'LinguaApp')
	Building project LinguaApp with scheme LinguaApp
(3 failures)
                                                   ^~~~~~~~~~~~~~

Failed frontend command:
/Applications/Xcode.app/Contents/Developer/Toolchains/XcodeDefault.xctoolchain/usr/bin/swift-frontend -frontend -c /Users/tuan/Learn/rust/language-app/ios/LinguaApp/LinguaApp/Services/APIService.swift /Users/tuan/Learn/rust/language-app/ios/LinguaApp/LinguaApp/Theme/AppTheme.swift /Users/tuan/Learn/rust/language-app/ios/LinguaApp/LinguaApp/Services/AudioService.swift /Users/tuan/Learn/rust/language-app/ios/LinguaApp/LinguaApp/Services/AuthService.swift /Users/tuan/Learn/rust/language-app/ios/LinguaApp/LinguaApp/Views/HomeView.swift -primary-file /Users/tuan/Learn/rust/language-app/ios/LinguaApp/LinguaApp/Views/LanguageHubView.swift /Users/tuan/Learn/rust/language-app/ios/LinguaApp/LinguaApp/Views/LanguagesView.swift /Users/tuan/Learn/rust/language-app/ios/LinguaApp/LinguaApp/LinguaApp.swift /Users/tuan/Learn/rust/language-app/ios/LinguaApp/LinguaApp/Services/LocalizationService.swift /Users/tuan/Learn/rust/language-app/ios/LinguaApp/LinguaApp/Views/LoginView.swift /Users/tuan/Learn/rust/language-app/ios/LinguaApp/LinguaApp/Models.swift /Users/tuan/Learn/rust/language-app/ios/LinguaApp/LinguaApp/Views/RegisterView.swift /Users/tuan/Learn/rust/language-app/ios/LinguaApp/LinguaApp/Views/SettingsView.swift /Users/tuan/Learn/rust/language-app/ios/LinguaApp/LinguaApp/Views/StoriesView.swift /Users/tuan/Learn/rust/language-app/ios/LinguaApp/LinguaApp/Views/StoryReaderView.swift /Users/tuan/Learn/rust/language-app/ios/LinguaApp/LinguaApp/Views/StoryTypingView.swift /Users/tuan/Learn/rust/language-app/ios/LinguaApp/LinguaApp/Views/VocabLessonsView.swift /Users/tuan/Learn/rust/language-app/ios/LinguaApp/LinguaApp/Views/VocabTypingView.swift /Users/tuan/Library/Developer/Xcode/DerivedData/LinguaApp-cnzhrpjntxezraexaicvemyehwby/Build/Intermediates.noindex/LinguaApp.build/Debug-iphonesimulator/LinguaApp.build/DerivedSources/GeneratedAssetSymbols.swift -emit-dependencies-path /Users/tuan/Library/Developer/Xcode/DerivedData/LinguaApp-cnzhrpjntxezraexaicvemyehwby/Build/Intermediates.noindex/LinguaApp.build/Debug-iphonesimulator/LinguaApp.build/Objects-normal/arm64/LanguageHubView.d -emit-const-values-path /Users/tuan/Library/Developer/Xcode/DerivedData/LinguaApp-cnzhrpjntxezraexaicvemyehwby/Build/Intermediates.noindex/LinguaApp.build/Debug-iphonesimulator/LinguaApp.build/Objects-normal/arm64/LanguageHubView.swiftconstvalues -emit-reference-dependencies-path /Users/tuan/Library/Developer/Xcode/DerivedData/LinguaApp-cnzhrpjntxezraexaicvemyehwby/Build/Intermediates.noindex/LinguaApp.build/Debug-iphonesimulator/LinguaApp.build/Objects-normal/arm64/LanguageHubView.swiftdeps -serialize-diagnostics-path /Users/tuan/Library/Developer/Xcode/DerivedData/LinguaApp-cnzhrpjntxezraexaicvemyehwby/Build/Intermediates.noindex/LinguaApp.build/Debug-iphonesimulator/LinguaApp.build/Objects-normal/arm64/LanguageHubView.dia -target arm64-apple-ios17.0-simulator -module-can-import-version DeveloperToolsSupport 23.40.26 23.40.26 -load-resolved-plugin /Applications/Xcode.app/Contents/Developer/Platforms/iPhoneOS.platform/Developer/usr/lib/swift/host/plugins/libFoundationMacros.dylib\#/Applications/Xcode.app/Contents/Developer/Platforms/iPhoneOS.platform/Developer/usr/bin/swift-plugin-server\#FoundationMacros -load-resolved-plugin /Applications/Xcode.app/Contents/Developer/Platforms/iPhoneOS.platform/Developer/usr/lib/swift/host/plugins/libObservationMacros.dylib\#/Applications/Xcode.app/Contents/Developer/Platforms/iPhoneOS.platform/Developer/usr/bin/swift-plugin-server\#ObservationMacros -load-resolved-plugin /Applications/Xcode.app/Contents/Developer/Platforms/iPhoneOS.platform/Developer/usr/lib/swift/host/plugins/libPreviewsMacros.dylib\#/Applications/Xcode.app/Contents/Developer/Platforms/iPhoneOS.platform/Developer/usr/bin/swift-plugin-server\#PreviewsMacros -load-resolved-plugin /Applications/Xcode.app/Contents/Developer/Platforms/iPhoneOS.platform/Developer/usr/lib/swift/host/plugins/libSwiftMacros.dylib\#/Applications/Xcode.app/Contents/Developer/Platforms/iPhoneOS.platform/Developer/usr/bin/swift-plugin-server\#SwiftMacros -load-resolved-plugin /Applications/Xcode.app/Contents/Developer/Platforms/iPhoneOS.platform/Developer/usr/lib/swift/host/plugins/libSwiftUIMacros.dylib\#/Applications/Xcode.app/Contents/Developer/Platforms/iPhoneOS.platform/Developer/usr/bin/swift-plugin-server\#SwiftUIMacros -disable-implicit-swift-modules -Xcc -fno-implicit-modules -Xcc -fno-implicit-module-maps -explicit-swift-module-map-file /Users/tuan/Library/Developer/Xcode/DerivedData/LinguaApp-cnzhrpjntxezraexaicvemyehwby/Build/Intermediates.noindex/LinguaApp.build/Debug-iphonesimulator/LinguaApp.build/Objects-normal/arm64/LinguaApp-dependencies-1.json -debug-module-path /Users/tuan/Library/Developer/Xcode/DerivedData/LinguaApp-cnzhrpjntxezraexaicvemyehwby/Build/Intermediates.noindex/LinguaApp.build/Debug-iphonesimulator/LinguaApp.build/Objects-normal/arm64/LinguaApp.swiftmodule -Xllvm -aarch64-use-tbi -enable-objc-interop -sdk /Applications/Xcode.app/Contents/Developer/Platforms/iPhoneSimulator.platform/Developer/SDKs/iPhoneSimulator26.4.sdk -I /Users/tuan/Library/Developer/Xcode/DerivedData/LinguaApp-cnzhrpjntxezraexaicvemyehwby/Build/Products/Debug-iphonesimulator -F /Users/tuan/Library/Developer/Xcode/DerivedData/LinguaApp-cnzhrpjntxezraexaicvemyehwby/Build/Products/Debug-iphonesimulator -no-color-diagnostics -Xcc -fno-color-diagnostics -enable-testing -g -debug-info-format\=dwarf -dwarf-version\=4 -module-cache-path /Users/tuan/Library/Developer/Xcode/DerivedData/LinguaApp-cnzhrpjntxezraexaicvemyehwby/Build/Intermediates.noindex/SwiftExplicitPrecompiledModules -swift-version 5 -Onone -D DEBUG -serialize-debugging-options -const-gather-protocols-file /Users/tuan/Library/Developer/Xcode/DerivedData/LinguaApp-cnzhrpjntxezraexaicvemyehwby/Build/Intermediates.noindex/LinguaApp.build/Debug-iphonesimulator/LinguaApp.build/Objects-normal/arm64/LinguaApp_const_extract_protocols.json -enable-experimental-feature DebugDescriptionMacro -enable-bare-slash-regex -empty-abi-descriptor -validate-clang-modules-once -clang-build-session-file /Users/tuan/Library/Developer/Xcode/DerivedData/ModuleCache.noindex/Session.modulevalidation -Xcc -working-directory -Xcc /Users/tuan/Learn/rust/language-app/ios/LinguaApp -enable-anonymous-context-mangled-names -file-compilation-dir /Users/tuan/Learn/rust/language-app/ios/LinguaApp -Xcc -D_LIBCPP_HARDENING_MODE\=_LIBCPP_HARDENING_MODE_DEBUG -Xcc -ivfsstatcache -Xcc /Users/tuan/Library/Developer/Xcode/DerivedData/SDKStatCaches.noindex/iphonesimulator26.4-23E252-686eebb5dc1d8ecb277353a59184f4aa.sdkstatcache -Xcc -I/Users/tuan/Library/Developer/Xcode/DerivedData/LinguaApp-cnzhrpjntxezraexaicvemyehwby/Build/Intermediates.noindex/LinguaApp.build/Debug-iphonesimulator/LinguaApp.build/swift-overrides.hmap -Xcc -iquote -Xcc /Users/tuan/Library/Developer/Xcode/DerivedData/LinguaApp-cnzhrpjntxezraexaicvemyehwby/Build/Intermediates.noindex/LinguaApp.build/Debug-iphonesimulator/LinguaApp.build/LinguaApp-generated-files.hmap -Xcc -I/Users/tuan/Library/Developer/Xcode/DerivedData/LinguaApp-cnzhrpjntxezraexaicvemyehwby/Build/Intermediates.noindex/LinguaApp.build/Debug-iphonesimulator/LinguaApp.build/LinguaApp-own-target-headers.hmap -Xcc -I/Users/tuan/Library/Developer/Xcode/DerivedData/LinguaApp-cnzhrpjntxezraexaicvemyehwby/Build/Intermediates.noindex/LinguaApp.build/Debug-iphonesimulator/LinguaApp.build/LinguaApp-all-target-headers.hmap -Xcc -iquote -Xcc /Users/tuan/Library/Developer/Xcode/DerivedData/LinguaApp-cnzhrpjntxezraexaicvemyehwby/Build/Intermediates.noindex/LinguaApp.build/Debug-iphonesimulator/LinguaApp.build/LinguaApp-project-headers.hmap -Xcc -I/Users/tuan/Library/Developer/Xcode/DerivedData/LinguaApp-cnzhrpjntxezraexaicvemyehwby/Build/Products/Debug-iphonesimulator/include -Xcc -I/Users/tuan/Library/Developer/Xcode/DerivedData/LinguaApp-cnzhrpjntxezraexaicvemyehwby/Build/Intermediates.noindex/LinguaApp.build/Debug-iphonesimulator/LinguaApp.build/DerivedSources-normal/arm64 -Xcc -I/Users/tuan/Library/Developer/Xcode/DerivedData/LinguaApp-cnzhrpjntxezraexaicvemyehwby/Build/Intermediates.noindex/LinguaApp.build/Debug-iphonesimulator/LinguaApp.build/DerivedSources/arm64 -Xcc -I/Users/tuan/Library/Developer/Xcode/DerivedData/LinguaApp-cnzhrpjntxezraexaicvemyehwby/Build/Intermediates.noindex/LinguaApp.build/Debug-iphonesimulator/LinguaApp.build/DerivedSources -Xcc -DDEBUG\=1 -no-auto-bridging-header-chaining -module-name LinguaApp -frontend-parseable-output -disable-clang-spi -clang-target arm64-apple-ios26.4-simulator -target-sdk-version 26.4 -target-sdk-name iphonesimulator26.4 -in-process-plugin-server-path /Applications/Xcode.app/Contents/Developer/Toolchains/XcodeDefault.xctoolchain/usr/lib/swift/host/libSwiftInProcPluginServer.dylib -o /Users/tuan/Library/Developer/Xcode/DerivedData/LinguaApp-cnzhrpjntxezraexaicvemyehwby/Build/Intermediates.noindex/LinguaApp.build/Debug-iphonesimulator/LinguaApp.build/Objects-normal/arm64/LanguageHubView.o -index-unit-output-path /LinguaApp.build/Debug-iphonesimulator/LinguaApp.build/Objects-normal/arm64/LanguageHubView.o -index-store-path /Users/tuan/Library/Developer/Xcode/DerivedData/LinguaApp-cnzhrpjntxezraexaicvemyehwby/Index.noindex/DataStore -index-system-modules
SwiftEmitModule normal arm64 Emitting\ module\ for\ LinguaApp (in target 'LinguaApp' from project 'LinguaApp')

EmitSwiftModule normal arm64 (in target 'LinguaApp' from project 'LinguaApp')
    cd /Users/tuan/Learn/rust/language-app/ios/LinguaApp
    

✅ Build thành công! Đang cài đặt lên Simulator...
com.example.LinguaApp: 19906
🎉 Đã cập nhật app!
🚀 Phát hiện thay đổi, đang build lại...
2026-04-26 11:44:46.535 xcodebuild[19907:337805] [MT] IDERunDestination: Supported platforms for the buildables in the current scheme is empty.
** BUILD FAILED **


The following build commands failed:
	SwiftCompile normal arm64 /Users/tuan/Learn/rust/language-app/ios/LinguaApp/LinguaApp/Views/LanguageHubView.swift (in target 'LinguaApp' from project 'LinguaApp')
	SwiftCompile normal arm64 Compiling\ LanguageHubView.swift /Users/tuan/Learn/rust/language-app/ios/LinguaApp/LinguaApp/Views/LanguageHubView.swift (in target 'LinguaApp' from project 'LinguaApp')
	Building project LinguaApp with scheme LinguaApp
(3 failures)
                                                   ^~~~~~~~~~~~~~

Failed frontend command:
/Applications/Xcode.app/Contents/Developer/Toolchains/XcodeDefault.xctoolchain/usr/bin/swift-frontend -frontend -c /Users/tuan/Learn/rust/language-app/ios/LinguaApp/LinguaApp/Services/APIService.swift /Users/tuan/Learn/rust/language-app/ios/LinguaApp/LinguaApp/Theme/AppTheme.swift /Users/tuan/Learn/rust/language-app/ios/LinguaApp/LinguaApp/Services/AudioService.swift /Users/tuan/Learn/rust/language-app/ios/LinguaApp/LinguaApp/Services/AuthService.swift /Users/tuan/Learn/rust/language-app/ios/LinguaApp/LinguaApp/Views/HomeView.swift -primary-file /Users/tuan/Learn/rust/language-app/ios/LinguaApp/LinguaApp/Views/LanguageHubView.swift /Users/tuan/Learn/rust/language-app/ios/LinguaApp/LinguaApp/Views/LanguagesView.swift /Users/tuan/Learn/rust/language-app/ios/LinguaApp/LinguaApp/LinguaApp.swift /Users/tuan/Learn/rust/language-app/ios/LinguaApp/LinguaApp/Services/LocalizationService.swift /Users/tuan/Learn/rust/language-app/ios/LinguaApp/LinguaApp/Views/LoginView.swift /Users/tuan/Learn/rust/language-app/ios/LinguaApp/LinguaApp/Models.swift /Users/tuan/Learn/rust/language-app/ios/LinguaApp/LinguaApp/Views/RegisterView.swift /Users/tuan/Learn/rust/language-app/ios/LinguaApp/LinguaApp/Views/SettingsView.swift /Users/tuan/Learn/rust/language-app/ios/LinguaApp/LinguaApp/Views/StoriesView.swift /Users/tuan/Learn/rust/language-app/ios/LinguaApp/LinguaApp/Views/StoryReaderView.swift /Users/tuan/Learn/rust/language-app/ios/LinguaApp/LinguaApp/Views/StoryTypingView.swift /Users/tuan/Learn/rust/language-app/ios/LinguaApp/LinguaApp/Views/VocabLessonsView.swift /Users/tuan/Learn/rust/language-app/ios/LinguaApp/LinguaApp/Views/VocabTypingView.swift /Users/tuan/Library/Developer/Xcode/DerivedData/LinguaApp-cnzhrpjntxezraexaicvemyehwby/Build/Intermediates.noindex/LinguaApp.build/Debug-iphonesimulator/LinguaApp.build/DerivedSources/GeneratedAssetSymbols.swift -emit-dependencies-path /Users/tuan/Library/Developer/Xcode/DerivedData/LinguaApp-cnzhrpjntxezraexaicvemyehwby/Build/Intermediates.noindex/LinguaApp.build/Debug-iphonesimulator/LinguaApp.build/Objects-normal/arm64/LanguageHubView.d -emit-const-values-path /Users/tuan/Library/Developer/Xcode/DerivedData/LinguaApp-cnzhrpjntxezraexaicvemyehwby/Build/Intermediates.noindex/LinguaApp.build/Debug-iphonesimulator/LinguaApp.build/Objects-normal/arm64/LanguageHubView.swiftconstvalues -emit-reference-dependencies-path /Users/tuan/Library/Developer/Xcode/DerivedData/LinguaApp-cnzhrpjntxezraexaicvemyehwby/Build/Intermediates.noindex/LinguaApp.build/Debug-iphonesimulator/LinguaApp.build/Objects-normal/arm64/LanguageHubView.swiftdeps -serialize-diagnostics-path /Users/tuan/Library/Developer/Xcode/DerivedData/LinguaApp-cnzhrpjntxezraexaicvemyehwby/Build/Intermediates.noindex/LinguaApp.build/Debug-iphonesimulator/LinguaApp.build/Objects-normal/arm64/LanguageHubView.dia -target arm64-apple-ios17.0-simulator -module-can-import-version DeveloperToolsSupport 23.40.26 23.40.26 -load-resolved-plugin /Applications/Xcode.app/Contents/Developer/Platforms/iPhoneOS.platform/Developer/usr/lib/swift/host/plugins/libFoundationMacros.dylib\#/Applications/Xcode.app/Contents/Developer/Platforms/iPhoneOS.platform/Developer/usr/bin/swift-plugin-server\#FoundationMacros -load-resolved-plugin /Applications/Xcode.app/Contents/Developer/Platforms/iPhoneOS.platform/Developer/usr/lib/swift/host/plugins/libObservationMacros.dylib\#/Applications/Xcode.app/Contents/Developer/Platforms/iPhoneOS.platform/Developer/usr/bin/swift-plugin-server\#ObservationMacros -load-resolved-plugin /Applications/Xcode.app/Contents/Developer/Platforms/iPhoneOS.platform/Developer/usr/lib/swift/host/plugins/libPreviewsMacros.dylib\#/Applications/Xcode.app/Contents/Developer/Platforms/iPhoneOS.platform/Developer/usr/bin/swift-plugin-server\#PreviewsMacros -load-resolved-plugin /Applications/Xcode.app/Contents/Developer/Platforms/iPhoneOS.platform/Developer/usr/lib/swift/host/plugins/libSwiftMacros.dylib\#/Applications/Xcode.app/Contents/Developer/Platforms/iPhoneOS.platform/Developer/usr/bin/swift-plugin-server\#SwiftMacros -load-resolved-plugin /Applications/Xcode.app/Contents/Developer/Platforms/iPhoneOS.platform/Developer/usr/lib/swift/host/plugins/libSwiftUIMacros.dylib\#/Applications/Xcode.app/Contents/Developer/Platforms/iPhoneOS.platform/Developer/usr/bin/swift-plugin-server\#SwiftUIMacros -disable-implicit-swift-modules -Xcc -fno-implicit-modules -Xcc -fno-implicit-module-maps -explicit-swift-module-map-file /Users/tuan/Library/Developer/Xcode/DerivedData/LinguaApp-cnzhrpjntxezraexaicvemyehwby/Build/Intermediates.noindex/LinguaApp.build/Debug-iphonesimulator/LinguaApp.build/Objects-normal/arm64/LinguaApp-dependencies-1.json -debug-module-path /Users/tuan/Library/Developer/Xcode/DerivedData/LinguaApp-cnzhrpjntxezraexaicvemyehwby/Build/Intermediates.noindex/LinguaApp.build/Debug-iphonesimulator/LinguaApp.build/Objects-normal/arm64/LinguaApp.swiftmodule -Xllvm -aarch64-use-tbi -enable-objc-interop -sdk /Applications/Xcode.app/Contents/Developer/Platforms/iPhoneSimulator.platform/Developer/SDKs/iPhoneSimulator26.4.sdk -I /Users/tuan/Library/Developer/Xcode/DerivedData/LinguaApp-cnzhrpjntxezraexaicvemyehwby/Build/Products/Debug-iphonesimulator -F /Users/tuan/Library/Developer/Xcode/DerivedData/LinguaApp-cnzhrpjntxezraexaicvemyehwby/Build/Products/Debug-iphonesimulator -no-color-diagnostics -Xcc -fno-color-diagnostics -enable-testing -g -debug-info-format\=dwarf -dwarf-version\=4 -module-cache-path /Users/tuan/Library/Developer/Xcode/DerivedData/LinguaApp-cnzhrpjntxezraexaicvemyehwby/Build/Intermediates.noindex/SwiftExplicitPrecompiledModules -swift-version 5 -Onone -D DEBUG -serialize-debugging-options -const-gather-protocols-file /Users/tuan/Library/Developer/Xcode/DerivedData/LinguaApp-cnzhrpjntxezraexaicvemyehwby/Build/Intermediates.noindex/LinguaApp.build/Debug-iphonesimulator/LinguaApp.build/Objects-normal/arm64/LinguaApp_const_extract_protocols.json -enable-experimental-feature DebugDescriptionMacro -enable-bare-slash-regex -empty-abi-descriptor -validate-clang-modules-once -clang-build-session-file /Users/tuan/Library/Developer/Xcode/DerivedData/ModuleCache.noindex/Session.modulevalidation -Xcc -working-directory -Xcc /Users/tuan/Learn/rust/language-app/ios/LinguaApp -enable-anonymous-context-mangled-names -file-compilation-dir /Users/tuan/Learn/rust/language-app/ios/LinguaApp -Xcc -D_LIBCPP_HARDENING_MODE\=_LIBCPP_HARDENING_MODE_DEBUG -Xcc -ivfsstatcache -Xcc /Users/tuan/Library/Developer/Xcode/DerivedData/SDKStatCaches.noindex/iphonesimulator26.4-23E252-686eebb5dc1d8ecb277353a59184f4aa.sdkstatcache -Xcc -I/Users/tuan/Library/Developer/Xcode/DerivedData/LinguaApp-cnzhrpjntxezraexaicvemyehwby/Build/Intermediates.noindex/LinguaApp.build/Debug-iphonesimulator/LinguaApp.build/swift-overrides.hmap -Xcc -iquote -Xcc /Users/tuan/Library/Developer/Xcode/DerivedData/LinguaApp-cnzhrpjntxezraexaicvemyehwby/Build/Intermediates.noindex/LinguaApp.build/Debug-iphonesimulator/LinguaApp.build/LinguaApp-generated-files.hmap -Xcc -I/Users/tuan/Library/Developer/Xcode/DerivedData/LinguaApp-cnzhrpjntxezraexaicvemyehwby/Build/Intermediates.noindex/LinguaApp.build/Debug-iphonesimulator/LinguaApp.build/LinguaApp-own-target-headers.hmap -Xcc -I/Users/tuan/Library/Developer/Xcode/DerivedData/LinguaApp-cnzhrpjntxezraexaicvemyehwby/Build/Intermediates.noindex/LinguaApp.build/Debug-iphonesimulator/LinguaApp.build/LinguaApp-all-target-headers.hmap -Xcc -iquote -Xcc /Users/tuan/Library/Developer/Xcode/DerivedData/LinguaApp-cnzhrpjntxezraexaicvemyehwby/Build/Intermediates.noindex/LinguaApp.build/Debug-iphonesimulator/LinguaApp.build/LinguaApp-project-headers.hmap -Xcc -I/Users/tuan/Library/Developer/Xcode/DerivedData/LinguaApp-cnzhrpjntxezraexaicvemyehwby/Build/Products/Debug-iphonesimulator/include -Xcc -I/Users/tuan/Library/Developer/Xcode/DerivedData/LinguaApp-cnzhrpjntxezraexaicvemyehwby/Build/Intermediates.noindex/LinguaApp.build/Debug-iphonesimulator/LinguaApp.build/DerivedSources-normal/arm64 -Xcc -I/Users/tuan/Library/Developer/Xcode/DerivedData/LinguaApp-cnzhrpjntxezraexaicvemyehwby/Build/Intermediates.noindex/LinguaApp.build/Debug-iphonesimulator/LinguaApp.build/DerivedSources/arm64 -Xcc -I/Users/tuan/Library/Developer/Xcode/DerivedData/LinguaApp-cnzhrpjntxezraexaicvemyehwby/Build/Intermediates.noindex/LinguaApp.build/Debug-iphonesimulator/LinguaApp.build/DerivedSources -Xcc -DDEBUG\=1 -no-auto-bridging-header-chaining -module-name LinguaApp -frontend-parseable-output -disable-clang-spi -clang-target arm64-apple-ios26.4-simulator -target-sdk-version 26.4 -target-sdk-name iphonesimulator26.4 -in-process-plugin-server-path /Applications/Xcode.app/Contents/Developer/Toolchains/XcodeDefault.xctoolchain/usr/lib/swift/host/libSwiftInProcPluginServer.dylib -o /Users/tuan/Library/Developer/Xcode/DerivedData/LinguaApp-cnzhrpjntxezraexaicvemyehwby/Build/Intermediates.noindex/LinguaApp.build/Debug-iphonesimulator/LinguaApp.build/Objects-normal/arm64/LanguageHubView.o -index-unit-output-path /LinguaApp.build/Debug-iphonesimulator/LinguaApp.build/Objects-normal/arm64/LanguageHubView.o -index-store-path /Users/tuan/Library/Developer/Xcode/DerivedData/LinguaApp-cnzhrpjntxezraexaicvemyehwby/Index.noindex/DataStore -index-system-modules
SwiftEmitModule normal arm64 Emitting\ module\ for\ LinguaApp (in target 'LinguaApp' from project 'LinguaApp')

EmitSwiftModule normal arm64 (in target 'LinguaApp' from project 'LinguaApp')
    cd /Users/tuan/Learn/rust/language-app/ios/LinguaApp
    

✅ Build thành công! Đang cài đặt lên Simulator...
com.example.LinguaApp: 19929
🎉 Đã cập nhật app!
🚀 Phát hiện thay đổi, đang build lại...
2026-04-26 11:46:22.444 xcodebuild[20005:340272] [MT] IDERunDestination: Supported platforms for the buildables in the current scheme is empty.
    Signing Identity:     "Sign to Run Locally"
    
    /usr/bin/codesign --force --sign - --timestamp\=none --generate-entitlement-der /Users/tuan/Library/Developer/Xcode/DerivedData/LinguaApp-cnzhrpjntxezraexaicvemyehwby/Build/Products/Debug-iphonesimulator/LinguaApp.app

Validate /Users/tuan/Library/Developer/Xcode/DerivedData/LinguaApp-cnzhrpjntxezraexaicvemyehwby/Build/Products/Debug-iphonesimulator/LinguaApp.app (in target 'LinguaApp' from project 'LinguaApp')
    cd /Users/tuan/Learn/rust/language-app/ios/LinguaApp
    builtin-validationUtility /Users/tuan/Library/Developer/Xcode/DerivedData/LinguaApp-cnzhrpjntxezraexaicvemyehwby/Build/Products/Debug-iphonesimulator/LinguaApp.app -shallow-bundle -infoplist-subpath Info.plist

** BUILD SUCCEEDED **

✅ Build thành công! Đang cài đặt lên Simulator...
com.example.LinguaApp: 20055
🎉 Đã cập nhật app!
🚀 Phát hiện thay đổi, đang build lại...
2026-04-26 11:47:23.879 xcodebuild[20086:342004] [MT] IDERunDestination: Supported platforms for the buildables in the current scheme is empty.
    Signing Identity:     "Sign to Run Locally"
    
    /usr/bin/codesign --force --sign - --timestamp\=none --generate-entitlement-der /Users/tuan/Library/Developer/Xcode/DerivedData/LinguaApp-cnzhrpjntxezraexaicvemyehwby/Build/Products/Debug-iphonesimulator/LinguaApp.app

Validate /Users/tuan/Library/Developer/Xcode/DerivedData/LinguaApp-cnzhrpjntxezraexaicvemyehwby/Build/Products/Debug-iphonesimulator/LinguaApp.app (in target 'LinguaApp' from project 'LinguaApp')
    cd /Users/tuan/Learn/rust/language-app/ios/LinguaApp
    builtin-validationUtility /Users/tuan/Library/Developer/Xcode/DerivedData/LinguaApp-cnzhrpjntxezraexaicvemyehwby/Build/Products/Debug-iphonesimulator/LinguaApp.app -shallow-bundle -infoplist-subpath Info.plist

** BUILD SUCCEEDED **

✅ Build thành công! Đang cài đặt lên Simulator...
com.example.LinguaApp: 20148
🎉 Đã cập nhật app!
🚀 Phát hiện thay đổi, đang build lại...
2026-04-26 11:47:49.394 xcodebuild[20150:343158] [MT] IDERunDestination: Supported platforms for the buildables in the current scheme is empty.
    Signing Identity:     "Sign to Run Locally"
    
    /usr/bin/codesign --force --sign - --timestamp\=none --generate-entitlement-der /Users/tuan/Library/Developer/Xcode/DerivedData/LinguaApp-cnzhrpjntxezraexaicvemyehwby/Build/Products/Debug-iphonesimulator/LinguaApp.app

Validate /Users/tuan/Library/Developer/Xcode/DerivedData/LinguaApp-cnzhrpjntxezraexaicvemyehwby/Build/Products/Debug-iphonesimulator/LinguaApp.app (in target 'LinguaApp' from project 'LinguaApp')
    cd /Users/tuan/Learn/rust/language-app/ios/LinguaApp
    builtin-validationUtility /Users/tuan/Library/Developer/Xcode/DerivedData/LinguaApp-cnzhrpjntxezraexaicvemyehwby/Build/Products/Debug-iphonesimulator/LinguaApp.app -shallow-bundle -infoplist-subpath Info.plist

** BUILD SUCCEEDED **

✅ Build thành công! Đang cài đặt lên Simulator...
com.example.LinguaApp: 20185
🎉 Đã cập nhật app!
🚀 Phát hiện thay đổi, đang build lại...
2026-04-26 11:48:05.584 xcodebuild[20186:343963] [MT] IDERunDestination: Supported platforms for the buildables in the current scheme is empty.
GatherProvisioningInputs

CreateBuildDescription

ClangStatCache /Applications/Xcode.app/Contents/Developer/Toolchains/XcodeDefault.xctoolchain/usr/bin/clang-stat-cache /Applications/Xcode.app/Contents/Developer/Platforms/iPhoneSimulator.platform/Developer/SDKs/iPhoneSimulator26.4.sdk /Users/tuan/Library/Developer/Xcode/DerivedData/SDKStatCaches.noindex/iphonesimulator26.4-23E252-686eebb5dc1d8ecb277353a59184f4aa.sdkstatcache
    cd /Users/tuan/Learn/rust/language-app/ios/LinguaApp/LinguaApp.xcodeproj
    /Applications/Xcode.app/Contents/Developer/Toolchains/XcodeDefault.xctoolchain/usr/bin/clang-stat-cache /Applications/Xcode.app/Contents/Developer/Platforms/iPhoneSimulator.platform/Developer/SDKs/iPhoneSimulator26.4.sdk -o /Users/tuan/Library/Developer/Xcode/DerivedData/SDKStatCaches.noindex/iphonesimulator26.4-23E252-686eebb5dc1d8ecb277353a59184f4aa.sdkstatcache

** BUILD SUCCEEDED **

✅ Build thành công! Đang cài đặt lên Simulator...
com.example.LinguaApp: 20200
🎉 Đã cập nhật app!
🚀 Phát hiện thay đổi, đang build lại...
2026-04-26 11:49:54.467 xcodebuild[20259:345856] [MT] IDERunDestination: Supported platforms for the buildables in the current scheme is empty.
    Signing Identity:     "Sign to Run Locally"
    
    /usr/bin/codesign --force --sign - --timestamp\=none --generate-entitlement-der /Users/tuan/Library/Developer/Xcode/DerivedData/LinguaApp-cnzhrpjntxezraexaicvemyehwby/Build/Products/Debug-iphonesimulator/LinguaApp.app

Validate /Users/tuan/Library/Developer/Xcode/DerivedData/LinguaApp-cnzhrpjntxezraexaicvemyehwby/Build/Products/Debug-iphonesimulator/LinguaApp.app (in target 'LinguaApp' from project 'LinguaApp')
    cd /Users/tuan/Learn/rust/language-app/ios/LinguaApp
    builtin-validationUtility /Users/tuan/Library/Developer/Xcode/DerivedData/LinguaApp-cnzhrpjntxezraexaicvemyehwby/Build/Products/Debug-iphonesimulator/LinguaApp.app -shallow-bundle -infoplist-subpath Info.plist

** BUILD SUCCEEDED **

✅ Build thành công! Đang cài đặt lên Simulator...
com.example.LinguaApp: 20305
🎉 Đã cập nhật app!
🚀 Phát hiện thay đổi, đang build lại...
2026-04-26 11:53:10.946 xcodebuild[20419:349842] [MT] IDERunDestination: Supported platforms for the buildables in the current scheme is empty.
    Signing Identity:     "Sign to Run Locally"
    
    /usr/bin/codesign --force --sign - --timestamp\=none --generate-entitlement-der /Users/tuan/Library/Developer/Xcode/DerivedData/LinguaApp-cnzhrpjntxezraexaicvemyehwby/Build/Products/Debug-iphonesimulator/LinguaApp.app

Validate /Users/tuan/Library/Developer/Xcode/DerivedData/LinguaApp-cnzhrpjntxezraexaicvemyehwby/Build/Products/Debug-iphonesimulator/LinguaApp.app (in target 'LinguaApp' from project 'LinguaApp')
    cd /Users/tuan/Learn/rust/language-app/ios/LinguaApp
    builtin-validationUtility /Users/tuan/Library/Developer/Xcode/DerivedData/LinguaApp-cnzhrpjntxezraexaicvemyehwby/Build/Products/Debug-iphonesimulator/LinguaApp.app -shallow-bundle -infoplist-subpath Info.plist

** BUILD SUCCEEDED **

✅ Build thành công! Đang cài đặt lên Simulator...
com.example.LinguaApp: 20464
🎉 Đã cập nhật app!
🚀 Phát hiện thay đổi, đang build lại...
2026-04-26 11:58:05.235 xcodebuild[20622:355013] [MT] IDERunDestination: Supported platforms for the buildables in the current scheme is empty.
    Signing Identity:     "Sign to Run Locally"
    
    /usr/bin/codesign --force --sign - --timestamp\=none --generate-entitlement-der /Users/tuan/Library/Developer/Xcode/DerivedData/LinguaApp-cnzhrpjntxezraexaicvemyehwby/Build/Products/Debug-iphonesimulator/LinguaApp.app

Validate /Users/tuan/Library/Developer/Xcode/DerivedData/LinguaApp-cnzhrpjntxezraexaicvemyehwby/Build/Products/Debug-iphonesimulator/LinguaApp.app (in target 'LinguaApp' from project 'LinguaApp')
    cd /Users/tuan/Learn/rust/language-app/ios/LinguaApp
    builtin-validationUtility /Users/tuan/Library/Developer/Xcode/DerivedData/LinguaApp-cnzhrpjntxezraexaicvemyehwby/Build/Products/Debug-iphonesimulator/LinguaApp.app -shallow-bundle -infoplist-subpath Info.plist

** BUILD SUCCEEDED **

✅ Build thành công! Đang cài đặt lên Simulator...
com.example.LinguaApp: 20653
🎉 Đã cập nhật app!
🚀 Phát hiện thay đổi, đang build lại...
2026-04-26 11:58:18.160 xcodebuild[20660:355628] [MT] IDERunDestination: Supported platforms for the buildables in the current scheme is empty.
    Signing Identity:     "Sign to Run Locally"
    
    /usr/bin/codesign --force --sign - --timestamp\=none --generate-entitlement-der /Users/tuan/Library/Developer/Xcode/DerivedData/LinguaApp-cnzhrpjntxezraexaicvemyehwby/Build/Products/Debug-iphonesimulator/LinguaApp.app

Validate /Users/tuan/Library/Developer/Xcode/DerivedData/LinguaApp-cnzhrpjntxezraexaicvemyehwby/Build/Products/Debug-iphonesimulator/LinguaApp.app (in target 'LinguaApp' from project 'LinguaApp')
    cd /Users/tuan/Learn/rust/language-app/ios/LinguaApp
    builtin-validationUtility /Users/tuan/Library/Developer/Xcode/DerivedData/LinguaApp-cnzhrpjntxezraexaicvemyehwby/Build/Products/Debug-iphonesimulator/LinguaApp.app -shallow-bundle -infoplist-subpath Info.plist

** BUILD SUCCEEDED **

✅ Build thành công! Đang cài đặt lên Simulator...
com.example.LinguaApp: 20703
🎉 Đã cập nhật app!
🚀 Phát hiện thay đổi, đang build lại...
2026-04-26 11:58:31.418 xcodebuild[20704:356394] [MT] IDERunDestination: Supported platforms for the buildables in the current scheme is empty.
    Signing Identity:     "Sign to Run Locally"
    
    /usr/bin/codesign --force --sign - --timestamp\=none --generate-entitlement-der /Users/tuan/Library/Developer/Xcode/DerivedData/LinguaApp-cnzhrpjntxezraexaicvemyehwby/Build/Products/Debug-iphonesimulator/LinguaApp.app

Validate /Users/tuan/Library/Developer/Xcode/DerivedData/LinguaApp-cnzhrpjntxezraexaicvemyehwby/Build/Products/Debug-iphonesimulator/LinguaApp.app (in target 'LinguaApp' from project 'LinguaApp')
    cd /Users/tuan/Learn/rust/language-app/ios/LinguaApp
    builtin-validationUtility /Users/tuan/Library/Developer/Xcode/DerivedData/LinguaApp-cnzhrpjntxezraexaicvemyehwby/Build/Products/Debug-iphonesimulator/LinguaApp.app -shallow-bundle -infoplist-subpath Info.plist

** BUILD SUCCEEDED **

✅ Build thành công! Đang cài đặt lên Simulator...
com.example.LinguaApp: 20753
🎉 Đã cập nhật app!
🚀 Phát hiện thay đổi, đang build lại...
2026-04-26 12:00:37.159 xcodebuild[20826:358942] [MT] IDERunDestination: Supported platforms for the buildables in the current scheme is empty.
** BUILD FAILED **


The following build commands failed:
	SwiftCompile normal arm64 /Users/tuan/Learn/rust/language-app/ios/LinguaApp/LinguaApp/Views/LanguageHubView.swift (in target 'LinguaApp' from project 'LinguaApp')
	SwiftCompile normal arm64 Compiling\ LanguageHubView.swift /Users/tuan/Learn/rust/language-app/ios/LinguaApp/LinguaApp/Views/LanguageHubView.swift (in target 'LinguaApp' from project 'LinguaApp')
	Building project LinguaApp with scheme LinguaApp
(3 failures)
                    ~~~~ ^~~~~~~~~~~

Failed frontend command:
/Applications/Xcode.app/Contents/Developer/Toolchains/XcodeDefault.xctoolchain/usr/bin/swift-frontend -frontend -c /Users/tuan/Learn/rust/language-app/ios/LinguaApp/LinguaApp/Services/APIService.swift /Users/tuan/Learn/rust/language-app/ios/LinguaApp/LinguaApp/Theme/AppTheme.swift /Users/tuan/Learn/rust/language-app/ios/LinguaApp/LinguaApp/Services/AudioService.swift /Users/tuan/Learn/rust/language-app/ios/LinguaApp/LinguaApp/Services/AuthService.swift /Users/tuan/Learn/rust/language-app/ios/LinguaApp/LinguaApp/Views/HomeView.swift -primary-file /Users/tuan/Learn/rust/language-app/ios/LinguaApp/LinguaApp/Views/LanguageHubView.swift /Users/tuan/Learn/rust/language-app/ios/LinguaApp/LinguaApp/Views/LanguagesView.swift /Users/tuan/Learn/rust/language-app/ios/LinguaApp/LinguaApp/LinguaApp.swift /Users/tuan/Learn/rust/language-app/ios/LinguaApp/LinguaApp/Services/LocalizationService.swift /Users/tuan/Learn/rust/language-app/ios/LinguaApp/LinguaApp/Views/LoginView.swift /Users/tuan/Learn/rust/language-app/ios/LinguaApp/LinguaApp/Models.swift /Users/tuan/Learn/rust/language-app/ios/LinguaApp/LinguaApp/Views/RegisterView.swift /Users/tuan/Learn/rust/language-app/ios/LinguaApp/LinguaApp/Views/SettingsView.swift /Users/tuan/Learn/rust/language-app/ios/LinguaApp/LinguaApp/Views/StoriesView.swift /Users/tuan/Learn/rust/language-app/ios/LinguaApp/LinguaApp/Views/StoryReaderView.swift /Users/tuan/Learn/rust/language-app/ios/LinguaApp/LinguaApp/Views/StoryTypingView.swift /Users/tuan/Learn/rust/language-app/ios/LinguaApp/LinguaApp/Views/VocabLessonsView.swift /Users/tuan/Learn/rust/language-app/ios/LinguaApp/LinguaApp/Views/VocabTypingView.swift /Users/tuan/Library/Developer/Xcode/DerivedData/LinguaApp-cnzhrpjntxezraexaicvemyehwby/Build/Intermediates.noindex/LinguaApp.build/Debug-iphonesimulator/LinguaApp.build/DerivedSources/GeneratedAssetSymbols.swift -emit-dependencies-path /Users/tuan/Library/Developer/Xcode/DerivedData/LinguaApp-cnzhrpjntxezraexaicvemyehwby/Build/Intermediates.noindex/LinguaApp.build/Debug-iphonesimulator/LinguaApp.build/Objects-normal/arm64/LanguageHubView.d -emit-const-values-path /Users/tuan/Library/Developer/Xcode/DerivedData/LinguaApp-cnzhrpjntxezraexaicvemyehwby/Build/Intermediates.noindex/LinguaApp.build/Debug-iphonesimulator/LinguaApp.build/Objects-normal/arm64/LanguageHubView.swiftconstvalues -emit-reference-dependencies-path /Users/tuan/Library/Developer/Xcode/DerivedData/LinguaApp-cnzhrpjntxezraexaicvemyehwby/Build/Intermediates.noindex/LinguaApp.build/Debug-iphonesimulator/LinguaApp.build/Objects-normal/arm64/LanguageHubView.swiftdeps -serialize-diagnostics-path /Users/tuan/Library/Developer/Xcode/DerivedData/LinguaApp-cnzhrpjntxezraexaicvemyehwby/Build/Intermediates.noindex/LinguaApp.build/Debug-iphonesimulator/LinguaApp.build/Objects-normal/arm64/LanguageHubView.dia -target arm64-apple-ios17.0-simulator -module-can-import-version DeveloperToolsSupport 23.40.26 23.40.26 -load-resolved-plugin /Applications/Xcode.app/Contents/Developer/Platforms/iPhoneOS.platform/Developer/usr/lib/swift/host/plugins/libFoundationMacros.dylib\#/Applications/Xcode.app/Contents/Developer/Platforms/iPhoneOS.platform/Developer/usr/bin/swift-plugin-server\#FoundationMacros -load-resolved-plugin /Applications/Xcode.app/Contents/Developer/Platforms/iPhoneOS.platform/Developer/usr/lib/swift/host/plugins/libObservationMacros.dylib\#/Applications/Xcode.app/Contents/Developer/Platforms/iPhoneOS.platform/Developer/usr/bin/swift-plugin-server\#ObservationMacros -load-resolved-plugin /Applications/Xcode.app/Contents/Developer/Platforms/iPhoneOS.platform/Developer/usr/lib/swift/host/plugins/libPreviewsMacros.dylib\#/Applications/Xcode.app/Contents/Developer/Platforms/iPhoneOS.platform/Developer/usr/bin/swift-plugin-server\#PreviewsMacros -load-resolved-plugin /Applications/Xcode.app/Contents/Developer/Platforms/iPhoneOS.platform/Developer/usr/lib/swift/host/plugins/libSwiftMacros.dylib\#/Applications/Xcode.app/Contents/Developer/Platforms/iPhoneOS.platform/Developer/usr/bin/swift-plugin-server\#SwiftMacros -load-resolved-plugin /Applications/Xcode.app/Contents/Developer/Platforms/iPhoneOS.platform/Developer/usr/lib/swift/host/plugins/libSwiftUIMacros.dylib\#/Applications/Xcode.app/Contents/Developer/Platforms/iPhoneOS.platform/Developer/usr/bin/swift-plugin-server\#SwiftUIMacros -disable-implicit-swift-modules -Xcc -fno-implicit-modules -Xcc -fno-implicit-module-maps -explicit-swift-module-map-file /Users/tuan/Library/Developer/Xcode/DerivedData/LinguaApp-cnzhrpjntxezraexaicvemyehwby/Build/Intermediates.noindex/LinguaApp.build/Debug-iphonesimulator/LinguaApp.build/Objects-normal/arm64/LinguaApp-dependencies-1.json -debug-module-path /Users/tuan/Library/Developer/Xcode/DerivedData/LinguaApp-cnzhrpjntxezraexaicvemyehwby/Build/Intermediates.noindex/LinguaApp.build/Debug-iphonesimulator/LinguaApp.build/Objects-normal/arm64/LinguaApp.swiftmodule -Xllvm -aarch64-use-tbi -enable-objc-interop -sdk /Applications/Xcode.app/Contents/Developer/Platforms/iPhoneSimulator.platform/Developer/SDKs/iPhoneSimulator26.4.sdk -I /Users/tuan/Library/Developer/Xcode/DerivedData/LinguaApp-cnzhrpjntxezraexaicvemyehwby/Build/Products/Debug-iphonesimulator -F /Users/tuan/Library/Developer/Xcode/DerivedData/LinguaApp-cnzhrpjntxezraexaicvemyehwby/Build/Products/Debug-iphonesimulator -no-color-diagnostics -Xcc -fno-color-diagnostics -enable-testing -g -debug-info-format\=dwarf -dwarf-version\=4 -module-cache-path /Users/tuan/Library/Developer/Xcode/DerivedData/LinguaApp-cnzhrpjntxezraexaicvemyehwby/Build/Intermediates.noindex/SwiftExplicitPrecompiledModules -swift-version 5 -Onone -D DEBUG -serialize-debugging-options -const-gather-protocols-file /Users/tuan/Library/Developer/Xcode/DerivedData/LinguaApp-cnzhrpjntxezraexaicvemyehwby/Build/Intermediates.noindex/LinguaApp.build/Debug-iphonesimulator/LinguaApp.build/Objects-normal/arm64/LinguaApp_const_extract_protocols.json -enable-experimental-feature DebugDescriptionMacro -enable-bare-slash-regex -empty-abi-descriptor -validate-clang-modules-once -clang-build-session-file /Users/tuan/Library/Developer/Xcode/DerivedData/ModuleCache.noindex/Session.modulevalidation -Xcc -working-directory -Xcc /Users/tuan/Learn/rust/language-app/ios/LinguaApp -enable-anonymous-context-mangled-names -file-compilation-dir /Users/tuan/Learn/rust/language-app/ios/LinguaApp -Xcc -D_LIBCPP_HARDENING_MODE\=_LIBCPP_HARDENING_MODE_DEBUG -Xcc -ivfsstatcache -Xcc /Users/tuan/Library/Developer/Xcode/DerivedData/SDKStatCaches.noindex/iphonesimulator26.4-23E252-686eebb5dc1d8ecb277353a59184f4aa.sdkstatcache -Xcc -I/Users/tuan/Library/Developer/Xcode/DerivedData/LinguaApp-cnzhrpjntxezraexaicvemyehwby/Build/Intermediates.noindex/LinguaApp.build/Debug-iphonesimulator/LinguaApp.build/swift-overrides.hmap -Xcc -iquote -Xcc /Users/tuan/Library/Developer/Xcode/DerivedData/LinguaApp-cnzhrpjntxezraexaicvemyehwby/Build/Intermediates.noindex/LinguaApp.build/Debug-iphonesimulator/LinguaApp.build/LinguaApp-generated-files.hmap -Xcc -I/Users/tuan/Library/Developer/Xcode/DerivedData/LinguaApp-cnzhrpjntxezraexaicvemyehwby/Build/Intermediates.noindex/LinguaApp.build/Debug-iphonesimulator/LinguaApp.build/LinguaApp-own-target-headers.hmap -Xcc -I/Users/tuan/Library/Developer/Xcode/DerivedData/LinguaApp-cnzhrpjntxezraexaicvemyehwby/Build/Intermediates.noindex/LinguaApp.build/Debug-iphonesimulator/LinguaApp.build/LinguaApp-all-target-headers.hmap -Xcc -iquote -Xcc /Users/tuan/Library/Developer/Xcode/DerivedData/LinguaApp-cnzhrpjntxezraexaicvemyehwby/Build/Intermediates.noindex/LinguaApp.build/Debug-iphonesimulator/LinguaApp.build/LinguaApp-project-headers.hmap -Xcc -I/Users/tuan/Library/Developer/Xcode/DerivedData/LinguaApp-cnzhrpjntxezraexaicvemyehwby/Build/Products/Debug-iphonesimulator/include -Xcc -I/Users/tuan/Library/Developer/Xcode/DerivedData/LinguaApp-cnzhrpjntxezraexaicvemyehwby/Build/Intermediates.noindex/LinguaApp.build/Debug-iphonesimulator/LinguaApp.build/DerivedSources-normal/arm64 -Xcc -I/Users/tuan/Library/Developer/Xcode/DerivedData/LinguaApp-cnzhrpjntxezraexaicvemyehwby/Build/Intermediates.noindex/LinguaApp.build/Debug-iphonesimulator/LinguaApp.build/DerivedSources/arm64 -Xcc -I/Users/tuan/Library/Developer/Xcode/DerivedData/LinguaApp-cnzhrpjntxezraexaicvemyehwby/Build/Intermediates.noindex/LinguaApp.build/Debug-iphonesimulator/LinguaApp.build/DerivedSources -Xcc -DDEBUG\=1 -no-auto-bridging-header-chaining -module-name LinguaApp -frontend-parseable-output -disable-clang-spi -clang-target arm64-apple-ios26.4-simulator -target-sdk-version 26.4 -target-sdk-name iphonesimulator26.4 -in-process-plugin-server-path /Applications/Xcode.app/Contents/Developer/Toolchains/XcodeDefault.xctoolchain/usr/lib/swift/host/libSwiftInProcPluginServer.dylib -o /Users/tuan/Library/Developer/Xcode/DerivedData/LinguaApp-cnzhrpjntxezraexaicvemyehwby/Build/Intermediates.noindex/LinguaApp.build/Debug-iphonesimulator/LinguaApp.build/Objects-normal/arm64/LanguageHubView.o -index-unit-output-path /LinguaApp.build/Debug-iphonesimulator/LinguaApp.build/Objects-normal/arm64/LanguageHubView.o -index-store-path /Users/tuan/Library/Developer/Xcode/DerivedData/LinguaApp-cnzhrpjntxezraexaicvemyehwby/Index.noindex/DataStore -index-system-modules
SwiftEmitModule normal arm64 Emitting\ module\ for\ LinguaApp (in target 'LinguaApp' from project 'LinguaApp')

EmitSwiftModule normal arm64 (in target 'LinguaApp' from project 'LinguaApp')
    cd /Users/tuan/Learn/rust/language-app/ios/LinguaApp
    

✅ Build thành công! Đang cài đặt lên Simulator...
com.example.LinguaApp: 20851
🎉 Đã cập nhật app!
🚀 Phát hiện thay đổi, đang build lại...
2026-04-26 12:00:56.931 xcodebuild[20857:359737] [MT] IDERunDestination: Supported platforms for the buildables in the current scheme is empty.
    Signing Identity:     "Sign to Run Locally"
    
    /usr/bin/codesign --force --sign - --timestamp\=none --generate-entitlement-der /Users/tuan/Library/Developer/Xcode/DerivedData/LinguaApp-cnzhrpjntxezraexaicvemyehwby/Build/Products/Debug-iphonesimulator/LinguaApp.app

Validate /Users/tuan/Library/Developer/Xcode/DerivedData/LinguaApp-cnzhrpjntxezraexaicvemyehwby/Build/Products/Debug-iphonesimulator/LinguaApp.app (in target 'LinguaApp' from project 'LinguaApp')
    cd /Users/tuan/Learn/rust/language-app/ios/LinguaApp
    builtin-validationUtility /Users/tuan/Library/Developer/Xcode/DerivedData/LinguaApp-cnzhrpjntxezraexaicvemyehwby/Build/Products/Debug-iphonesimulator/LinguaApp.app -shallow-bundle -infoplist-subpath Info.plist

** BUILD SUCCEEDED **

✅ Build thành công! Đang cài đặt lên Simulator...
com.example.LinguaApp: 20907
🎉 Đã cập nhật app!
🚀 Phát hiện thay đổi, đang build lại...
2026-04-26 12:01:12.582 xcodebuild[20909:360578] [MT] IDERunDestination: Supported platforms for the buildables in the current scheme is empty.
    Signing Identity:     "Sign to Run Locally"
    
    /usr/bin/codesign --force --sign - --timestamp\=none --generate-entitlement-der /Users/tuan/Library/Developer/Xcode/DerivedData/LinguaApp-cnzhrpjntxezraexaicvemyehwby/Build/Products/Debug-iphonesimulator/LinguaApp.app

Validate /Users/tuan/Library/Developer/Xcode/DerivedData/LinguaApp-cnzhrpjntxezraexaicvemyehwby/Build/Products/Debug-iphonesimulator/LinguaApp.app (in target 'LinguaApp' from project 'LinguaApp')
    cd /Users/tuan/Learn/rust/language-app/ios/LinguaApp
    builtin-validationUtility /Users/tuan/Library/Developer/Xcode/DerivedData/LinguaApp-cnzhrpjntxezraexaicvemyehwby/Build/Products/Debug-iphonesimulator/LinguaApp.app -shallow-bundle -infoplist-subpath Info.plist

** BUILD SUCCEEDED **

✅ Build thành công! Đang cài đặt lên Simulator...
com.example.LinguaApp: 20947
🎉 Đã cập nhật app!
🚀 Phát hiện thay đổi, đang build lại...
2026-04-26 12:10:06.944 xcodebuild[21264:370041] [MT] IDERunDestination: Supported platforms for the buildables in the current scheme is empty.
    Signing Identity:     "Sign to Run Locally"
    
    /usr/bin/codesign --force --sign - --timestamp\=none --generate-entitlement-der /Users/tuan/Library/Developer/Xcode/DerivedData/LinguaApp-cnzhrpjntxezraexaicvemyehwby/Build/Products/Debug-iphonesimulator/LinguaApp.app

Validate /Users/tuan/Library/Developer/Xcode/DerivedData/LinguaApp-cnzhrpjntxezraexaicvemyehwby/Build/Products/Debug-iphonesimulator/LinguaApp.app (in target 'LinguaApp' from project 'LinguaApp')
    cd /Users/tuan/Learn/rust/language-app/ios/LinguaApp
    builtin-validationUtility /Users/tuan/Library/Developer/Xcode/DerivedData/LinguaApp-cnzhrpjntxezraexaicvemyehwby/Build/Products/Debug-iphonesimulator/LinguaApp.app -shallow-bundle -infoplist-subpath Info.plist

** BUILD SUCCEEDED **

✅ Build thành công! Đang cài đặt lên Simulator...
com.example.LinguaApp: 21299
🎉 Đã cập nhật app!
🚀 Phát hiện thay đổi, đang build lại...
2026-04-26 12:11:16.253 xcodebuild[21336:371934] [MT] IDERunDestination: Supported platforms for the buildables in the current scheme is empty.
    Signing Identity:     "Sign to Run Locally"
    
    /usr/bin/codesign --force --sign - --timestamp\=none --generate-entitlement-der /Users/tuan/Library/Developer/Xcode/DerivedData/LinguaApp-cnzhrpjntxezraexaicvemyehwby/Build/Products/Debug-iphonesimulator/LinguaApp.app

Validate /Users/tuan/Library/Developer/Xcode/DerivedData/LinguaApp-cnzhrpjntxezraexaicvemyehwby/Build/Products/Debug-iphonesimulator/LinguaApp.app (in target 'LinguaApp' from project 'LinguaApp')
    cd /Users/tuan/Learn/rust/language-app/ios/LinguaApp
    builtin-validationUtility /Users/tuan/Library/Developer/Xcode/DerivedData/LinguaApp-cnzhrpjntxezraexaicvemyehwby/Build/Products/Debug-iphonesimulator/LinguaApp.app -shallow-bundle -infoplist-subpath Info.plist

** BUILD SUCCEEDED **

✅ Build thành công! Đang cài đặt lên Simulator...
com.example.LinguaApp: 21382
🎉 Đã cập nhật app!
🚀 Phát hiện thay đổi, đang build lại...
2026-04-26 12:13:45.852 xcodebuild[21482:375223] [MT] IDERunDestination: Supported platforms for the buildables in the current scheme is empty.
    Signing Identity:     "Sign to Run Locally"
    
    /usr/bin/codesign --force --sign - --timestamp\=none --generate-entitlement-der /Users/tuan/Library/Developer/Xcode/DerivedData/LinguaApp-cnzhrpjntxezraexaicvemyehwby/Build/Products/Debug-iphonesimulator/LinguaApp.app

Validate /Users/tuan/Library/Developer/Xcode/DerivedData/LinguaApp-cnzhrpjntxezraexaicvemyehwby/Build/Products/Debug-iphonesimulator/LinguaApp.app (in target 'LinguaApp' from project 'LinguaApp')
    cd /Users/tuan/Learn/rust/language-app/ios/LinguaApp
    builtin-validationUtility /Users/tuan/Library/Developer/Xcode/DerivedData/LinguaApp-cnzhrpjntxezraexaicvemyehwby/Build/Products/Debug-iphonesimulator/LinguaApp.app -shallow-bundle -infoplist-subpath Info.plist

** BUILD SUCCEEDED **

✅ Build thành công! Đang cài đặt lên Simulator...
com.example.LinguaApp: 21531
🎉 Đã cập nhật app!
🚀 Phát hiện thay đổi, đang build lại...
2026-04-26 12:15:40.271 xcodebuild[21589:377978] [MT] IDERunDestination: Supported platforms for the buildables in the current scheme is empty.
** BUILD FAILED **


The following build commands failed:
	SwiftCompile normal arm64 /Users/tuan/Learn/rust/language-app/ios/LinguaApp/LinguaApp/Views/LanguageHubView.swift (in target 'LinguaApp' from project 'LinguaApp')
	SwiftCompile normal arm64 Compiling\ LanguageHubView.swift /Users/tuan/Learn/rust/language-app/ios/LinguaApp/LinguaApp/Views/LanguageHubView.swift (in target 'LinguaApp' from project 'LinguaApp')
	Building project LinguaApp with scheme LinguaApp
(3 failures)
                         ^

Failed frontend command:
/Applications/Xcode.app/Contents/Developer/Toolchains/XcodeDefault.xctoolchain/usr/bin/swift-frontend -frontend -c /Users/tuan/Learn/rust/language-app/ios/LinguaApp/LinguaApp/Services/APIService.swift /Users/tuan/Learn/rust/language-app/ios/LinguaApp/LinguaApp/Theme/AppTheme.swift /Users/tuan/Learn/rust/language-app/ios/LinguaApp/LinguaApp/Services/AudioService.swift /Users/tuan/Learn/rust/language-app/ios/LinguaApp/LinguaApp/Services/AuthService.swift /Users/tuan/Learn/rust/language-app/ios/LinguaApp/LinguaApp/Views/HomeView.swift -primary-file /Users/tuan/Learn/rust/language-app/ios/LinguaApp/LinguaApp/Views/LanguageHubView.swift /Users/tuan/Learn/rust/language-app/ios/LinguaApp/LinguaApp/Views/LanguagesView.swift /Users/tuan/Learn/rust/language-app/ios/LinguaApp/LinguaApp/LinguaApp.swift /Users/tuan/Learn/rust/language-app/ios/LinguaApp/LinguaApp/Services/LocalizationService.swift /Users/tuan/Learn/rust/language-app/ios/LinguaApp/LinguaApp/Views/LoginView.swift /Users/tuan/Learn/rust/language-app/ios/LinguaApp/LinguaApp/Models.swift /Users/tuan/Learn/rust/language-app/ios/LinguaApp/LinguaApp/Views/RegisterView.swift /Users/tuan/Learn/rust/language-app/ios/LinguaApp/LinguaApp/Views/SettingsView.swift /Users/tuan/Learn/rust/language-app/ios/LinguaApp/LinguaApp/Views/StoriesView.swift /Users/tuan/Learn/rust/language-app/ios/LinguaApp/LinguaApp/Views/StoryReaderView.swift /Users/tuan/Learn/rust/language-app/ios/LinguaApp/LinguaApp/Views/StoryTypingView.swift /Users/tuan/Learn/rust/language-app/ios/LinguaApp/LinguaApp/Views/VocabLessonsView.swift /Users/tuan/Learn/rust/language-app/ios/LinguaApp/LinguaApp/Views/VocabTypingView.swift /Users/tuan/Library/Developer/Xcode/DerivedData/LinguaApp-cnzhrpjntxezraexaicvemyehwby/Build/Intermediates.noindex/LinguaApp.build/Debug-iphonesimulator/LinguaApp.build/DerivedSources/GeneratedAssetSymbols.swift -emit-dependencies-path /Users/tuan/Library/Developer/Xcode/DerivedData/LinguaApp-cnzhrpjntxezraexaicvemyehwby/Build/Intermediates.noindex/LinguaApp.build/Debug-iphonesimulator/LinguaApp.build/Objects-normal/arm64/LanguageHubView.d -emit-const-values-path /Users/tuan/Library/Developer/Xcode/DerivedData/LinguaApp-cnzhrpjntxezraexaicvemyehwby/Build/Intermediates.noindex/LinguaApp.build/Debug-iphonesimulator/LinguaApp.build/Objects-normal/arm64/LanguageHubView.swiftconstvalues -emit-reference-dependencies-path /Users/tuan/Library/Developer/Xcode/DerivedData/LinguaApp-cnzhrpjntxezraexaicvemyehwby/Build/Intermediates.noindex/LinguaApp.build/Debug-iphonesimulator/LinguaApp.build/Objects-normal/arm64/LanguageHubView.swiftdeps -serialize-diagnostics-path /Users/tuan/Library/Developer/Xcode/DerivedData/LinguaApp-cnzhrpjntxezraexaicvemyehwby/Build/Intermediates.noindex/LinguaApp.build/Debug-iphonesimulator/LinguaApp.build/Objects-normal/arm64/LanguageHubView.dia -target arm64-apple-ios17.0-simulator -module-can-import-version DeveloperToolsSupport 23.40.26 23.40.26 -load-resolved-plugin /Applications/Xcode.app/Contents/Developer/Platforms/iPhoneOS.platform/Developer/usr/lib/swift/host/plugins/libFoundationMacros.dylib\#/Applications/Xcode.app/Contents/Developer/Platforms/iPhoneOS.platform/Developer/usr/bin/swift-plugin-server\#FoundationMacros -load-resolved-plugin /Applications/Xcode.app/Contents/Developer/Platforms/iPhoneOS.platform/Developer/usr/lib/swift/host/plugins/libObservationMacros.dylib\#/Applications/Xcode.app/Contents/Developer/Platforms/iPhoneOS.platform/Developer/usr/bin/swift-plugin-server\#ObservationMacros -load-resolved-plugin /Applications/Xcode.app/Contents/Developer/Platforms/iPhoneOS.platform/Developer/usr/lib/swift/host/plugins/libPreviewsMacros.dylib\#/Applications/Xcode.app/Contents/Developer/Platforms/iPhoneOS.platform/Developer/usr/bin/swift-plugin-server\#PreviewsMacros -load-resolved-plugin /Applications/Xcode.app/Contents/Developer/Platforms/iPhoneOS.platform/Developer/usr/lib/swift/host/plugins/libSwiftMacros.dylib\#/Applications/Xcode.app/Contents/Developer/Platforms/iPhoneOS.platform/Developer/usr/bin/swift-plugin-server\#SwiftMacros -load-resolved-plugin /Applications/Xcode.app/Contents/Developer/Platforms/iPhoneOS.platform/Developer/usr/lib/swift/host/plugins/libSwiftUIMacros.dylib\#/Applications/Xcode.app/Contents/Developer/Platforms/iPhoneOS.platform/Developer/usr/bin/swift-plugin-server\#SwiftUIMacros -disable-implicit-swift-modules -Xcc -fno-implicit-modules -Xcc -fno-implicit-module-maps -explicit-swift-module-map-file /Users/tuan/Library/Developer/Xcode/DerivedData/LinguaApp-cnzhrpjntxezraexaicvemyehwby/Build/Intermediates.noindex/LinguaApp.build/Debug-iphonesimulator/LinguaApp.build/Objects-normal/arm64/LinguaApp-dependencies-1.json -debug-module-path /Users/tuan/Library/Developer/Xcode/DerivedData/LinguaApp-cnzhrpjntxezraexaicvemyehwby/Build/Intermediates.noindex/LinguaApp.build/Debug-iphonesimulator/LinguaApp.build/Objects-normal/arm64/LinguaApp.swiftmodule -Xllvm -aarch64-use-tbi -enable-objc-interop -sdk /Applications/Xcode.app/Contents/Developer/Platforms/iPhoneSimulator.platform/Developer/SDKs/iPhoneSimulator26.4.sdk -I /Users/tuan/Library/Developer/Xcode/DerivedData/LinguaApp-cnzhrpjntxezraexaicvemyehwby/Build/Products/Debug-iphonesimulator -F /Users/tuan/Library/Developer/Xcode/DerivedData/LinguaApp-cnzhrpjntxezraexaicvemyehwby/Build/Products/Debug-iphonesimulator -no-color-diagnostics -Xcc -fno-color-diagnostics -enable-testing -g -debug-info-format\=dwarf -dwarf-version\=4 -module-cache-path /Users/tuan/Library/Developer/Xcode/DerivedData/LinguaApp-cnzhrpjntxezraexaicvemyehwby/Build/Intermediates.noindex/SwiftExplicitPrecompiledModules -swift-version 5 -Onone -D DEBUG -serialize-debugging-options -const-gather-protocols-file /Users/tuan/Library/Developer/Xcode/DerivedData/LinguaApp-cnzhrpjntxezraexaicvemyehwby/Build/Intermediates.noindex/LinguaApp.build/Debug-iphonesimulator/LinguaApp.build/Objects-normal/arm64/LinguaApp_const_extract_protocols.json -enable-experimental-feature DebugDescriptionMacro -enable-bare-slash-regex -empty-abi-descriptor -validate-clang-modules-once -clang-build-session-file /Users/tuan/Library/Developer/Xcode/DerivedData/ModuleCache.noindex/Session.modulevalidation -Xcc -working-directory -Xcc /Users/tuan/Learn/rust/language-app/ios/LinguaApp -enable-anonymous-context-mangled-names -file-compilation-dir /Users/tuan/Learn/rust/language-app/ios/LinguaApp -Xcc -D_LIBCPP_HARDENING_MODE\=_LIBCPP_HARDENING_MODE_DEBUG -Xcc -ivfsstatcache -Xcc /Users/tuan/Library/Developer/Xcode/DerivedData/SDKStatCaches.noindex/iphonesimulator26.4-23E252-686eebb5dc1d8ecb277353a59184f4aa.sdkstatcache -Xcc -I/Users/tuan/Library/Developer/Xcode/DerivedData/LinguaApp-cnzhrpjntxezraexaicvemyehwby/Build/Intermediates.noindex/LinguaApp.build/Debug-iphonesimulator/LinguaApp.build/swift-overrides.hmap -Xcc -iquote -Xcc /Users/tuan/Library/Developer/Xcode/DerivedData/LinguaApp-cnzhrpjntxezraexaicvemyehwby/Build/Intermediates.noindex/LinguaApp.build/Debug-iphonesimulator/LinguaApp.build/LinguaApp-generated-files.hmap -Xcc -I/Users/tuan/Library/Developer/Xcode/DerivedData/LinguaApp-cnzhrpjntxezraexaicvemyehwby/Build/Intermediates.noindex/LinguaApp.build/Debug-iphonesimulator/LinguaApp.build/LinguaApp-own-target-headers.hmap -Xcc -I/Users/tuan/Library/Developer/Xcode/DerivedData/LinguaApp-cnzhrpjntxezraexaicvemyehwby/Build/Intermediates.noindex/LinguaApp.build/Debug-iphonesimulator/LinguaApp.build/LinguaApp-all-target-headers.hmap -Xcc -iquote -Xcc /Users/tuan/Library/Developer/Xcode/DerivedData/LinguaApp-cnzhrpjntxezraexaicvemyehwby/Build/Intermediates.noindex/LinguaApp.build/Debug-iphonesimulator/LinguaApp.build/LinguaApp-project-headers.hmap -Xcc -I/Users/tuan/Library/Developer/Xcode/DerivedData/LinguaApp-cnzhrpjntxezraexaicvemyehwby/Build/Products/Debug-iphonesimulator/include -Xcc -I/Users/tuan/Library/Developer/Xcode/DerivedData/LinguaApp-cnzhrpjntxezraexaicvemyehwby/Build/Intermediates.noindex/LinguaApp.build/Debug-iphonesimulator/LinguaApp.build/DerivedSources-normal/arm64 -Xcc -I/Users/tuan/Library/Developer/Xcode/DerivedData/LinguaApp-cnzhrpjntxezraexaicvemyehwby/Build/Intermediates.noindex/LinguaApp.build/Debug-iphonesimulator/LinguaApp.build/DerivedSources/arm64 -Xcc -I/Users/tuan/Library/Developer/Xcode/DerivedData/LinguaApp-cnzhrpjntxezraexaicvemyehwby/Build/Intermediates.noindex/LinguaApp.build/Debug-iphonesimulator/LinguaApp.build/DerivedSources -Xcc -DDEBUG\=1 -no-auto-bridging-header-chaining -module-name LinguaApp -frontend-parseable-output -disable-clang-spi -clang-target arm64-apple-ios26.4-simulator -target-sdk-version 26.4 -target-sdk-name iphonesimulator26.4 -in-process-plugin-server-path /Applications/Xcode.app/Contents/Developer/Toolchains/XcodeDefault.xctoolchain/usr/lib/swift/host/libSwiftInProcPluginServer.dylib -o /Users/tuan/Library/Developer/Xcode/DerivedData/LinguaApp-cnzhrpjntxezraexaicvemyehwby/Build/Intermediates.noindex/LinguaApp.build/Debug-iphonesimulator/LinguaApp.build/Objects-normal/arm64/LanguageHubView.o -index-unit-output-path /LinguaApp.build/Debug-iphonesimulator/LinguaApp.build/Objects-normal/arm64/LanguageHubView.o -index-store-path /Users/tuan/Library/Developer/Xcode/DerivedData/LinguaApp-cnzhrpjntxezraexaicvemyehwby/Index.noindex/DataStore -index-system-modules
SwiftEmitModule normal arm64 Emitting\ module\ for\ LinguaApp (in target 'LinguaApp' from project 'LinguaApp')

EmitSwiftModule normal arm64 (in target 'LinguaApp' from project 'LinguaApp')
    cd /Users/tuan/Learn/rust/language-app/ios/LinguaApp
    

✅ Build thành công! Đang cài đặt lên Simulator...
com.example.LinguaApp: 21635
🎉 Đã cập nhật app!
🚀 Phát hiện thay đổi, đang build lại...
2026-04-26 12:16:12.982 xcodebuild[21636:379122] [MT] IDERunDestination: Supported platforms for the buildables in the current scheme is empty.
    Signing Identity:     "Sign to Run Locally"
    
    /usr/bin/codesign --force --sign - --timestamp\=none --generate-entitlement-der /Users/tuan/Library/Developer/Xcode/DerivedData/LinguaApp-cnzhrpjntxezraexaicvemyehwby/Build/Products/Debug-iphonesimulator/LinguaApp.app

Validate /Users/tuan/Library/Developer/Xcode/DerivedData/LinguaApp-cnzhrpjntxezraexaicvemyehwby/Build/Products/Debug-iphonesimulator/LinguaApp.app (in target 'LinguaApp' from project 'LinguaApp')
    cd /Users/tuan/Learn/rust/language-app/ios/LinguaApp
    builtin-validationUtility /Users/tuan/Library/Developer/Xcode/DerivedData/LinguaApp-cnzhrpjntxezraexaicvemyehwby/Build/Products/Debug-iphonesimulator/LinguaApp.app -shallow-bundle -infoplist-subpath Info.plist

** BUILD SUCCEEDED **

✅ Build thành công! Đang cài đặt lên Simulator...
com.example.LinguaApp: 21679
🎉 Đã cập nhật app!
🚀 Phát hiện thay đổi, đang build lại...
2026-04-26 12:16:27.990 xcodebuild[21680:379986] [MT] IDERunDestination: Supported platforms for the buildables in the current scheme is empty.
GatherProvisioningInputs

CreateBuildDescription

ClangStatCache /Applications/Xcode.app/Contents/Developer/Toolchains/XcodeDefault.xctoolchain/usr/bin/clang-stat-cache /Applications/Xcode.app/Contents/Developer/Platforms/iPhoneSimulator.platform/Developer/SDKs/iPhoneSimulator26.4.sdk /Users/tuan/Library/Developer/Xcode/DerivedData/SDKStatCaches.noindex/iphonesimulator26.4-23E252-686eebb5dc1d8ecb277353a59184f4aa.sdkstatcache
    cd /Users/tuan/Learn/rust/language-app/ios/LinguaApp/LinguaApp.xcodeproj
    /Applications/Xcode.app/Contents/Developer/Toolchains/XcodeDefault.xctoolchain/usr/bin/clang-stat-cache /Applications/Xcode.app/Contents/Developer/Platforms/iPhoneSimulator.platform/Developer/SDKs/iPhoneSimulator26.4.sdk -o /Users/tuan/Library/Developer/Xcode/DerivedData/SDKStatCaches.noindex/iphonesimulator26.4-23E252-686eebb5dc1d8ecb277353a59184f4aa.sdkstatcache

** BUILD SUCCEEDED **

✅ Build thành công! Đang cài đặt lên Simulator...
com.example.LinguaApp: 21698
🎉 Đã cập nhật app!
🚀 Phát hiện thay đổi, đang build lại...
2026-04-26 12:18:06.896 xcodebuild[21761:382341] [MT] IDERunDestination: Supported platforms for the buildables in the current scheme is empty.
    Signing Identity:     "Sign to Run Locally"
    
    /usr/bin/codesign --force --sign - --timestamp\=none --generate-entitlement-der /Users/tuan/Library/Developer/Xcode/DerivedData/LinguaApp-cnzhrpjntxezraexaicvemyehwby/Build/Products/Debug-iphonesimulator/LinguaApp.app

Validate /Users/tuan/Library/Developer/Xcode/DerivedData/LinguaApp-cnzhrpjntxezraexaicvemyehwby/Build/Products/Debug-iphonesimulator/LinguaApp.app (in target 'LinguaApp' from project 'LinguaApp')
    cd /Users/tuan/Learn/rust/language-app/ios/LinguaApp
    builtin-validationUtility /Users/tuan/Library/Developer/Xcode/DerivedData/LinguaApp-cnzhrpjntxezraexaicvemyehwby/Build/Products/Debug-iphonesimulator/LinguaApp.app -shallow-bundle -infoplist-subpath Info.plist

** BUILD SUCCEEDED **

✅ Build thành công! Đang cài đặt lên Simulator...
com.example.LinguaApp: 21825
🎉 Đã cập nhật app!
🚀 Phát hiện thay đổi, đang build lại...
2026-04-26 12:19:11.473 xcodebuild[21857:384284] [MT] IDERunDestination: Supported platforms for the buildables in the current scheme is empty.
    Signing Identity:     "Sign to Run Locally"
    
    /usr/bin/codesign --force --sign - --timestamp\=none --generate-entitlement-der /Users/tuan/Library/Developer/Xcode/DerivedData/LinguaApp-cnzhrpjntxezraexaicvemyehwby/Build/Products/Debug-iphonesimulator/LinguaApp.app

Validate /Users/tuan/Library/Developer/Xcode/DerivedData/LinguaApp-cnzhrpjntxezraexaicvemyehwby/Build/Products/Debug-iphonesimulator/LinguaApp.app (in target 'LinguaApp' from project 'LinguaApp')
    cd /Users/tuan/Learn/rust/language-app/ios/LinguaApp
    builtin-validationUtility /Users/tuan/Library/Developer/Xcode/DerivedData/LinguaApp-cnzhrpjntxezraexaicvemyehwby/Build/Products/Debug-iphonesimulator/LinguaApp.app -shallow-bundle -infoplist-subpath Info.plist

** BUILD SUCCEEDED **

✅ Build thành công! Đang cài đặt lên Simulator...
com.example.LinguaApp: 21895
🎉 Đã cập nhật app!
🚀 Phát hiện thay đổi, đang build lại...
2026-04-26 12:19:44.386 xcodebuild[21911:385340] [MT] IDERunDestination: Supported platforms for the buildables in the current scheme is empty.
    Signing Identity:     "Sign to Run Locally"
    
    /usr/bin/codesign --force --sign - --timestamp\=none --generate-entitlement-der /Users/tuan/Library/Developer/Xcode/DerivedData/LinguaApp-cnzhrpjntxezraexaicvemyehwby/Build/Products/Debug-iphonesimulator/LinguaApp.app

Validate /Users/tuan/Library/Developer/Xcode/DerivedData/LinguaApp-cnzhrpjntxezraexaicvemyehwby/Build/Products/Debug-iphonesimulator/LinguaApp.app (in target 'LinguaApp' from project 'LinguaApp')
    cd /Users/tuan/Learn/rust/language-app/ios/LinguaApp
    builtin-validationUtility /Users/tuan/Library/Developer/Xcode/DerivedData/LinguaApp-cnzhrpjntxezraexaicvemyehwby/Build/Products/Debug-iphonesimulator/LinguaApp.app -shallow-bundle -infoplist-subpath Info.plist

** BUILD SUCCEEDED **

✅ Build thành công! Đang cài đặt lên Simulator...
com.example.LinguaApp: 21964
🎉 Đã cập nhật app!
🚀 Phát hiện thay đổi, đang build lại...
2026-04-26 12:21:46.274 xcodebuild[22030:388359] [MT] IDERunDestination: Supported platforms for the buildables in the current scheme is empty.
    Signing Identity:     "Sign to Run Locally"
    
    /usr/bin/codesign --force --sign - --timestamp\=none --generate-entitlement-der /Users/tuan/Library/Developer/Xcode/DerivedData/LinguaApp-cnzhrpjntxezraexaicvemyehwby/Build/Products/Debug-iphonesimulator/LinguaApp.app

Validate /Users/tuan/Library/Developer/Xcode/DerivedData/LinguaApp-cnzhrpjntxezraexaicvemyehwby/Build/Products/Debug-iphonesimulator/LinguaApp.app (in target 'LinguaApp' from project 'LinguaApp')
    cd /Users/tuan/Learn/rust/language-app/ios/LinguaApp
    builtin-validationUtility /Users/tuan/Library/Developer/Xcode/DerivedData/LinguaApp-cnzhrpjntxezraexaicvemyehwby/Build/Products/Debug-iphonesimulator/LinguaApp.app -shallow-bundle -infoplist-subpath Info.plist

** BUILD SUCCEEDED **

✅ Build thành công! Đang cài đặt lên Simulator...
com.example.LinguaApp: 22072
🎉 Đã cập nhật app!
🚀 Phát hiện thay đổi, đang build lại...
2026-04-26 12:22:03.441 xcodebuild[22073:389177] [MT] IDERunDestination: Supported platforms for the buildables in the current scheme is empty.
    Signing Identity:     "Sign to Run Locally"
    
    /usr/bin/codesign --force --sign - --timestamp\=none --generate-entitlement-der /Users/tuan/Library/Developer/Xcode/DerivedData/LinguaApp-cnzhrpjntxezraexaicvemyehwby/Build/Products/Debug-iphonesimulator/LinguaApp.app

Validate /Users/tuan/Library/Developer/Xcode/DerivedData/LinguaApp-cnzhrpjntxezraexaicvemyehwby/Build/Products/Debug-iphonesimulator/LinguaApp.app (in target 'LinguaApp' from project 'LinguaApp')
    cd /Users/tuan/Learn/rust/language-app/ios/LinguaApp
    builtin-validationUtility /Users/tuan/Library/Developer/Xcode/DerivedData/LinguaApp-cnzhrpjntxezraexaicvemyehwby/Build/Products/Debug-iphonesimulator/LinguaApp.app -shallow-bundle -infoplist-subpath Info.plist

** BUILD SUCCEEDED **

✅ Build thành công! Đang cài đặt lên Simulator...
com.example.LinguaApp: 22119
🎉 Đã cập nhật app!
🚀 Phát hiện thay đổi, đang build lại...
2026-04-26 12:22:27.964 xcodebuild[22120:390189] [MT] IDERunDestination: Supported platforms for the buildables in the current scheme is empty.
** BUILD FAILED **


The following build commands failed:
	Building project LinguaApp with scheme LinguaApp
(1 failure)
ComputeTargetDependencyGraph
note: Building targets in dependency order
note: Target dependency graph (1 target)
    Target 'LinguaApp' in project 'LinguaApp' (no dependencies)

GatherProvisioningInputs

CreateBuildDescription

error: unable to attach DB: error: accessing build database "/Users/tuan/Library/Developer/Xcode/DerivedData/LinguaApp-cnzhrpjntxezraexaicvemyehwby/Build/Intermediates.noindex/XCBuildData/build.db": database is locked Possibly there are two concurrent builds running in the same filesystem location.
✅ Build thành công! Đang cài đặt lên Simulator...
com.example.LinguaApp: 22159
🎉 Đã cập nhật app!
🚀 Phát hiện thay đổi, đang build lại...
2026-04-26 12:23:46.873 xcodebuild[22204:392565] [MT] IDERunDestination: Supported platforms for the buildables in the current scheme is empty.
    Signing Identity:     "Sign to Run Locally"
    
    /usr/bin/codesign --force --sign - --timestamp\=none --generate-entitlement-der /Users/tuan/Library/Developer/Xcode/DerivedData/LinguaApp-cnzhrpjntxezraexaicvemyehwby/Build/Products/Debug-iphonesimulator/LinguaApp.app

Validate /Users/tuan/Library/Developer/Xcode/DerivedData/LinguaApp-cnzhrpjntxezraexaicvemyehwby/Build/Products/Debug-iphonesimulator/LinguaApp.app (in target 'LinguaApp' from project 'LinguaApp')
    cd /Users/tuan/Learn/rust/language-app/ios/LinguaApp
    builtin-validationUtility /Users/tuan/Library/Developer/Xcode/DerivedData/LinguaApp-cnzhrpjntxezraexaicvemyehwby/Build/Products/Debug-iphonesimulator/LinguaApp.app -shallow-bundle -infoplist-subpath Info.plist

** BUILD SUCCEEDED **

✅ Build thành công! Đang cài đặt lên Simulator...
com.example.LinguaApp: 22238
🎉 Đã cập nhật app!
🚀 Phát hiện thay đổi, đang build lại...
2026-04-26 12:27:28.765 xcodebuild[22368:397210] [MT] IDERunDestination: Supported platforms for the buildables in the current scheme is empty.
    Signing Identity:     "Sign to Run Locally"
    
    /usr/bin/codesign --force --sign - --timestamp\=none --generate-entitlement-der /Users/tuan/Library/Developer/Xcode/DerivedData/LinguaApp-cnzhrpjntxezraexaicvemyehwby/Build/Products/Debug-iphonesimulator/LinguaApp.app

Validate /Users/tuan/Library/Developer/Xcode/DerivedData/LinguaApp-cnzhrpjntxezraexaicvemyehwby/Build/Products/Debug-iphonesimulator/LinguaApp.app (in target 'LinguaApp' from project 'LinguaApp')
    cd /Users/tuan/Learn/rust/language-app/ios/LinguaApp
    builtin-validationUtility /Users/tuan/Library/Developer/Xcode/DerivedData/LinguaApp-cnzhrpjntxezraexaicvemyehwby/Build/Products/Debug-iphonesimulator/LinguaApp.app -shallow-bundle -infoplist-subpath Info.plist

** BUILD SUCCEEDED **

✅ Build thành công! Đang cài đặt lên Simulator...
com.example.LinguaApp: 22420
🎉 Đã cập nhật app!
🚀 Phát hiện thay đổi, đang build lại...
2026-04-26 12:33:19.610 xcodebuild[22607:403537] [MT] IDERunDestination: Supported platforms for the buildables in the current scheme is empty.
/Users/tuan/Learn/rust/language-app/ios/LinguaApp/LinguaApp/Views/LanguageHubView.swift:554:5: error: attribute 'private' can only be used in a non-local scope
    private func currentQuestion() -> ReadingQuestion? {
    ^
/Users/tuan/Learn/rust/language-app/ios/LinguaApp/LinguaApp/Views/LanguageHubView.swift:559:5: error: attribute 'private' can only be used in a non-local scope
    private func loadQuestions() async {
    ^
/Users/tuan/Learn/rust/language-app/ios/LinguaApp/LinguaApp/Views/LanguageHubView.swift:568:5: error: attribute 'private' can only be used in a non-local scope
    private func handleAnswer(index: Int) {
    ^
/Users/tuan/Learn/rust/language-app/ios/LinguaApp/LinguaApp/Views/LanguageHubView.swift:592:5: error: attribute 'private' can only be used in a non-local scope
    private var finishView: some View {
    ^
/Users/tuan/Learn/rust/language-app/ios/LinguaApp/LinguaApp/Views/LanguageHubView.swift:905:1: error: expected '}' in struct

^
/Users/tuan/Learn/rust/language-app/ios/LinguaApp/LinguaApp/Views/LanguageHubView.swift:283:30: note: to match this opening '{'
struct ReadingQuizView: View {
                             ^
** BUILD FAILED **


The following build commands failed:
	SwiftDriver LinguaApp normal arm64 com.apple.xcode.tools.swift.compiler (in target 'LinguaApp' from project 'LinguaApp')
	Building project LinguaApp with scheme LinguaApp
(2 failures)
/Users/tuan/Learn/rust/language-app/ios/LinguaApp/LinguaApp/Views/LanguageHubView.swift:592:5: error: Attribute 'private' can only be used in a non-local scope
    private var finishView: some View {
    ^ (in target 'LinguaApp' from project 'LinguaApp')
/Users/tuan/Learn/rust/language-app/ios/LinguaApp/LinguaApp/Views/LanguageHubView.swift:905:1: error: Expected '}' in struct

^ (in target 'LinguaApp' from project 'LinguaApp')
/Users/tuan/Learn/rust/language-app/ios/LinguaApp/LinguaApp/Views/LanguageHubView.swift:283:30: note: To match this opening '{'
struct ReadingQuizView: View {
                             ^ (in target 'LinguaApp' from project 'LinguaApp')

✅ Build thành công! Đang cài đặt lên Simulator...
com.example.LinguaApp: 22630
🎉 Đã cập nhật app!
🚀 Phát hiện thay đổi, đang build lại...
2026-04-26 12:34:07.523 xcodebuild[22670:405060] [MT] IDERunDestination: Supported platforms for the buildables in the current scheme is empty.
** BUILD FAILED **


The following build commands failed:
	SwiftCompile normal arm64 /Users/tuan/Learn/rust/language-app/ios/LinguaApp/LinguaApp/Views/LanguageHubView.swift (in target 'LinguaApp' from project 'LinguaApp')
	SwiftCompile normal arm64 Compiling\ LanguageHubView.swift /Users/tuan/Learn/rust/language-app/ios/LinguaApp/LinguaApp/Views/LanguageHubView.swift (in target 'LinguaApp' from project 'LinguaApp')
	Building project LinguaApp with scheme LinguaApp
(3 failures)
    
/Users/tuan/Learn/rust/language-app/ios/LinguaApp/LinguaApp/Views/LanguageHubView.swift:317:19: error: type 'Color' has no member 'appBackground'
            Color.appBackground.ignoresSafeArea()
            ~~~~~ ^~~~~~~~~~~~~
/Users/tuan/Learn/rust/language-app/ios/LinguaApp/LinguaApp/Views/LanguageHubView.swift:722:26: warning: 'onChange(of:perform:)' was deprecated in iOS 17.0: Use `onChange` with a two or zero parameter action closure instead.
                        .onChange(of: geo.frame(in: .named("textContainer"))) { newFrame in
                         ^

Failed frontend command:
/Applications/Xcode.app/Contents/Developer/Toolchains/XcodeDefault.xctoolchain/usr/bin/swift-frontend -frontend -c /Users/tuan/Learn/rust/language-app/ios/LinguaApp/LinguaApp/Services/APIService.swift /Users/tuan/Learn/rust/language-app/ios/LinguaApp/LinguaApp/Theme/AppTheme.swift /Users/tuan/Learn/rust/language-app/ios/LinguaApp/LinguaApp/Services/AudioService.swift /Users/tuan/Learn/rust/language-app/ios/LinguaApp/LinguaApp/Services/AuthService.swift /Users/tuan/Learn/rust/language-app/ios/LinguaApp/LinguaApp/Views/HomeView.swift -primary-file /Users/tuan/Learn/rust/language-app/ios/LinguaApp/LinguaApp/Views/LanguageHubView.swift /Users/tuan/Learn/rust/language-app/ios/LinguaApp/LinguaApp/Views/LanguagesView.swift /Users/tuan/Learn/rust/language-app/ios/LinguaApp/LinguaApp/LinguaApp.swift /Users/tuan/Learn/rust/language-app/ios/LinguaApp/LinguaApp/Services/LocalizationService.swift /Users/tuan/Learn/rust/language-app/ios/LinguaApp/LinguaApp/Views/LoginView.swift /Users/tuan/Learn/rust/language-app/ios/LinguaApp/LinguaApp/Models.swift /Users/tuan/Learn/rust/language-app/ios/LinguaApp/LinguaApp/Views/RegisterView.swift /Users/tuan/Learn/rust/language-app/ios/LinguaApp/LinguaApp/Views/SettingsView.swift /Users/tuan/Learn/rust/language-app/ios/LinguaApp/LinguaApp/Views/StoriesView.swift /Users/tuan/Learn/rust/language-app/ios/LinguaApp/LinguaApp/Views/StoryReaderView.swift /Users/tuan/Learn/rust/language-app/ios/LinguaApp/LinguaApp/Views/StoryTypingView.swift /Users/tuan/Learn/rust/language-app/ios/LinguaApp/LinguaApp/Views/VocabLessonsView.swift /Users/tuan/Learn/rust/language-app/ios/LinguaApp/LinguaApp/Views/VocabTypingView.swift /Users/tuan/Library/Developer/Xcode/DerivedData/LinguaApp-cnzhrpjntxezraexaicvemyehwby/Build/Intermediates.noindex/LinguaApp.build/Debug-iphonesimulator/LinguaApp.build/DerivedSources/GeneratedAssetSymbols.swift -emit-dependencies-path /Users/tuan/Library/Developer/Xcode/DerivedData/LinguaApp-cnzhrpjntxezraexaicvemyehwby/Build/Intermediates.noindex/LinguaApp.build/Debug-iphonesimulator/LinguaApp.build/Objects-normal/arm64/LanguageHubView.d -emit-const-values-path /Users/tuan/Library/Developer/Xcode/DerivedData/LinguaApp-cnzhrpjntxezraexaicvemyehwby/Build/Intermediates.noindex/LinguaApp.build/Debug-iphonesimulator/LinguaApp.build/Objects-normal/arm64/LanguageHubView.swiftconstvalues -emit-reference-dependencies-path /Users/tuan/Library/Developer/Xcode/DerivedData/LinguaApp-cnzhrpjntxezraexaicvemyehwby/Build/Intermediates.noindex/LinguaApp.build/Debug-iphonesimulator/LinguaApp.build/Objects-normal/arm64/LanguageHubView.swiftdeps -serialize-diagnostics-path /Users/tuan/Library/Developer/Xcode/DerivedData/LinguaApp-cnzhrpjntxezraexaicvemyehwby/Build/Intermediates.noindex/LinguaApp.build/Debug-iphonesimulator/LinguaApp.build/Objects-normal/arm64/LanguageHubView.dia -target arm64-apple-ios17.0-simulator -module-can-import-version DeveloperToolsSupport 23.40.26 23.40.26 -load-resolved-plugin /Applications/Xcode.app/Contents/Developer/Platforms/iPhoneOS.platform/Developer/usr/lib/swift/host/plugins/libFoundationMacros.dylib\#/Applications/Xcode.app/Contents/Developer/Platforms/iPhoneOS.platform/Developer/usr/bin/swift-plugin-server\#FoundationMacros -load-resolved-plugin /Applications/Xcode.app/Contents/Developer/Platforms/iPhoneOS.platform/Developer/usr/lib/swift/host/plugins/libObservationMacros.dylib\#/Applications/Xcode.app/Contents/Developer/Platforms/iPhoneOS.platform/Developer/usr/bin/swift-plugin-server\#ObservationMacros -load-resolved-plugin /Applications/Xcode.app/Contents/Developer/Platforms/iPhoneOS.platform/Developer/usr/lib/swift/host/plugins/libPreviewsMacros.dylib\#/Applications/Xcode.app/Contents/Developer/Platforms/iPhoneOS.platform/Developer/usr/bin/swift-plugin-server\#PreviewsMacros -load-resolved-plugin /Applications/Xcode.app/Contents/Developer/Platforms/iPhoneOS.platform/Developer/usr/lib/swift/host/plugins/libSwiftMacros.dylib\#/Applications/Xcode.app/Contents/Developer/Platforms/iPhoneOS.platform/Developer/usr/bin/swift-plugin-server\#SwiftMacros -load-resolved-plugin /Applications/Xcode.app/Contents/Developer/Platforms/iPhoneOS.platform/Developer/usr/lib/swift/host/plugins/libSwiftUIMacros.dylib\#/Applications/Xcode.app/Contents/Developer/Platforms/iPhoneOS.platform/Developer/usr/bin/swift-plugin-server\#SwiftUIMacros -disable-implicit-swift-modules -Xcc -fno-implicit-modules -Xcc -fno-implicit-module-maps -explicit-swift-module-map-file /Users/tuan/Library/Developer/Xcode/DerivedData/LinguaApp-cnzhrpjntxezraexaicvemyehwby/Build/Intermediates.noindex/LinguaApp.build/Debug-iphonesimulator/LinguaApp.build/Objects-normal/arm64/LinguaApp-dependencies-1.json -debug-module-path /Users/tuan/Library/Developer/Xcode/DerivedData/LinguaApp-cnzhrpjntxezraexaicvemyehwby/Build/Intermediates.noindex/LinguaApp.build/Debug-iphonesimulator/LinguaApp.build/Objects-normal/arm64/LinguaApp.swiftmodule -Xllvm -aarch64-use-tbi -enable-objc-interop -sdk /Applications/Xcode.app/Contents/Developer/Platforms/iPhoneSimulator.platform/Developer/SDKs/iPhoneSimulator26.4.sdk -I /Users/tuan/Library/Developer/Xcode/DerivedData/LinguaApp-cnzhrpjntxezraexaicvemyehwby/Build/Products/Debug-iphonesimulator -F /Users/tuan/Library/Developer/Xcode/DerivedData/LinguaApp-cnzhrpjntxezraexaicvemyehwby/Build/Products/Debug-iphonesimulator -no-color-diagnostics -Xcc -fno-color-diagnostics -enable-testing -g -debug-info-format\=dwarf -dwarf-version\=4 -module-cache-path /Users/tuan/Library/Developer/Xcode/DerivedData/LinguaApp-cnzhrpjntxezraexaicvemyehwby/Build/Intermediates.noindex/SwiftExplicitPrecompiledModules -swift-version 5 -Onone -D DEBUG -serialize-debugging-options -const-gather-protocols-file /Users/tuan/Library/Developer/Xcode/DerivedData/LinguaApp-cnzhrpjntxezraexaicvemyehwby/Build/Intermediates.noindex/LinguaApp.build/Debug-iphonesimulator/LinguaApp.build/Objects-normal/arm64/LinguaApp_const_extract_protocols.json -enable-experimental-feature DebugDescriptionMacro -enable-bare-slash-regex -empty-abi-descriptor -validate-clang-modules-once -clang-build-session-file /Users/tuan/Library/Developer/Xcode/DerivedData/ModuleCache.noindex/Session.modulevalidation -Xcc -working-directory -Xcc /Users/tuan/Learn/rust/language-app/ios/LinguaApp -enable-anonymous-context-mangled-names -file-compilation-dir /Users/tuan/Learn/rust/language-app/ios/LinguaApp -Xcc -D_LIBCPP_HARDENING_MODE\=_LIBCPP_HARDENING_MODE_DEBUG -Xcc -ivfsstatcache -Xcc /Users/tuan/Library/Developer/Xcode/DerivedData/SDKStatCaches.noindex/iphonesimulator26.4-23E252-686eebb5dc1d8ecb277353a59184f4aa.sdkstatcache -Xcc -I/Users/tuan/Library/Developer/Xcode/DerivedData/LinguaApp-cnzhrpjntxezraexaicvemyehwby/Build/Intermediates.noindex/LinguaApp.build/Debug-iphonesimulator/LinguaApp.build/swift-overrides.hmap -Xcc -iquote -Xcc /Users/tuan/Library/Developer/Xcode/DerivedData/LinguaApp-cnzhrpjntxezraexaicvemyehwby/Build/Intermediates.noindex/LinguaApp.build/Debug-iphonesimulator/LinguaApp.build/LinguaApp-generated-files.hmap -Xcc -I/Users/tuan/Library/Developer/Xcode/DerivedData/LinguaApp-cnzhrpjntxezraexaicvemyehwby/Build/Intermediates.noindex/LinguaApp.build/Debug-iphonesimulator/LinguaApp.build/LinguaApp-own-target-headers.hmap -Xcc -I/Users/tuan/Library/Developer/Xcode/DerivedData/LinguaApp-cnzhrpjntxezraexaicvemyehwby/Build/Intermediates.noindex/LinguaApp.build/Debug-iphonesimulator/LinguaApp.build/LinguaApp-all-target-headers.hmap -Xcc -iquote -Xcc /Users/tuan/Library/Developer/Xcode/DerivedData/LinguaApp-cnzhrpjntxezraexaicvemyehwby/Build/Intermediates.noindex/LinguaApp.build/Debug-iphonesimulator/LinguaApp.build/LinguaApp-project-headers.hmap -Xcc -I/Users/tuan/Library/Developer/Xcode/DerivedData/LinguaApp-cnzhrpjntxezraexaicvemyehwby/Build/Products/Debug-iphonesimulator/include -Xcc -I/Users/tuan/Library/Developer/Xcode/DerivedData/LinguaApp-cnzhrpjntxezraexaicvemyehwby/Build/Intermediates.noindex/LinguaApp.build/Debug-iphonesimulator/LinguaApp.build/DerivedSources-normal/arm64 -Xcc -I/Users/tuan/Library/Developer/Xcode/DerivedData/LinguaApp-cnzhrpjntxezraexaicvemyehwby/Build/Intermediates.noindex/LinguaApp.build/Debug-iphonesimulator/LinguaApp.build/DerivedSources/arm64 -Xcc -I/Users/tuan/Library/Developer/Xcode/DerivedData/LinguaApp-cnzhrpjntxezraexaicvemyehwby/Build/Intermediates.noindex/LinguaApp.build/Debug-iphonesimulator/LinguaApp.build/DerivedSources -Xcc -DDEBUG\=1 -no-auto-bridging-header-chaining -module-name LinguaApp -frontend-parseable-output -disable-clang-spi -clang-target arm64-apple-ios26.4-simulator -target-sdk-version 26.4 -target-sdk-name iphonesimulator26.4 -in-process-plugin-server-path /Applications/Xcode.app/Contents/Developer/Toolchains/XcodeDefault.xctoolchain/usr/lib/swift/host/libSwiftInProcPluginServer.dylib -o /Users/tuan/Library/Developer/Xcode/DerivedData/LinguaApp-cnzhrpjntxezraexaicvemyehwby/Build/Intermediates.noindex/LinguaApp.build/Debug-iphonesimulator/LinguaApp.build/Objects-normal/arm64/LanguageHubView.o -index-unit-output-path /LinguaApp.build/Debug-iphonesimulator/LinguaApp.build/Objects-normal/arm64/LanguageHubView.o -index-store-path /Users/tuan/Library/Developer/Xcode/DerivedData/LinguaApp-cnzhrpjntxezraexaicvemyehwby/Index.noindex/DataStore -index-system-modules
✅ Build thành công! Đang cài đặt lên Simulator...
com.example.LinguaApp: 22706
🎉 Đã cập nhật app!
🚀 Phát hiện thay đổi, đang build lại...
2026-04-26 12:35:22.194 xcodebuild[22765:407038] [MT] IDERunDestination: Supported platforms for the buildables in the current scheme is empty.
    Signing Identity:     "Sign to Run Locally"
    
    /usr/bin/codesign --force --sign - --timestamp\=none --generate-entitlement-der /Users/tuan/Library/Developer/Xcode/DerivedData/LinguaApp-cnzhrpjntxezraexaicvemyehwby/Build/Products/Debug-iphonesimulator/LinguaApp.app

Validate /Users/tuan/Library/Developer/Xcode/DerivedData/LinguaApp-cnzhrpjntxezraexaicvemyehwby/Build/Products/Debug-iphonesimulator/LinguaApp.app (in target 'LinguaApp' from project 'LinguaApp')
    cd /Users/tuan/Learn/rust/language-app/ios/LinguaApp
    builtin-validationUtility /Users/tuan/Library/Developer/Xcode/DerivedData/LinguaApp-cnzhrpjntxezraexaicvemyehwby/Build/Products/Debug-iphonesimulator/LinguaApp.app -shallow-bundle -infoplist-subpath Info.plist

** BUILD SUCCEEDED **

✅ Build thành công! Đang cài đặt lên Simulator...
com.example.LinguaApp: 22812
🎉 Đã cập nhật app!
🚀 Phát hiện thay đổi, đang build lại...
2026-04-26 12:37:02.605 xcodebuild[22871:409413] [MT] IDERunDestination: Supported platforms for the buildables in the current scheme is empty.
    Signing Identity:     "Sign to Run Locally"
    
    /usr/bin/codesign --force --sign - --timestamp\=none --generate-entitlement-der /Users/tuan/Library/Developer/Xcode/DerivedData/LinguaApp-cnzhrpjntxezraexaicvemyehwby/Build/Products/Debug-iphonesimulator/LinguaApp.app

Validate /Users/tuan/Library/Developer/Xcode/DerivedData/LinguaApp-cnzhrpjntxezraexaicvemyehwby/Build/Products/Debug-iphonesimulator/LinguaApp.app (in target 'LinguaApp' from project 'LinguaApp')
    cd /Users/tuan/Learn/rust/language-app/ios/LinguaApp
    builtin-validationUtility /Users/tuan/Library/Developer/Xcode/DerivedData/LinguaApp-cnzhrpjntxezraexaicvemyehwby/Build/Products/Debug-iphonesimulator/LinguaApp.app -shallow-bundle -infoplist-subpath Info.plist

** BUILD SUCCEEDED **

✅ Build thành công! Đang cài đặt lên Simulator...
com.example.LinguaApp: 22919
🎉 Đã cập nhật app!
🚀 Phát hiện thay đổi, đang build lại...
2026-04-26 12:38:17.215 xcodebuild[22961:411430] [MT] IDERunDestination: Supported platforms for the buildables in the current scheme is empty.
    Signing Identity:     "Sign to Run Locally"
    
    /usr/bin/codesign --force --sign - --timestamp\=none --generate-entitlement-der /Users/tuan/Library/Developer/Xcode/DerivedData/LinguaApp-cnzhrpjntxezraexaicvemyehwby/Build/Products/Debug-iphonesimulator/LinguaApp.app

Validate /Users/tuan/Library/Developer/Xcode/DerivedData/LinguaApp-cnzhrpjntxezraexaicvemyehwby/Build/Products/Debug-iphonesimulator/LinguaApp.app (in target 'LinguaApp' from project 'LinguaApp')
    cd /Users/tuan/Learn/rust/language-app/ios/LinguaApp
    builtin-validationUtility /Users/tuan/Library/Developer/Xcode/DerivedData/LinguaApp-cnzhrpjntxezraexaicvemyehwby/Build/Products/Debug-iphonesimulator/LinguaApp.app -shallow-bundle -infoplist-subpath Info.plist

** BUILD SUCCEEDED **

✅ Build thành công! Đang cài đặt lên Simulator...
com.example.LinguaApp: 23007
🎉 Đã cập nhật app!
🚀 Phát hiện thay đổi, đang build lại...
2026-04-26 12:38:34.169 xcodebuild[23008:412202] [MT] IDERunDestination: Supported platforms for the buildables in the current scheme is empty.
/Users/tuan/Learn/rust/language-app/ios/LinguaApp/LinguaApp/Views/LanguageHubView.swift:534:9: error: expected declaration
        .toolbar(.hidden, for: .navigationBar)
        ^
/Users/tuan/Learn/rust/language-app/ios/LinguaApp/LinguaApp/Views/LanguageHubView.swift:283:8: note: in declaration of 'ReadingQuizView'
struct ReadingQuizView: View {
       ^
/Users/tuan/Learn/rust/language-app/ios/LinguaApp/LinguaApp/Views/LanguageHubView.swift:621:1: error: extraneous '}' at top level
}
^
** BUILD FAILED **


The following build commands failed:
	SwiftDriver LinguaApp normal arm64 com.apple.xcode.tools.swift.compiler (in target 'LinguaApp' from project 'LinguaApp')
	Building project LinguaApp with scheme LinguaApp
(2 failures)
/Users/tuan/Learn/rust/language-app/ios/LinguaApp/LinguaApp/Views/LanguageHubView.swift:534:9: error: Expected declaration
        .toolbar(.hidden, for: .navigationBar)
        ^ (in target 'LinguaApp' from project 'LinguaApp')
/Users/tuan/Learn/rust/language-app/ios/LinguaApp/LinguaApp/Views/LanguageHubView.swift:283:8: note: In declaration of 'ReadingQuizView'
struct ReadingQuizView: View {
       ^ (in target 'LinguaApp' from project 'LinguaApp')
/Users/tuan/Learn/rust/language-app/ios/LinguaApp/LinguaApp/Views/LanguageHubView.swift:621:1: error: Extraneous '}' at top level
}
^ (in target 'LinguaApp' from project 'LinguaApp')

✅ Build thành công! Đang cài đặt lên Simulator...
com.example.LinguaApp: 23030
🎉 Đã cập nhật app!
🚀 Phát hiện thay đổi, đang build lại...
2026-04-26 12:38:44.581 xcodebuild[23032:412796] [MT] IDERunDestination: Supported platforms for the buildables in the current scheme is empty.
/Users/tuan/Learn/rust/language-app/ios/LinguaApp/LinguaApp/Views/LanguageHubView.swift:486:21: error: expected ')' in expression list
                    }
                    ^
/Users/tuan/Learn/rust/language-app/ios/LinguaApp/LinguaApp/Views/LanguageHubView.swift:464:33: note: to match this opening '('
                        .gesture(
                                ^
** BUILD FAILED **


The following build commands failed:
	SwiftDriver LinguaApp normal arm64 com.apple.xcode.tools.swift.compiler (in target 'LinguaApp' from project 'LinguaApp')
	Building project LinguaApp with scheme LinguaApp
(2 failures)
SwiftDriver LinguaApp normal arm64 com.apple.xcode.tools.swift.compiler (in target 'LinguaApp' from project 'LinguaApp')
    cd /Users/tuan/Learn/rust/language-app/ios/LinguaApp
    builtin-SwiftDriver -- /Applications/Xcode.app/Contents/Developer/Toolchains/XcodeDefault.xctoolchain/usr/bin/swiftc -module-name LinguaApp -Onone @/Users/tuan/Library/Developer/Xcode/DerivedData/LinguaApp-cnzhrpjntxezraexaicvemyehwby/Build/Intermediates.noindex/LinguaApp.build/Debug-iphonesimulator/LinguaApp.build/Objects-normal/arm64/LinguaApp.SwiftFileList -DDEBUG -enable-bare-slash-regex -enable-experimental-feature DebugDescriptionMacro -sdk /Applications/Xcode.app/Contents/Developer/Platforms/iPhoneSimulator.platform/Developer/SDKs/iPhoneSimulator26.4.sdk -target arm64-apple-ios17.0-simulator -g -module-cache-path /Users/tuan/Library/Developer/Xcode/DerivedData/ModuleCache.noindex -Xfrontend -serialize-debugging-options -enable-testing -index-store-path /Users/tuan/Library/Developer/Xcode/DerivedData/LinguaApp-cnzhrpjntxezraexaicvemyehwby/Index.noindex/DataStore -Xcc -D_LIBCPP_HARDENING_MODE\=_LIBCPP_HARDENING_MODE_DEBUG -swift-version 5 -I /Users/tuan/Library/Developer/Xcode/DerivedData/LinguaApp-cnzhrpjntxezraexaicvemyehwby/Build/Products/Debug-iphonesimulator -F /Users/tuan/Library/Developer/Xcode/DerivedData/LinguaApp-cnzhrpjntxezraexaicvemyehwby/Build/Products/Debug-iphonesimulator -c -j8 -enable-batch-mode -incremental -Xcc -ivfsstatcache -Xcc /Users/tuan/Library/Developer/Xcode/DerivedData/SDKStatCaches.noindex/iphonesimulator26.4-23E252-686eebb5dc1d8ecb277353a59184f4aa.sdkstatcache -output-file-map /Users/tuan/Library/Developer/Xcode/DerivedData/LinguaApp-cnzhrpjntxezraexaicvemyehwby/Build/Intermediates.noindex/LinguaApp.build/Debug-iphonesimulator/LinguaApp.build/Objects-normal/arm64/LinguaApp-OutputFileMap.json -use-frontend-parseable-output -save-temps -no-color-diagnostics -explicit-module-build -module-cache-path /Users/tuan/Library/Developer/Xcode/DerivedData/LinguaApp-cnzhrpjntxezraexaicvemyehwby/Build/Intermediates.noindex/SwiftExplicitPrecompiledModules -clang-scanner-module-cache-path /Users/tuan/Library/Developer/Xcode/DerivedData/ModuleCache.noindex -sdk-module-cache-path /Users/tuan/Library/Developer/Xcode/DerivedData/ModuleCache.noindex -serialize-diagnostics -emit-dependencies -emit-module -emit-module-path /Users/tuan/Library/Developer/Xcode/DerivedData/LinguaApp-cnzhrpjntxezraexaicvemyehwby/Build/Intermediates.noindex/LinguaApp.build/Debug-iphonesimulator/LinguaApp.build/Objects-normal/arm64/LinguaApp.swiftmodule -validate-clang-modules-once -clang-build-session-file /Users/tuan/Library/Developer/Xcode/DerivedData/ModuleCache.noindex/Session.modulevalidation -Xcc -I/Users/tuan/Library/Developer/Xcode/DerivedData/LinguaApp-cnzhrpjntxezraexaicvemyehwby/Build/Intermediates.noindex/LinguaApp.build/Debug-iphonesimulator/LinguaApp.build/swift-overrides.hmap -emit-const-values -Xfrontend -const-gather-protocols-file -Xfrontend /Users/tuan/Library/Developer/Xcode/DerivedData/LinguaApp-cnzhrpjntxezraexaicvemyehwby/Build/Intermediates.noindex/LinguaApp.build/Debug-iphonesimulator/LinguaApp.build/Objects-normal/arm64/LinguaApp_const_extract_protocols.json -Xcc -iquote -Xcc /Users/tuan/Library/Developer/Xcode/DerivedData/LinguaApp-cnzhrpjntxezraexaicvemyehwby/Build/Intermediates.noindex/LinguaApp.build/Debug-iphonesimulator/LinguaApp.build/LinguaApp-generated-files.hmap -Xcc -I/Users/tuan/Library/Developer/Xcode/DerivedData/LinguaApp-cnzhrpjntxezraexaicvemyehwby/Build/Intermediates.noindex/LinguaApp.build/Debug-iphonesimulator/LinguaApp.build/LinguaApp-own-target-headers.hmap -Xcc -I/Users/tuan/Library/Developer/Xcode/DerivedData/LinguaApp-cnzhrpjntxezraexaicvemyehwby/Build/Intermediates.noindex/LinguaApp.build/Debug-iphonesimulator/LinguaApp.build/LinguaApp-all-target-headers.hmap -Xcc -iquote -Xcc /Users/tuan/Library/Developer/Xcode/DerivedData/LinguaApp-cnzhrpjntxezraexaicvemyehwby/Build/Intermediates.noindex/LinguaApp.build/Debug-iphonesimulator/LinguaApp.build/LinguaApp-project-headers.hmap -Xcc -I/Users/tuan/Library/Developer/Xcode/DerivedData/LinguaApp-cnzhrpjntxezraexaicvemyehwby/Build/Products/Debug-iphonesimulator/include -Xcc -I/Users/tuan/Library/Developer/Xcode/DerivedData/LinguaApp-cnzhrpjntxezraexaicvemyehwby/Build/Intermediates.noindex/LinguaApp.build/Debug-iphonesimulator/LinguaApp.build/DerivedSources-normal/arm64 -Xcc -I/Users/tuan/Library/Developer/Xcode/DerivedData/LinguaApp-cnzhrpjntxezraexaicvemyehwby/Build/Intermediates.noindex/LinguaApp.build/Debug-iphonesimulator/LinguaApp.build/DerivedSources/arm64 -Xcc -I/Users/tuan/Library/Developer/Xcode/DerivedData/LinguaApp-cnzhrpjntxezraexaicvemyehwby/Build/Intermediates.noindex/LinguaApp.build/Debug-iphonesimulator/LinguaApp.build/DerivedSources -Xcc -DDEBUG\=1 -emit-objc-header -emit-objc-header-path /Users/tuan/Library/Developer/Xcode/DerivedData/LinguaApp-cnzhrpjntxezraexaicvemyehwby/Build/Intermediates.noindex/LinguaApp.build/Debug-iphonesimulator/LinguaApp.build/Objects-normal/arm64/LinguaApp-Swift.h -working-directory /Users/tuan/Learn/rust/language-app/ios/LinguaApp -experimental-emit-module-separately -disable-cmo
/Users/tuan/Learn/rust/language-app/ios/LinguaApp/LinguaApp/Views/LanguageHubView.swift:486:21: error: Expected ')' in expression list
                    }
                    ^ (in target 'LinguaApp' from project 'LinguaApp')
/Users/tuan/Learn/rust/language-app/ios/LinguaApp/LinguaApp/Views/LanguageHubView.swift:464:33: note: To match this opening '('
                        .gesture(
                                ^ (in target 'LinguaApp' from project 'LinguaApp')

✅ Build thành công! Đang cài đặt lên Simulator...
com.example.LinguaApp: 23048
🎉 Đã cập nhật app!
🚀 Phát hiện thay đổi, đang build lại...
2026-04-26 12:39:25.161 xcodebuild[23077:413869] [MT] IDERunDestination: Supported platforms for the buildables in the current scheme is empty.
    Signing Identity:     "Sign to Run Locally"
    
    /usr/bin/codesign --force --sign - --timestamp\=none --generate-entitlement-der /Users/tuan/Library/Developer/Xcode/DerivedData/LinguaApp-cnzhrpjntxezraexaicvemyehwby/Build/Products/Debug-iphonesimulator/LinguaApp.app

Validate /Users/tuan/Library/Developer/Xcode/DerivedData/LinguaApp-cnzhrpjntxezraexaicvemyehwby/Build/Products/Debug-iphonesimulator/LinguaApp.app (in target 'LinguaApp' from project 'LinguaApp')
    cd /Users/tuan/Learn/rust/language-app/ios/LinguaApp
    builtin-validationUtility /Users/tuan/Library/Developer/Xcode/DerivedData/LinguaApp-cnzhrpjntxezraexaicvemyehwby/Build/Products/Debug-iphonesimulator/LinguaApp.app -shallow-bundle -infoplist-subpath Info.plist

** BUILD SUCCEEDED **

✅ Build thành công! Đang cài đặt lên Simulator...
com.example.LinguaApp: 23132
🎉 Đã cập nhật app!
🚀 Phát hiện thay đổi, đang build lại...
2026-04-26 12:48:30.663 xcodebuild[23415:422114] [MT] IDERunDestination: Supported platforms for the buildables in the current scheme is empty.
    
    /usr/bin/codesign --force --sign - --timestamp\=none --generate-entitlement-der /Users/tuan/Library/Developer/Xcode/DerivedData/LinguaApp-cnzhrpjntxezraexaicvemyehwby/Build/Products/Debug-iphonesimulator/LinguaApp.app
/Users/tuan/Library/Developer/Xcode/DerivedData/LinguaApp-cnzhrpjntxezraexaicvemyehwby/Build/Products/Debug-iphonesimulator/LinguaApp.app: replacing existing signature

Validate /Users/tuan/Library/Developer/Xcode/DerivedData/LinguaApp-cnzhrpjntxezraexaicvemyehwby/Build/Products/Debug-iphonesimulator/LinguaApp.app (in target 'LinguaApp' from project 'LinguaApp')
    cd /Users/tuan/Learn/rust/language-app/ios/LinguaApp
    builtin-validationUtility /Users/tuan/Library/Developer/Xcode/DerivedData/LinguaApp-cnzhrpjntxezraexaicvemyehwby/Build/Products/Debug-iphonesimulator/LinguaApp.app -shallow-bundle -infoplist-subpath Info.plist

** BUILD SUCCEEDED **

✅ Build thành công! Đang cài đặt lên Simulator...
com.example.LinguaApp: 23468
🎉 Đã cập nhật app!
🚀 Phát hiện thay đổi, đang build lại...
2026-04-26 12:48:42.115 xcodebuild[23475:423018] [MT] IDERunDestination: Supported platforms for the buildables in the current scheme is empty.
** BUILD FAILED **


The following build commands failed:
	EmitSwiftModule normal arm64 (in target 'LinguaApp' from project 'LinguaApp')
	SwiftEmitModule normal arm64 Emitting\ module\ for\ LinguaApp (in target 'LinguaApp' from project 'LinguaApp')
	Building project LinguaApp with scheme LinguaApp
(3 failures)
    @StateObject private var speechService = SpeechService.shared
                                             ^~~~~~~~~~~~~

Failed frontend command:
/Applications/Xcode.app/Contents/Developer/Toolchains/XcodeDefault.xctoolchain/usr/bin/swift-frontend -frontend -emit-module -experimental-skip-non-inlinable-function-bodies-without-types /Users/tuan/Learn/rust/language-app/ios/LinguaApp/LinguaApp/Services/APIService.swift /Users/tuan/Learn/rust/language-app/ios/LinguaApp/LinguaApp/Theme/AppTheme.swift /Users/tuan/Learn/rust/language-app/ios/LinguaApp/LinguaApp/Services/AudioService.swift /Users/tuan/Learn/rust/language-app/ios/LinguaApp/LinguaApp/Services/AuthService.swift /Users/tuan/Learn/rust/language-app/ios/LinguaApp/LinguaApp/Views/HomeView.swift /Users/tuan/Learn/rust/language-app/ios/LinguaApp/LinguaApp/Views/LanguageHubView.swift /Users/tuan/Learn/rust/language-app/ios/LinguaApp/LinguaApp/Views/LanguagesView.swift /Users/tuan/Learn/rust/language-app/ios/LinguaApp/LinguaApp/LinguaApp.swift /Users/tuan/Learn/rust/language-app/ios/LinguaApp/LinguaApp/Services/LocalizationService.swift /Users/tuan/Learn/rust/language-app/ios/LinguaApp/LinguaApp/Views/LoginView.swift /Users/tuan/Learn/rust/language-app/ios/LinguaApp/LinguaApp/Models.swift /Users/tuan/Learn/rust/language-app/ios/LinguaApp/LinguaApp/Views/RegisterView.swift /Users/tuan/Learn/rust/language-app/ios/LinguaApp/LinguaApp/Views/SettingsView.swift /Users/tuan/Learn/rust/language-app/ios/LinguaApp/LinguaApp/Views/StoriesView.swift /Users/tuan/Learn/rust/language-app/ios/LinguaApp/LinguaApp/Views/StoryReaderView.swift /Users/tuan/Learn/rust/language-app/ios/LinguaApp/LinguaApp/Views/StoryTypingView.swift /Users/tuan/Learn/rust/language-app/ios/LinguaApp/LinguaApp/Views/VocabLessonsView.swift /Users/tuan/Learn/rust/language-app/ios/LinguaApp/LinguaApp/Views/VocabTypingView.swift /Users/tuan/Library/Developer/Xcode/DerivedData/LinguaApp-cnzhrpjntxezraexaicvemyehwby/Build/Intermediates.noindex/LinguaApp.build/Debug-iphonesimulator/LinguaApp.build/DerivedSources/GeneratedAssetSymbols.swift -target arm64-apple-ios17.0-simulator -module-can-import-version DeveloperToolsSupport 23.40.26 23.40.26 -load-resolved-plugin /Applications/Xcode.app/Contents/Developer/Platforms/iPhoneOS.platform/Developer/usr/lib/swift/host/plugins/libFoundationMacros.dylib\#/Applications/Xcode.app/Contents/Developer/Platforms/iPhoneOS.platform/Developer/usr/bin/swift-plugin-server\#FoundationMacros -load-resolved-plugin /Applications/Xcode.app/Contents/Developer/Platforms/iPhoneOS.platform/Developer/usr/lib/swift/host/plugins/libObservationMacros.dylib\#/Applications/Xcode.app/Contents/Developer/Platforms/iPhoneOS.platform/Developer/usr/bin/swift-plugin-server\#ObservationMacros -load-resolved-plugin /Applications/Xcode.app/Contents/Developer/Platforms/iPhoneOS.platform/Developer/usr/lib/swift/host/plugins/libPreviewsMacros.dylib\#/Applications/Xcode.app/Contents/Developer/Platforms/iPhoneOS.platform/Developer/usr/bin/swift-plugin-server\#PreviewsMacros -load-resolved-plugin /Applications/Xcode.app/Contents/Developer/Platforms/iPhoneOS.platform/Developer/usr/lib/swift/host/plugins/libSwiftMacros.dylib\#/Applications/Xcode.app/Contents/Developer/Platforms/iPhoneOS.platform/Developer/usr/bin/swift-plugin-server\#SwiftMacros -load-resolved-plugin /Applications/Xcode.app/Contents/Developer/Platforms/iPhoneOS.platform/Developer/usr/lib/swift/host/plugins/libSwiftUIMacros.dylib\#/Applications/Xcode.app/Contents/Developer/Platforms/iPhoneOS.platform/Developer/usr/bin/swift-plugin-server\#SwiftUIMacros -disable-implicit-swift-modules -Xcc -fno-implicit-modules -Xcc -fno-implicit-module-maps -explicit-swift-module-map-file /Users/tuan/Library/Developer/Xcode/DerivedData/LinguaApp-cnzhrpjntxezraexaicvemyehwby/Build/Intermediates.noindex/LinguaApp.build/Debug-iphonesimulator/LinguaApp.build/Objects-normal/arm64/LinguaApp-dependencies-1.json -Xllvm -aarch64-use-tbi -enable-objc-interop -sdk /Applications/Xcode.app/Contents/Developer/Platforms/iPhoneSimulator.platform/Developer/SDKs/iPhoneSimulator26.4.sdk -I /Users/tuan/Library/Developer/Xcode/DerivedData/LinguaApp-cnzhrpjntxezraexaicvemyehwby/Build/Products/Debug-iphonesimulator -F /Users/tuan/Library/Developer/Xcode/DerivedData/LinguaApp-cnzhrpjntxezraexaicvemyehwby/Build/Products/Debug-iphonesimulator -no-color-diagnostics -Xcc -fno-color-diagnostics -enable-testing -g -debug-info-format\=dwarf -dwarf-version\=4 -module-cache-path /Users/tuan/Library/Developer/Xcode/DerivedData/LinguaApp-cnzhrpjntxezraexaicvemyehwby/Build/Intermediates.noindex/SwiftExplicitPrecompiledModules -swift-version 5 -Onone -D DEBUG -serialize-debugging-options -const-gather-protocols-file /Users/tuan/Library/Developer/Xcode/DerivedData/LinguaApp-cnzhrpjntxezraexaicvemyehwby/Build/Intermediates.noindex/LinguaApp.build/Debug-iphonesimulator/LinguaApp.build/Objects-normal/arm64/LinguaApp_const_extract_protocols.json -enable-experimental-feature DebugDescriptionMacro -enable-bare-slash-regex -empty-abi-descriptor -validate-clang-modules-once -clang-build-session-file /Users/tuan/Library/Developer/Xcode/DerivedData/ModuleCache.noindex/Session.modulevalidation -Xcc -working-directory -Xcc /Users/tuan/Learn/rust/language-app/ios/LinguaApp -enable-anonymous-context-mangled-names -file-compilation-dir /Users/tuan/Learn/rust/language-app/ios/LinguaApp -Xcc -D_LIBCPP_HARDENING_MODE\=_LIBCPP_HARDENING_MODE_DEBUG -Xcc -ivfsstatcache -Xcc /Users/tuan/Library/Developer/Xcode/DerivedData/SDKStatCaches.noindex/iphonesimulator26.4-23E252-686eebb5dc1d8ecb277353a59184f4aa.sdkstatcache -Xcc -I/Users/tuan/Library/Developer/Xcode/DerivedData/LinguaApp-cnzhrpjntxezraexaicvemyehwby/Build/Intermediates.noindex/LinguaApp.build/Debug-iphonesimulator/LinguaApp.build/swift-overrides.hmap -Xcc -iquote -Xcc /Users/tuan/Library/Developer/Xcode/DerivedData/LinguaApp-cnzhrpjntxezraexaicvemyehwby/Build/Intermediates.noindex/LinguaApp.build/Debug-iphonesimulator/LinguaApp.build/LinguaApp-generated-files.hmap -Xcc -I/Users/tuan/Library/Developer/Xcode/DerivedData/LinguaApp-cnzhrpjntxezraexaicvemyehwby/Build/Intermediates.noindex/LinguaApp.build/Debug-iphonesimulator/LinguaApp.build/LinguaApp-own-target-headers.hmap -Xcc -I/Users/tuan/Library/Developer/Xcode/DerivedData/LinguaApp-cnzhrpjntxezraexaicvemyehwby/Build/Intermediates.noindex/LinguaApp.build/Debug-iphonesimulator/LinguaApp.build/LinguaApp-all-target-headers.hmap -Xcc -iquote -Xcc /Users/tuan/Library/Developer/Xcode/DerivedData/LinguaApp-cnzhrpjntxezraexaicvemyehwby/Build/Intermediates.noindex/LinguaApp.build/Debug-iphonesimulator/LinguaApp.build/LinguaApp-project-headers.hmap -Xcc -I/Users/tuan/Library/Developer/Xcode/DerivedData/LinguaApp-cnzhrpjntxezraexaicvemyehwby/Build/Products/Debug-iphonesimulator/include -Xcc -I/Users/tuan/Library/Developer/Xcode/DerivedData/LinguaApp-cnzhrpjntxezraexaicvemyehwby/Build/Intermediates.noindex/LinguaApp.build/Debug-iphonesimulator/LinguaApp.build/DerivedSources-normal/arm64 -Xcc -I/Users/tuan/Library/Developer/Xcode/DerivedData/LinguaApp-cnzhrpjntxezraexaicvemyehwby/Build/Intermediates.noindex/LinguaApp.build/Debug-iphonesimulator/LinguaApp.build/DerivedSources/arm64 -Xcc -I/Users/tuan/Library/Developer/Xcode/DerivedData/LinguaApp-cnzhrpjntxezraexaicvemyehwby/Build/Intermediates.noindex/LinguaApp.build/Debug-iphonesimulator/LinguaApp.build/DerivedSources -Xcc -DDEBUG\=1 -no-auto-bridging-header-chaining -module-name LinguaApp -frontend-parseable-output -disable-clang-spi -clang-target arm64-apple-ios26.4-simulator -target-sdk-version 26.4 -target-sdk-name iphonesimulator26.4 -in-process-plugin-server-path /Applications/Xcode.app/Contents/Developer/Toolchains/XcodeDefault.xctoolchain/usr/lib/swift/host/libSwiftInProcPluginServer.dylib -emit-module-doc-path /Users/tuan/Library/Developer/Xcode/DerivedData/LinguaApp-cnzhrpjntxezraexaicvemyehwby/Build/Intermediates.noindex/LinguaApp.build/Debug-iphonesimulator/LinguaApp.build/Objects-normal/arm64/LinguaApp.swiftdoc -emit-module-source-info-path /Users/tuan/Library/Developer/Xcode/DerivedData/LinguaApp-cnzhrpjntxezraexaicvemyehwby/Build/Intermediates.noindex/LinguaApp.build/Debug-iphonesimulator/LinguaApp.build/Objects-normal/arm64/LinguaApp.swiftsourceinfo -emit-objc-header-path /Users/tuan/Library/Developer/Xcode/DerivedData/LinguaApp-cnzhrpjntxezraexaicvemyehwby/Build/Intermediates.noindex/LinguaApp.build/Debug-iphonesimulator/LinguaApp.build/Objects-normal/arm64/LinguaApp-Swift.h -serialize-diagnostics-path /Users/tuan/Library/Developer/Xcode/DerivedData/LinguaApp-cnzhrpjntxezraexaicvemyehwby/Build/Intermediates.noindex/LinguaApp.build/Debug-iphonesimulator/LinguaApp.build/Objects-normal/arm64/LinguaApp-primary-emit-module.dia -emit-dependencies-path /Users/tuan/Library/Developer/Xcode/DerivedData/LinguaApp-cnzhrpjntxezraexaicvemyehwby/Build/Intermediates.noindex/LinguaApp.build/Debug-iphonesimulator/LinguaApp.build/Objects-normal/arm64/LinguaApp-primary-emit-module.d -o /Users/tuan/Library/Developer/Xcode/DerivedData/LinguaApp-cnzhrpjntxezraexaicvemyehwby/Build/Intermediates.noindex/LinguaApp.build/Debug-iphonesimulator/LinguaApp.build/Objects-normal/arm64/LinguaApp.swiftmodule -emit-abi-descriptor-path /Users/tuan/Library/Developer/Xcode/DerivedData/LinguaApp-cnzhrpjntxezraexaicvemyehwby/Build/Intermediates.noindex/LinguaApp.build/Debug-iphonesimulator/LinguaApp.build/Objects-normal/arm64/LinguaApp.abi.json
SwiftCompile normal arm64 Compiling\ LanguageHubView.swift /Users/tuan/Learn/rust/language-app/ios/LinguaApp/LinguaApp/Views/LanguageHubView.swift (in target 'LinguaApp' from project 'LinguaApp')
SwiftCompile normal arm64 /Users/tuan/Learn/rust/language-app/ios/LinguaApp/LinguaApp/Views/LanguageHubView.swift (in target 'LinguaApp' from project 'LinguaApp')
    cd /Users/tuan/Learn/rust/language-app/ios/LinguaApp
    

✅ Build thành công! Đang cài đặt lên Simulator...
com.example.LinguaApp: 23512
🎉 Đã cập nhật app!
🚀 Phát hiện thay đổi, đang build lại...
2026-04-26 12:53:21.972 xcodebuild[23670:427630] [MT] IDERunDestination: Supported platforms for the buildables in the current scheme is empty.
    Signing Identity:     "Sign to Run Locally"
    
    /usr/bin/codesign --force --sign - --timestamp\=none --generate-entitlement-der /Users/tuan/Library/Developer/Xcode/DerivedData/LinguaApp-cnzhrpjntxezraexaicvemyehwby/Build/Products/Debug-iphonesimulator/LinguaApp.app

Validate /Users/tuan/Library/Developer/Xcode/DerivedData/LinguaApp-cnzhrpjntxezraexaicvemyehwby/Build/Products/Debug-iphonesimulator/LinguaApp.app (in target 'LinguaApp' from project 'LinguaApp')
    cd /Users/tuan/Learn/rust/language-app/ios/LinguaApp
    builtin-validationUtility /Users/tuan/Library/Developer/Xcode/DerivedData/LinguaApp-cnzhrpjntxezraexaicvemyehwby/Build/Products/Debug-iphonesimulator/LinguaApp.app -shallow-bundle -infoplist-subpath Info.plist

** BUILD SUCCEEDED **

✅ Build thành công! Đang cài đặt lên Simulator...
com.example.LinguaApp: 23729
🎉 Đã cập nhật app!
🚀 Phát hiện thay đổi, đang build lại...
2026-04-26 12:59:32.276 xcodebuild[23939:433796] [MT] IDERunDestination: Supported platforms for the buildables in the current scheme is empty.
** BUILD FAILED **


The following build commands failed:
	SwiftCompile normal arm64 /Users/tuan/Learn/rust/language-app/ios/LinguaApp/LinguaApp/Views/LanguageHubView.swift (in target 'LinguaApp' from project 'LinguaApp')
	SwiftCompile normal arm64 Compiling\ LanguageHubView.swift /Users/tuan/Learn/rust/language-app/ios/LinguaApp/LinguaApp/Views/LanguageHubView.swift (in target 'LinguaApp' from project 'LinguaApp')
	Building project LinguaApp with scheme LinguaApp
(3 failures)
                            ^~~~~~~~~~~
/Users/tuan/Learn/rust/language-app/ios/LinguaApp/LinguaApp/Views/LanguageHubView.swift:789:26: warning: 'onChange(of:perform:)' was deprecated in iOS 17.0: Use `onChange` with a two or zero parameter action closure instead.
                        .onChange(of: geo.frame(in: .named("textContainer"))) { newFrame in
                         ^
/Users/tuan/Learn/rust/language-app/ios/LinguaApp/LinguaApp/Views/LanguageHubView.swift:976:41: warning: 'requestRecordPermission' was deprecated in iOS 17.0: Please use AVAudioApplication requestRecordPermissionWithCompletionHandler
        AVAudioSession.sharedInstance().requestRecordPermission { _ in }
                                        ^

Failed frontend command:
/Applications/Xcode.app/Contents/Developer/Toolchains/XcodeDefault.xctoolchain/usr/bin/swift-frontend -frontend -c /Users/tuan/Learn/rust/language-app/ios/LinguaApp/LinguaApp/Services/APIService.swift /Users/tuan/Learn/rust/language-app/ios/LinguaApp/LinguaApp/Theme/AppTheme.swift /Users/tuan/Learn/rust/language-app/ios/LinguaApp/LinguaApp/Services/AudioService.swift /Users/tuan/Learn/rust/language-app/ios/LinguaApp/LinguaApp/Services/AuthService.swift /Users/tuan/Learn/rust/language-app/ios/LinguaApp/LinguaApp/Views/HomeView.swift -primary-file /Users/tuan/Learn/rust/language-app/ios/LinguaApp/LinguaApp/Views/LanguageHubView.swift /Users/tuan/Learn/rust/language-app/ios/LinguaApp/LinguaApp/Views/LanguagesView.swift /Users/tuan/Learn/rust/language-app/ios/LinguaApp/LinguaApp/LinguaApp.swift /Users/tuan/Learn/rust/language-app/ios/LinguaApp/LinguaApp/Services/LocalizationService.swift /Users/tuan/Learn/rust/language-app/ios/LinguaApp/LinguaApp/Views/LoginView.swift /Users/tuan/Learn/rust/language-app/ios/LinguaApp/LinguaApp/Models.swift /Users/tuan/Learn/rust/language-app/ios/LinguaApp/LinguaApp/Views/RegisterView.swift /Users/tuan/Learn/rust/language-app/ios/LinguaApp/LinguaApp/Views/SettingsView.swift /Users/tuan/Learn/rust/language-app/ios/LinguaApp/LinguaApp/Views/StoriesView.swift /Users/tuan/Learn/rust/language-app/ios/LinguaApp/LinguaApp/Views/StoryReaderView.swift /Users/tuan/Learn/rust/language-app/ios/LinguaApp/LinguaApp/Views/StoryTypingView.swift /Users/tuan/Learn/rust/language-app/ios/LinguaApp/LinguaApp/Views/VocabLessonsView.swift /Users/tuan/Learn/rust/language-app/ios/LinguaApp/LinguaApp/Views/VocabTypingView.swift /Users/tuan/Library/Developer/Xcode/DerivedData/LinguaApp-cnzhrpjntxezraexaicvemyehwby/Build/Intermediates.noindex/LinguaApp.build/Debug-iphonesimulator/LinguaApp.build/DerivedSources/GeneratedAssetSymbols.swift -emit-dependencies-path /Users/tuan/Library/Developer/Xcode/DerivedData/LinguaApp-cnzhrpjntxezraexaicvemyehwby/Build/Intermediates.noindex/LinguaApp.build/Debug-iphonesimulator/LinguaApp.build/Objects-normal/arm64/LanguageHubView.d -emit-const-values-path /Users/tuan/Library/Developer/Xcode/DerivedData/LinguaApp-cnzhrpjntxezraexaicvemyehwby/Build/Intermediates.noindex/LinguaApp.build/Debug-iphonesimulator/LinguaApp.build/Objects-normal/arm64/LanguageHubView.swiftconstvalues -emit-reference-dependencies-path /Users/tuan/Library/Developer/Xcode/DerivedData/LinguaApp-cnzhrpjntxezraexaicvemyehwby/Build/Intermediates.noindex/LinguaApp.build/Debug-iphonesimulator/LinguaApp.build/Objects-normal/arm64/LanguageHubView.swiftdeps -serialize-diagnostics-path /Users/tuan/Library/Developer/Xcode/DerivedData/LinguaApp-cnzhrpjntxezraexaicvemyehwby/Build/Intermediates.noindex/LinguaApp.build/Debug-iphonesimulator/LinguaApp.build/Objects-normal/arm64/LanguageHubView.dia -target arm64-apple-ios17.0-simulator -module-can-import-version DeveloperToolsSupport 23.40.26 23.40.26 -load-resolved-plugin /Applications/Xcode.app/Contents/Developer/Platforms/iPhoneOS.platform/Developer/usr/lib/swift/host/plugins/libFoundationMacros.dylib\#/Applications/Xcode.app/Contents/Developer/Platforms/iPhoneOS.platform/Developer/usr/bin/swift-plugin-server\#FoundationMacros -load-resolved-plugin /Applications/Xcode.app/Contents/Developer/Platforms/iPhoneOS.platform/Developer/usr/lib/swift/host/plugins/libObservationMacros.dylib\#/Applications/Xcode.app/Contents/Developer/Platforms/iPhoneOS.platform/Developer/usr/bin/swift-plugin-server\#ObservationMacros -load-resolved-plugin /Applications/Xcode.app/Contents/Developer/Platforms/iPhoneOS.platform/Developer/usr/lib/swift/host/plugins/libPreviewsMacros.dylib\#/Applications/Xcode.app/Contents/Developer/Platforms/iPhoneOS.platform/Developer/usr/bin/swift-plugin-server\#PreviewsMacros -load-resolved-plugin /Applications/Xcode.app/Contents/Developer/Platforms/iPhoneOS.platform/Developer/usr/lib/swift/host/plugins/libSwiftMacros.dylib\#/Applications/Xcode.app/Contents/Developer/Platforms/iPhoneOS.platform/Developer/usr/bin/swift-plugin-server\#SwiftMacros -load-resolved-plugin /Applications/Xcode.app/Contents/Developer/Platforms/iPhoneOS.platform/Developer/usr/lib/swift/host/plugins/libSwiftUIMacros.dylib\#/Applications/Xcode.app/Contents/Developer/Platforms/iPhoneOS.platform/Developer/usr/bin/swift-plugin-server\#SwiftUIMacros -disable-implicit-swift-modules -Xcc -fno-implicit-modules -Xcc -fno-implicit-module-maps -explicit-swift-module-map-file /Users/tuan/Library/Developer/Xcode/DerivedData/LinguaApp-cnzhrpjntxezraexaicvemyehwby/Build/Intermediates.noindex/LinguaApp.build/Debug-iphonesimulator/LinguaApp.build/Objects-normal/arm64/LinguaApp-dependencies-1.json -debug-module-path /Users/tuan/Library/Developer/Xcode/DerivedData/LinguaApp-cnzhrpjntxezraexaicvemyehwby/Build/Intermediates.noindex/LinguaApp.build/Debug-iphonesimulator/LinguaApp.build/Objects-normal/arm64/LinguaApp.swiftmodule -Xllvm -aarch64-use-tbi -enable-objc-interop -sdk /Applications/Xcode.app/Contents/Developer/Platforms/iPhoneSimulator.platform/Developer/SDKs/iPhoneSimulator26.4.sdk -I /Users/tuan/Library/Developer/Xcode/DerivedData/LinguaApp-cnzhrpjntxezraexaicvemyehwby/Build/Products/Debug-iphonesimulator -F /Users/tuan/Library/Developer/Xcode/DerivedData/LinguaApp-cnzhrpjntxezraexaicvemyehwby/Build/Products/Debug-iphonesimulator -no-color-diagnostics -Xcc -fno-color-diagnostics -enable-testing -g -debug-info-format\=dwarf -dwarf-version\=4 -module-cache-path /Users/tuan/Library/Developer/Xcode/DerivedData/LinguaApp-cnzhrpjntxezraexaicvemyehwby/Build/Intermediates.noindex/SwiftExplicitPrecompiledModules -swift-version 5 -Onone -D DEBUG -serialize-debugging-options -const-gather-protocols-file /Users/tuan/Library/Developer/Xcode/DerivedData/LinguaApp-cnzhrpjntxezraexaicvemyehwby/Build/Intermediates.noindex/LinguaApp.build/Debug-iphonesimulator/LinguaApp.build/Objects-normal/arm64/LinguaApp_const_extract_protocols.json -enable-experimental-feature DebugDescriptionMacro -enable-bare-slash-regex -empty-abi-descriptor -validate-clang-modules-once -clang-build-session-file /Users/tuan/Library/Developer/Xcode/DerivedData/ModuleCache.noindex/Session.modulevalidation -Xcc -working-directory -Xcc /Users/tuan/Learn/rust/language-app/ios/LinguaApp -enable-anonymous-context-mangled-names -file-compilation-dir /Users/tuan/Learn/rust/language-app/ios/LinguaApp -Xcc -D_LIBCPP_HARDENING_MODE\=_LIBCPP_HARDENING_MODE_DEBUG -Xcc -ivfsstatcache -Xcc /Users/tuan/Library/Developer/Xcode/DerivedData/SDKStatCaches.noindex/iphonesimulator26.4-23E252-686eebb5dc1d8ecb277353a59184f4aa.sdkstatcache -Xcc -I/Users/tuan/Library/Developer/Xcode/DerivedData/LinguaApp-cnzhrpjntxezraexaicvemyehwby/Build/Intermediates.noindex/LinguaApp.build/Debug-iphonesimulator/LinguaApp.build/swift-overrides.hmap -Xcc -iquote -Xcc /Users/tuan/Library/Developer/Xcode/DerivedData/LinguaApp-cnzhrpjntxezraexaicvemyehwby/Build/Intermediates.noindex/LinguaApp.build/Debug-iphonesimulator/LinguaApp.build/LinguaApp-generated-files.hmap -Xcc -I/Users/tuan/Library/Developer/Xcode/DerivedData/LinguaApp-cnzhrpjntxezraexaicvemyehwby/Build/Intermediates.noindex/LinguaApp.build/Debug-iphonesimulator/LinguaApp.build/LinguaApp-own-target-headers.hmap -Xcc -I/Users/tuan/Library/Developer/Xcode/DerivedData/LinguaApp-cnzhrpjntxezraexaicvemyehwby/Build/Intermediates.noindex/LinguaApp.build/Debug-iphonesimulator/LinguaApp.build/LinguaApp-all-target-headers.hmap -Xcc -iquote -Xcc /Users/tuan/Library/Developer/Xcode/DerivedData/LinguaApp-cnzhrpjntxezraexaicvemyehwby/Build/Intermediates.noindex/LinguaApp.build/Debug-iphonesimulator/LinguaApp.build/LinguaApp-project-headers.hmap -Xcc -I/Users/tuan/Library/Developer/Xcode/DerivedData/LinguaApp-cnzhrpjntxezraexaicvemyehwby/Build/Products/Debug-iphonesimulator/include -Xcc -I/Users/tuan/Library/Developer/Xcode/DerivedData/LinguaApp-cnzhrpjntxezraexaicvemyehwby/Build/Intermediates.noindex/LinguaApp.build/Debug-iphonesimulator/LinguaApp.build/DerivedSources-normal/arm64 -Xcc -I/Users/tuan/Library/Developer/Xcode/DerivedData/LinguaApp-cnzhrpjntxezraexaicvemyehwby/Build/Intermediates.noindex/LinguaApp.build/Debug-iphonesimulator/LinguaApp.build/DerivedSources/arm64 -Xcc -I/Users/tuan/Library/Developer/Xcode/DerivedData/LinguaApp-cnzhrpjntxezraexaicvemyehwby/Build/Intermediates.noindex/LinguaApp.build/Debug-iphonesimulator/LinguaApp.build/DerivedSources -Xcc -DDEBUG\=1 -no-auto-bridging-header-chaining -module-name LinguaApp -frontend-parseable-output -disable-clang-spi -clang-target arm64-apple-ios26.4-simulator -target-sdk-version 26.4 -target-sdk-name iphonesimulator26.4 -in-process-plugin-server-path /Applications/Xcode.app/Contents/Developer/Toolchains/XcodeDefault.xctoolchain/usr/lib/swift/host/libSwiftInProcPluginServer.dylib -o /Users/tuan/Library/Developer/Xcode/DerivedData/LinguaApp-cnzhrpjntxezraexaicvemyehwby/Build/Intermediates.noindex/LinguaApp.build/Debug-iphonesimulator/LinguaApp.build/Objects-normal/arm64/LanguageHubView.o -index-unit-output-path /LinguaApp.build/Debug-iphonesimulator/LinguaApp.build/Objects-normal/arm64/LanguageHubView.o -index-store-path /Users/tuan/Library/Developer/Xcode/DerivedData/LinguaApp-cnzhrpjntxezraexaicvemyehwby/Index.noindex/DataStore -index-system-modules
✅ Build thành công! Đang cài đặt lên Simulator...
com.example.LinguaApp: 23965
🎉 Đã cập nhật app!
🚀 Phát hiện thay đổi, đang build lại...
2026-04-26 12:59:49.121 xcodebuild[23970:434497] [MT] IDERunDestination: Supported platforms for the buildables in the current scheme is empty.
** BUILD FAILED **


The following build commands failed:
	SwiftCompile normal arm64 /Users/tuan/Learn/rust/language-app/ios/LinguaApp/LinguaApp/Views/LanguageHubView.swift (in target 'LinguaApp' from project 'LinguaApp')
	SwiftCompile normal arm64 Compiling\ LanguageHubView.swift /Users/tuan/Learn/rust/language-app/ios/LinguaApp/LinguaApp/Views/LanguageHubView.swift (in target 'LinguaApp' from project 'LinguaApp')
	Building project LinguaApp with scheme LinguaApp
(3 failures)
                                       ^~~~~~~~~
/Users/tuan/Learn/rust/language-app/ios/LinguaApp/LinguaApp/Views/LanguageHubView.swift:1237:80: error: cannot find 'zsh' in scope
            sentences = passage.content.components(separatedBy: ".").filter { !zsh.trimmingCharacters(in: .whitespaces).isEmpty }
                                                                               ^~~
/Users/tuan/Learn/rust/language-app/ios/LinguaApp/LinguaApp/Views/LanguageHubView.swift:1144:28: error: the compiler is unable to type-check this expression in reasonable time; try breaking up the expression into distinct sub-expressions
                    Text("\(Int(Double(currentIndex + 1) / Double(sentences.count) * 100))%")
                           ^~~~~~~~~~~~~~~~~~~~~~~~~~~~~~~~~~~~~~~~~~~~~~~~~~~~~~~~~~~~~~~

Failed frontend command:
/Applications/Xcode.app/Contents/Developer/Toolchains/XcodeDefault.xctoolchain/usr/bin/swift-frontend -frontend -c /Users/tuan/Learn/rust/language-app/ios/LinguaApp/LinguaApp/Services/APIService.swift /Users/tuan/Learn/rust/language-app/ios/LinguaApp/LinguaApp/Theme/AppTheme.swift /Users/tuan/Learn/rust/language-app/ios/LinguaApp/LinguaApp/Services/AudioService.swift /Users/tuan/Learn/rust/language-app/ios/LinguaApp/LinguaApp/Services/AuthService.swift /Users/tuan/Learn/rust/language-app/ios/LinguaApp/LinguaApp/Views/HomeView.swift -primary-file /Users/tuan/Learn/rust/language-app/ios/LinguaApp/LinguaApp/Views/LanguageHubView.swift /Users/tuan/Learn/rust/language-app/ios/LinguaApp/LinguaApp/Views/LanguagesView.swift /Users/tuan/Learn/rust/language-app/ios/LinguaApp/LinguaApp/LinguaApp.swift /Users/tuan/Learn/rust/language-app/ios/LinguaApp/LinguaApp/Services/LocalizationService.swift /Users/tuan/Learn/rust/language-app/ios/LinguaApp/LinguaApp/Views/LoginView.swift /Users/tuan/Learn/rust/language-app/ios/LinguaApp/LinguaApp/Models.swift /Users/tuan/Learn/rust/language-app/ios/LinguaApp/LinguaApp/Views/RegisterView.swift /Users/tuan/Learn/rust/language-app/ios/LinguaApp/LinguaApp/Views/SettingsView.swift /Users/tuan/Learn/rust/language-app/ios/LinguaApp/LinguaApp/Views/StoriesView.swift /Users/tuan/Learn/rust/language-app/ios/LinguaApp/LinguaApp/Views/StoryReaderView.swift /Users/tuan/Learn/rust/language-app/ios/LinguaApp/LinguaApp/Views/StoryTypingView.swift /Users/tuan/Learn/rust/language-app/ios/LinguaApp/LinguaApp/Views/VocabLessonsView.swift /Users/tuan/Learn/rust/language-app/ios/LinguaApp/LinguaApp/Views/VocabTypingView.swift /Users/tuan/Library/Developer/Xcode/DerivedData/LinguaApp-cnzhrpjntxezraexaicvemyehwby/Build/Intermediates.noindex/LinguaApp.build/Debug-iphonesimulator/LinguaApp.build/DerivedSources/GeneratedAssetSymbols.swift -emit-dependencies-path /Users/tuan/Library/Developer/Xcode/DerivedData/LinguaApp-cnzhrpjntxezraexaicvemyehwby/Build/Intermediates.noindex/LinguaApp.build/Debug-iphonesimulator/LinguaApp.build/Objects-normal/arm64/LanguageHubView.d -emit-const-values-path /Users/tuan/Library/Developer/Xcode/DerivedData/LinguaApp-cnzhrpjntxezraexaicvemyehwby/Build/Intermediates.noindex/LinguaApp.build/Debug-iphonesimulator/LinguaApp.build/Objects-normal/arm64/LanguageHubView.swiftconstvalues -emit-reference-dependencies-path /Users/tuan/Library/Developer/Xcode/DerivedData/LinguaApp-cnzhrpjntxezraexaicvemyehwby/Build/Intermediates.noindex/LinguaApp.build/Debug-iphonesimulator/LinguaApp.build/Objects-normal/arm64/LanguageHubView.swiftdeps -serialize-diagnostics-path /Users/tuan/Library/Developer/Xcode/DerivedData/LinguaApp-cnzhrpjntxezraexaicvemyehwby/Build/Intermediates.noindex/LinguaApp.build/Debug-iphonesimulator/LinguaApp.build/Objects-normal/arm64/LanguageHubView.dia -target arm64-apple-ios17.0-simulator -module-can-import-version DeveloperToolsSupport 23.40.26 23.40.26 -load-resolved-plugin /Applications/Xcode.app/Contents/Developer/Platforms/iPhoneOS.platform/Developer/usr/lib/swift/host/plugins/libFoundationMacros.dylib\#/Applications/Xcode.app/Contents/Developer/Platforms/iPhoneOS.platform/Developer/usr/bin/swift-plugin-server\#FoundationMacros -load-resolved-plugin /Applications/Xcode.app/Contents/Developer/Platforms/iPhoneOS.platform/Developer/usr/lib/swift/host/plugins/libObservationMacros.dylib\#/Applications/Xcode.app/Contents/Developer/Platforms/iPhoneOS.platform/Developer/usr/bin/swift-plugin-server\#ObservationMacros -load-resolved-plugin /Applications/Xcode.app/Contents/Developer/Platforms/iPhoneOS.platform/Developer/usr/lib/swift/host/plugins/libPreviewsMacros.dylib\#/Applications/Xcode.app/Contents/Developer/Platforms/iPhoneOS.platform/Developer/usr/bin/swift-plugin-server\#PreviewsMacros -load-resolved-plugin /Applications/Xcode.app/Contents/Developer/Platforms/iPhoneOS.platform/Developer/usr/lib/swift/host/plugins/libSwiftMacros.dylib\#/Applications/Xcode.app/Contents/Developer/Platforms/iPhoneOS.platform/Developer/usr/bin/swift-plugin-server\#SwiftMacros -load-resolved-plugin /Applications/Xcode.app/Contents/Developer/Platforms/iPhoneOS.platform/Developer/usr/lib/swift/host/plugins/libSwiftUIMacros.dylib\#/Applications/Xcode.app/Contents/Developer/Platforms/iPhoneOS.platform/Developer/usr/bin/swift-plugin-server\#SwiftUIMacros -disable-implicit-swift-modules -Xcc -fno-implicit-modules -Xcc -fno-implicit-module-maps -explicit-swift-module-map-file /Users/tuan/Library/Developer/Xcode/DerivedData/LinguaApp-cnzhrpjntxezraexaicvemyehwby/Build/Intermediates.noindex/LinguaApp.build/Debug-iphonesimulator/LinguaApp.build/Objects-normal/arm64/LinguaApp-dependencies-1.json -debug-module-path /Users/tuan/Library/Developer/Xcode/DerivedData/LinguaApp-cnzhrpjntxezraexaicvemyehwby/Build/Intermediates.noindex/LinguaApp.build/Debug-iphonesimulator/LinguaApp.build/Objects-normal/arm64/LinguaApp.swiftmodule -Xllvm -aarch64-use-tbi -enable-objc-interop -sdk /Applications/Xcode.app/Contents/Developer/Platforms/iPhoneSimulator.platform/Developer/SDKs/iPhoneSimulator26.4.sdk -I /Users/tuan/Library/Developer/Xcode/DerivedData/LinguaApp-cnzhrpjntxezraexaicvemyehwby/Build/Products/Debug-iphonesimulator -F /Users/tuan/Library/Developer/Xcode/DerivedData/LinguaApp-cnzhrpjntxezraexaicvemyehwby/Build/Products/Debug-iphonesimulator -no-color-diagnostics -Xcc -fno-color-diagnostics -enable-testing -g -debug-info-format\=dwarf -dwarf-version\=4 -module-cache-path /Users/tuan/Library/Developer/Xcode/DerivedData/LinguaApp-cnzhrpjntxezraexaicvemyehwby/Build/Intermediates.noindex/SwiftExplicitPrecompiledModules -swift-version 5 -Onone -D DEBUG -serialize-debugging-options -const-gather-protocols-file /Users/tuan/Library/Developer/Xcode/DerivedData/LinguaApp-cnzhrpjntxezraexaicvemyehwby/Build/Intermediates.noindex/LinguaApp.build/Debug-iphonesimulator/LinguaApp.build/Objects-normal/arm64/LinguaApp_const_extract_protocols.json -enable-experimental-feature DebugDescriptionMacro -enable-bare-slash-regex -empty-abi-descriptor -validate-clang-modules-once -clang-build-session-file /Users/tuan/Library/Developer/Xcode/DerivedData/ModuleCache.noindex/Session.modulevalidation -Xcc -working-directory -Xcc /Users/tuan/Learn/rust/language-app/ios/LinguaApp -enable-anonymous-context-mangled-names -file-compilation-dir /Users/tuan/Learn/rust/language-app/ios/LinguaApp -Xcc -D_LIBCPP_HARDENING_MODE\=_LIBCPP_HARDENING_MODE_DEBUG -Xcc -ivfsstatcache -Xcc /Users/tuan/Library/Developer/Xcode/DerivedData/SDKStatCaches.noindex/iphonesimulator26.4-23E252-686eebb5dc1d8ecb277353a59184f4aa.sdkstatcache -Xcc -I/Users/tuan/Library/Developer/Xcode/DerivedData/LinguaApp-cnzhrpjntxezraexaicvemyehwby/Build/Intermediates.noindex/LinguaApp.build/Debug-iphonesimulator/LinguaApp.build/swift-overrides.hmap -Xcc -iquote -Xcc /Users/tuan/Library/Developer/Xcode/DerivedData/LinguaApp-cnzhrpjntxezraexaicvemyehwby/Build/Intermediates.noindex/LinguaApp.build/Debug-iphonesimulator/LinguaApp.build/LinguaApp-generated-files.hmap -Xcc -I/Users/tuan/Library/Developer/Xcode/DerivedData/LinguaApp-cnzhrpjntxezraexaicvemyehwby/Build/Intermediates.noindex/LinguaApp.build/Debug-iphonesimulator/LinguaApp.build/LinguaApp-own-target-headers.hmap -Xcc -I/Users/tuan/Library/Developer/Xcode/DerivedData/LinguaApp-cnzhrpjntxezraexaicvemyehwby/Build/Intermediates.noindex/LinguaApp.build/Debug-iphonesimulator/LinguaApp.build/LinguaApp-all-target-headers.hmap -Xcc -iquote -Xcc /Users/tuan/Library/Developer/Xcode/DerivedData/LinguaApp-cnzhrpjntxezraexaicvemyehwby/Build/Intermediates.noindex/LinguaApp.build/Debug-iphonesimulator/LinguaApp.build/LinguaApp-project-headers.hmap -Xcc -I/Users/tuan/Library/Developer/Xcode/DerivedData/LinguaApp-cnzhrpjntxezraexaicvemyehwby/Build/Products/Debug-iphonesimulator/include -Xcc -I/Users/tuan/Library/Developer/Xcode/DerivedData/LinguaApp-cnzhrpjntxezraexaicvemyehwby/Build/Intermediates.noindex/LinguaApp.build/Debug-iphonesimulator/LinguaApp.build/DerivedSources-normal/arm64 -Xcc -I/Users/tuan/Library/Developer/Xcode/DerivedData/LinguaApp-cnzhrpjntxezraexaicvemyehwby/Build/Intermediates.noindex/LinguaApp.build/Debug-iphonesimulator/LinguaApp.build/DerivedSources/arm64 -Xcc -I/Users/tuan/Library/Developer/Xcode/DerivedData/LinguaApp-cnzhrpjntxezraexaicvemyehwby/Build/Intermediates.noindex/LinguaApp.build/Debug-iphonesimulator/LinguaApp.build/DerivedSources -Xcc -DDEBUG\=1 -no-auto-bridging-header-chaining -module-name LinguaApp -frontend-parseable-output -disable-clang-spi -clang-target arm64-apple-ios26.4-simulator -target-sdk-version 26.4 -target-sdk-name iphonesimulator26.4 -in-process-plugin-server-path /Applications/Xcode.app/Contents/Developer/Toolchains/XcodeDefault.xctoolchain/usr/lib/swift/host/libSwiftInProcPluginServer.dylib -o /Users/tuan/Library/Developer/Xcode/DerivedData/LinguaApp-cnzhrpjntxezraexaicvemyehwby/Build/Intermediates.noindex/LinguaApp.build/Debug-iphonesimulator/LinguaApp.build/Objects-normal/arm64/LanguageHubView.o -index-unit-output-path /LinguaApp.build/Debug-iphonesimulator/LinguaApp.build/Objects-normal/arm64/LanguageHubView.o -index-store-path /Users/tuan/Library/Developer/Xcode/DerivedData/LinguaApp-cnzhrpjntxezraexaicvemyehwby/Index.noindex/DataStore -index-system-modules
✅ Build thành công! Đang cài đặt lên Simulator...
com.example.LinguaApp: 24007
🎉 Đã cập nhật app!
🚀 Phát hiện thay đổi, đang build lại...
2026-04-26 13:05:05.334 xcodebuild[24268:440595] [MT] IDERunDestination: Supported platforms for the buildables in the current scheme is empty.
/Users/tuan/Learn/rust/language-app/ios/LinguaApp/LinguaApp/Views/LanguageHubView.swift:906:1: error: expected '}' in class

^
/Users/tuan/Learn/rust/language-app/ios/LinguaApp/LinguaApp/Views/LanguageHubView.swift:902:42: note: to match this opening '{'
final class TranslationService: Sendable {
                                         ^
** BUILD FAILED **


The following build commands failed:
	SwiftDriver LinguaApp normal arm64 com.apple.xcode.tools.swift.compiler (in target 'LinguaApp' from project 'LinguaApp')
	Building project LinguaApp with scheme LinguaApp
(2 failures)
SwiftDriver LinguaApp normal arm64 com.apple.xcode.tools.swift.compiler (in target 'LinguaApp' from project 'LinguaApp')
    cd /Users/tuan/Learn/rust/language-app/ios/LinguaApp
    builtin-SwiftDriver -- /Applications/Xcode.app/Contents/Developer/Toolchains/XcodeDefault.xctoolchain/usr/bin/swiftc -module-name LinguaApp -Onone @/Users/tuan/Library/Developer/Xcode/DerivedData/LinguaApp-cnzhrpjntxezraexaicvemyehwby/Build/Intermediates.noindex/LinguaApp.build/Debug-iphonesimulator/LinguaApp.build/Objects-normal/arm64/LinguaApp.SwiftFileList -DDEBUG -enable-bare-slash-regex -enable-experimental-feature DebugDescriptionMacro -sdk /Applications/Xcode.app/Contents/Developer/Platforms/iPhoneSimulator.platform/Developer/SDKs/iPhoneSimulator26.4.sdk -target arm64-apple-ios17.0-simulator -g -module-cache-path /Users/tuan/Library/Developer/Xcode/DerivedData/ModuleCache.noindex -Xfrontend -serialize-debugging-options -enable-testing -index-store-path /Users/tuan/Library/Developer/Xcode/DerivedData/LinguaApp-cnzhrpjntxezraexaicvemyehwby/Index.noindex/DataStore -Xcc -D_LIBCPP_HARDENING_MODE\=_LIBCPP_HARDENING_MODE_DEBUG -swift-version 5 -I /Users/tuan/Library/Developer/Xcode/DerivedData/LinguaApp-cnzhrpjntxezraexaicvemyehwby/Build/Products/Debug-iphonesimulator -F /Users/tuan/Library/Developer/Xcode/DerivedData/LinguaApp-cnzhrpjntxezraexaicvemyehwby/Build/Products/Debug-iphonesimulator -c -j8 -enable-batch-mode -incremental -Xcc -ivfsstatcache -Xcc /Users/tuan/Library/Developer/Xcode/DerivedData/SDKStatCaches.noindex/iphonesimulator26.4-23E252-686eebb5dc1d8ecb277353a59184f4aa.sdkstatcache -output-file-map /Users/tuan/Library/Developer/Xcode/DerivedData/LinguaApp-cnzhrpjntxezraexaicvemyehwby/Build/Intermediates.noindex/LinguaApp.build/Debug-iphonesimulator/LinguaApp.build/Objects-normal/arm64/LinguaApp-OutputFileMap.json -use-frontend-parseable-output -save-temps -no-color-diagnostics -explicit-module-build -module-cache-path /Users/tuan/Library/Developer/Xcode/DerivedData/LinguaApp-cnzhrpjntxezraexaicvemyehwby/Build/Intermediates.noindex/SwiftExplicitPrecompiledModules -clang-scanner-module-cache-path /Users/tuan/Library/Developer/Xcode/DerivedData/ModuleCache.noindex -sdk-module-cache-path /Users/tuan/Library/Developer/Xcode/DerivedData/ModuleCache.noindex -serialize-diagnostics -emit-dependencies -emit-module -emit-module-path /Users/tuan/Library/Developer/Xcode/DerivedData/LinguaApp-cnzhrpjntxezraexaicvemyehwby/Build/Intermediates.noindex/LinguaApp.build/Debug-iphonesimulator/LinguaApp.build/Objects-normal/arm64/LinguaApp.swiftmodule -validate-clang-modules-once -clang-build-session-file /Users/tuan/Library/Developer/Xcode/DerivedData/ModuleCache.noindex/Session.modulevalidation -Xcc -I/Users/tuan/Library/Developer/Xcode/DerivedData/LinguaApp-cnzhrpjntxezraexaicvemyehwby/Build/Intermediates.noindex/LinguaApp.build/Debug-iphonesimulator/LinguaApp.build/swift-overrides.hmap -emit-const-values -Xfrontend -const-gather-protocols-file -Xfrontend /Users/tuan/Library/Developer/Xcode/DerivedData/LinguaApp-cnzhrpjntxezraexaicvemyehwby/Build/Intermediates.noindex/LinguaApp.build/Debug-iphonesimulator/LinguaApp.build/Objects-normal/arm64/LinguaApp_const_extract_protocols.json -Xcc -iquote -Xcc /Users/tuan/Library/Developer/Xcode/DerivedData/LinguaApp-cnzhrpjntxezraexaicvemyehwby/Build/Intermediates.noindex/LinguaApp.build/Debug-iphonesimulator/LinguaApp.build/LinguaApp-generated-files.hmap -Xcc -I/Users/tuan/Library/Developer/Xcode/DerivedData/LinguaApp-cnzhrpjntxezraexaicvemyehwby/Build/Intermediates.noindex/LinguaApp.build/Debug-iphonesimulator/LinguaApp.build/LinguaApp-own-target-headers.hmap -Xcc -I/Users/tuan/Library/Developer/Xcode/DerivedData/LinguaApp-cnzhrpjntxezraexaicvemyehwby/Build/Intermediates.noindex/LinguaApp.build/Debug-iphonesimulator/LinguaApp.build/LinguaApp-all-target-headers.hmap -Xcc -iquote -Xcc /Users/tuan/Library/Developer/Xcode/DerivedData/LinguaApp-cnzhrpjntxezraexaicvemyehwby/Build/Intermediates.noindex/LinguaApp.build/Debug-iphonesimulator/LinguaApp.build/LinguaApp-project-headers.hmap -Xcc -I/Users/tuan/Library/Developer/Xcode/DerivedData/LinguaApp-cnzhrpjntxezraexaicvemyehwby/Build/Products/Debug-iphonesimulator/include -Xcc -I/Users/tuan/Library/Developer/Xcode/DerivedData/LinguaApp-cnzhrpjntxezraexaicvemyehwby/Build/Intermediates.noindex/LinguaApp.build/Debug-iphonesimulator/LinguaApp.build/DerivedSources-normal/arm64 -Xcc -I/Users/tuan/Library/Developer/Xcode/DerivedData/LinguaApp-cnzhrpjntxezraexaicvemyehwby/Build/Intermediates.noindex/LinguaApp.build/Debug-iphonesimulator/LinguaApp.build/DerivedSources/arm64 -Xcc -I/Users/tuan/Library/Developer/Xcode/DerivedData/LinguaApp-cnzhrpjntxezraexaicvemyehwby/Build/Intermediates.noindex/LinguaApp.build/Debug-iphonesimulator/LinguaApp.build/DerivedSources -Xcc -DDEBUG\=1 -emit-objc-header -emit-objc-header-path /Users/tuan/Library/Developer/Xcode/DerivedData/LinguaApp-cnzhrpjntxezraexaicvemyehwby/Build/Intermediates.noindex/LinguaApp.build/Debug-iphonesimulator/LinguaApp.build/Objects-normal/arm64/LinguaApp-Swift.h -working-directory /Users/tuan/Learn/rust/language-app/ios/LinguaApp -experimental-emit-module-separately -disable-cmo
/Users/tuan/Learn/rust/language-app/ios/LinguaApp/LinguaApp/Views/LanguageHubView.swift:906:1: error: Expected '}' in class

^ (in target 'LinguaApp' from project 'LinguaApp')
/Users/tuan/Learn/rust/language-app/ios/LinguaApp/LinguaApp/Views/LanguageHubView.swift:902:42: note: To match this opening '{'
final class TranslationService: Sendable {
                                         ^ (in target 'LinguaApp' from project 'LinguaApp')

✅ Build thành công! Đang cài đặt lên Simulator...
com.example.LinguaApp: 24286
🎉 Đã cập nhật app!
🚀 Phát hiện thay đổi, đang build lại...
2026-04-26 13:05:15.531 xcodebuild[24291:441218] [MT] IDERunDestination: Supported platforms for the buildables in the current scheme is empty.
/Users/tuan/Learn/rust/language-app/ios/LinguaApp/LinguaApp/Views/LanguageHubView.swift:1122:1: error: expected '}' in class

^
/Users/tuan/Learn/rust/language-app/ios/LinguaApp/LinguaApp/Views/LanguageHubView.swift:902:42: note: to match this opening '{'
final class TranslationService: Sendable {
                                         ^
** BUILD FAILED **


The following build commands failed:
	SwiftDriver LinguaApp normal arm64 com.apple.xcode.tools.swift.compiler (in target 'LinguaApp' from project 'LinguaApp')
	Building project LinguaApp with scheme LinguaApp
(2 failures)
SwiftDriver LinguaApp normal arm64 com.apple.xcode.tools.swift.compiler (in target 'LinguaApp' from project 'LinguaApp')
    cd /Users/tuan/Learn/rust/language-app/ios/LinguaApp
    builtin-SwiftDriver -- /Applications/Xcode.app/Contents/Developer/Toolchains/XcodeDefault.xctoolchain/usr/bin/swiftc -module-name LinguaApp -Onone @/Users/tuan/Library/Developer/Xcode/DerivedData/LinguaApp-cnzhrpjntxezraexaicvemyehwby/Build/Intermediates.noindex/LinguaApp.build/Debug-iphonesimulator/LinguaApp.build/Objects-normal/arm64/LinguaApp.SwiftFileList -DDEBUG -enable-bare-slash-regex -enable-experimental-feature DebugDescriptionMacro -sdk /Applications/Xcode.app/Contents/Developer/Platforms/iPhoneSimulator.platform/Developer/SDKs/iPhoneSimulator26.4.sdk -target arm64-apple-ios17.0-simulator -g -module-cache-path /Users/tuan/Library/Developer/Xcode/DerivedData/ModuleCache.noindex -Xfrontend -serialize-debugging-options -enable-testing -index-store-path /Users/tuan/Library/Developer/Xcode/DerivedData/LinguaApp-cnzhrpjntxezraexaicvemyehwby/Index.noindex/DataStore -Xcc -D_LIBCPP_HARDENING_MODE\=_LIBCPP_HARDENING_MODE_DEBUG -swift-version 5 -I /Users/tuan/Library/Developer/Xcode/DerivedData/LinguaApp-cnzhrpjntxezraexaicvemyehwby/Build/Products/Debug-iphonesimulator -F /Users/tuan/Library/Developer/Xcode/DerivedData/LinguaApp-cnzhrpjntxezraexaicvemyehwby/Build/Products/Debug-iphonesimulator -c -j8 -enable-batch-mode -incremental -Xcc -ivfsstatcache -Xcc /Users/tuan/Library/Developer/Xcode/DerivedData/SDKStatCaches.noindex/iphonesimulator26.4-23E252-686eebb5dc1d8ecb277353a59184f4aa.sdkstatcache -output-file-map /Users/tuan/Library/Developer/Xcode/DerivedData/LinguaApp-cnzhrpjntxezraexaicvemyehwby/Build/Intermediates.noindex/LinguaApp.build/Debug-iphonesimulator/LinguaApp.build/Objects-normal/arm64/LinguaApp-OutputFileMap.json -use-frontend-parseable-output -save-temps -no-color-diagnostics -explicit-module-build -module-cache-path /Users/tuan/Library/Developer/Xcode/DerivedData/LinguaApp-cnzhrpjntxezraexaicvemyehwby/Build/Intermediates.noindex/SwiftExplicitPrecompiledModules -clang-scanner-module-cache-path /Users/tuan/Library/Developer/Xcode/DerivedData/ModuleCache.noindex -sdk-module-cache-path /Users/tuan/Library/Developer/Xcode/DerivedData/ModuleCache.noindex -serialize-diagnostics -emit-dependencies -emit-module -emit-module-path /Users/tuan/Library/Developer/Xcode/DerivedData/LinguaApp-cnzhrpjntxezraexaicvemyehwby/Build/Intermediates.noindex/LinguaApp.build/Debug-iphonesimulator/LinguaApp.build/Objects-normal/arm64/LinguaApp.swiftmodule -validate-clang-modules-once -clang-build-session-file /Users/tuan/Library/Developer/Xcode/DerivedData/ModuleCache.noindex/Session.modulevalidation -Xcc -I/Users/tuan/Library/Developer/Xcode/DerivedData/LinguaApp-cnzhrpjntxezraexaicvemyehwby/Build/Intermediates.noindex/LinguaApp.build/Debug-iphonesimulator/LinguaApp.build/swift-overrides.hmap -emit-const-values -Xfrontend -const-gather-protocols-file -Xfrontend /Users/tuan/Library/Developer/Xcode/DerivedData/LinguaApp-cnzhrpjntxezraexaicvemyehwby/Build/Intermediates.noindex/LinguaApp.build/Debug-iphonesimulator/LinguaApp.build/Objects-normal/arm64/LinguaApp_const_extract_protocols.json -Xcc -iquote -Xcc /Users/tuan/Library/Developer/Xcode/DerivedData/LinguaApp-cnzhrpjntxezraexaicvemyehwby/Build/Intermediates.noindex/LinguaApp.build/Debug-iphonesimulator/LinguaApp.build/LinguaApp-generated-files.hmap -Xcc -I/Users/tuan/Library/Developer/Xcode/DerivedData/LinguaApp-cnzhrpjntxezraexaicvemyehwby/Build/Intermediates.noindex/LinguaApp.build/Debug-iphonesimulator/LinguaApp.build/LinguaApp-own-target-headers.hmap -Xcc -I/Users/tuan/Library/Developer/Xcode/DerivedData/LinguaApp-cnzhrpjntxezraexaicvemyehwby/Build/Intermediates.noindex/LinguaApp.build/Debug-iphonesimulator/LinguaApp.build/LinguaApp-all-target-headers.hmap -Xcc -iquote -Xcc /Users/tuan/Library/Developer/Xcode/DerivedData/LinguaApp-cnzhrpjntxezraexaicvemyehwby/Build/Intermediates.noindex/LinguaApp.build/Debug-iphonesimulator/LinguaApp.build/LinguaApp-project-headers.hmap -Xcc -I/Users/tuan/Library/Developer/Xcode/DerivedData/LinguaApp-cnzhrpjntxezraexaicvemyehwby/Build/Products/Debug-iphonesimulator/include -Xcc -I/Users/tuan/Library/Developer/Xcode/DerivedData/LinguaApp-cnzhrpjntxezraexaicvemyehwby/Build/Intermediates.noindex/LinguaApp.build/Debug-iphonesimulator/LinguaApp.build/DerivedSources-normal/arm64 -Xcc -I/Users/tuan/Library/Developer/Xcode/DerivedData/LinguaApp-cnzhrpjntxezraexaicvemyehwby/Build/Intermediates.noindex/LinguaApp.build/Debug-iphonesimulator/LinguaApp.build/DerivedSources/arm64 -Xcc -I/Users/tuan/Library/Developer/Xcode/DerivedData/LinguaApp-cnzhrpjntxezraexaicvemyehwby/Build/Intermediates.noindex/LinguaApp.build/Debug-iphonesimulator/LinguaApp.build/DerivedSources -Xcc -DDEBUG\=1 -emit-objc-header -emit-objc-header-path /Users/tuan/Library/Developer/Xcode/DerivedData/LinguaApp-cnzhrpjntxezraexaicvemyehwby/Build/Intermediates.noindex/LinguaApp.build/Debug-iphonesimulator/LinguaApp.build/Objects-normal/arm64/LinguaApp-Swift.h -working-directory /Users/tuan/Learn/rust/language-app/ios/LinguaApp -experimental-emit-module-separately -disable-cmo
/Users/tuan/Learn/rust/language-app/ios/LinguaApp/LinguaApp/Views/LanguageHubView.swift:1122:1: error: Expected '}' in class

^ (in target 'LinguaApp' from project 'LinguaApp')
/Users/tuan/Learn/rust/language-app/ios/LinguaApp/LinguaApp/Views/LanguageHubView.swift:902:42: note: To match this opening '{'
final class TranslationService: Sendable {
                                         ^ (in target 'LinguaApp' from project 'LinguaApp')

✅ Build thành công! Đang cài đặt lên Simulator...
com.example.LinguaApp: 24326
🎉 Đã cập nhật app!
🚀 Phát hiện thay đổi, đang build lại...
2026-04-26 13:05:48.873 xcodebuild[24361:442557] [MT] IDERunDestination: Supported platforms for the buildables in the current scheme is empty.
** BUILD FAILED **


The following build commands failed:
	SwiftEmitModule normal arm64 Emitting\ module\ for\ LinguaApp (in target 'LinguaApp' from project 'LinguaApp')
	EmitSwiftModule normal arm64 (in target 'LinguaApp' from project 'LinguaApp')
	Building project LinguaApp with scheme LinguaApp
(3 failures)
/Users/tuan/Learn/rust/language-app/ios/LinguaApp/LinguaApp/Views/LanguageHubView.swift:941:37: error: cannot find type 'SFSpeechAudioBufferRecognitionRequest' in scope
    private var recognitionRequest: SFSpeechAudioBufferRecognitionRequest?
                                    ^~~~~~~~~~~~~~~~~~~~~~~~~~~~~~~~~~~~~
/Users/tuan/Learn/rust/language-app/ios/LinguaApp/LinguaApp/Views/LanguageHubView.swift:942:34: error: cannot find type 'SFSpeechRecognitionTask' in scope
    private var recognitionTask: SFSpeechRecognitionTask?
                                 ^~~~~~~~~~~~~~~~~~~~~~~
/Users/tuan/Learn/rust/language-app/ios/LinguaApp/LinguaApp/Views/LanguageHubView.swift:943:31: error: cannot find 'AVAudioEngine' in scope
    private let audioEngine = AVAudioEngine()
                              ^~~~~~~~~~~~~

✅ Build thành công! Đang cài đặt lên Simulator...
com.example.LinguaApp: 24386
🎉 Đã cập nhật app!
🚀 Phát hiện thay đổi, đang build lại...
2026-04-26 13:06:20.613 xcodebuild[24428:443769] [MT] IDERunDestination: Supported platforms for the buildables in the current scheme is empty.
** BUILD FAILED **


The following build commands failed:
	SwiftCompile normal arm64 /Users/tuan/Learn/rust/language-app/ios/LinguaApp/LinguaApp/Views/LanguageHubView.swift (in target 'LinguaApp' from project 'LinguaApp')
	SwiftCompile normal arm64 Compiling\ LanguageHubView.swift /Users/tuan/Learn/rust/language-app/ios/LinguaApp/LinguaApp/Views/LanguageHubView.swift (in target 'LinguaApp' from project 'LinguaApp')
	Building project LinguaApp with scheme LinguaApp
(3 failures)
                         ^
/Users/tuan/Learn/rust/language-app/ios/LinguaApp/LinguaApp/Views/LanguageHubView.swift:953:41: warning: 'requestRecordPermission' was deprecated in iOS 17.0: Please use AVAudioApplication requestRecordPermissionWithCompletionHandler
        AVAudioSession.sharedInstance().requestRecordPermission { _ in }
                                        ^
/Users/tuan/Learn/rust/language-app/ios/LinguaApp/LinguaApp/Views/LanguageHubView.swift:1147:28: error: the compiler is unable to type-check this expression in reasonable time; try breaking up the expression into distinct sub-expressions
                    Text("\(Int(Double(currentIndex + 1) / Double(sentences.count) * 100))%")
                           ^~~~~~~~~~~~~~~~~~~~~~~~~~~~~~~~~~~~~~~~~~~~~~~~~~~~~~~~~~~~~~~

Failed frontend command:
/Applications/Xcode.app/Contents/Developer/Toolchains/XcodeDefault.xctoolchain/usr/bin/swift-frontend -frontend -c /Users/tuan/Learn/rust/language-app/ios/LinguaApp/LinguaApp/Services/APIService.swift /Users/tuan/Learn/rust/language-app/ios/LinguaApp/LinguaApp/Theme/AppTheme.swift /Users/tuan/Learn/rust/language-app/ios/LinguaApp/LinguaApp/Services/AudioService.swift /Users/tuan/Learn/rust/language-app/ios/LinguaApp/LinguaApp/Services/AuthService.swift /Users/tuan/Learn/rust/language-app/ios/LinguaApp/LinguaApp/Views/HomeView.swift -primary-file /Users/tuan/Learn/rust/language-app/ios/LinguaApp/LinguaApp/Views/LanguageHubView.swift /Users/tuan/Learn/rust/language-app/ios/LinguaApp/LinguaApp/Views/LanguagesView.swift /Users/tuan/Learn/rust/language-app/ios/LinguaApp/LinguaApp/LinguaApp.swift /Users/tuan/Learn/rust/language-app/ios/LinguaApp/LinguaApp/Services/LocalizationService.swift /Users/tuan/Learn/rust/language-app/ios/LinguaApp/LinguaApp/Views/LoginView.swift /Users/tuan/Learn/rust/language-app/ios/LinguaApp/LinguaApp/Models.swift /Users/tuan/Learn/rust/language-app/ios/LinguaApp/LinguaApp/Views/RegisterView.swift /Users/tuan/Learn/rust/language-app/ios/LinguaApp/LinguaApp/Views/SettingsView.swift /Users/tuan/Learn/rust/language-app/ios/LinguaApp/LinguaApp/Views/StoriesView.swift /Users/tuan/Learn/rust/language-app/ios/LinguaApp/LinguaApp/Views/StoryReaderView.swift /Users/tuan/Learn/rust/language-app/ios/LinguaApp/LinguaApp/Views/StoryTypingView.swift /Users/tuan/Learn/rust/language-app/ios/LinguaApp/LinguaApp/Views/VocabLessonsView.swift /Users/tuan/Learn/rust/language-app/ios/LinguaApp/LinguaApp/Views/VocabTypingView.swift /Users/tuan/Library/Developer/Xcode/DerivedData/LinguaApp-cnzhrpjntxezraexaicvemyehwby/Build/Intermediates.noindex/LinguaApp.build/Debug-iphonesimulator/LinguaApp.build/DerivedSources/GeneratedAssetSymbols.swift -emit-dependencies-path /Users/tuan/Library/Developer/Xcode/DerivedData/LinguaApp-cnzhrpjntxezraexaicvemyehwby/Build/Intermediates.noindex/LinguaApp.build/Debug-iphonesimulator/LinguaApp.build/Objects-normal/arm64/LanguageHubView.d -emit-const-values-path /Users/tuan/Library/Developer/Xcode/DerivedData/LinguaApp-cnzhrpjntxezraexaicvemyehwby/Build/Intermediates.noindex/LinguaApp.build/Debug-iphonesimulator/LinguaApp.build/Objects-normal/arm64/LanguageHubView.swiftconstvalues -emit-reference-dependencies-path /Users/tuan/Library/Developer/Xcode/DerivedData/LinguaApp-cnzhrpjntxezraexaicvemyehwby/Build/Intermediates.noindex/LinguaApp.build/Debug-iphonesimulator/LinguaApp.build/Objects-normal/arm64/LanguageHubView.swiftdeps -serialize-diagnostics-path /Users/tuan/Library/Developer/Xcode/DerivedData/LinguaApp-cnzhrpjntxezraexaicvemyehwby/Build/Intermediates.noindex/LinguaApp.build/Debug-iphonesimulator/LinguaApp.build/Objects-normal/arm64/LanguageHubView.dia -target arm64-apple-ios17.0-simulator -module-can-import-version DeveloperToolsSupport 23.40.26 23.40.26 -load-resolved-plugin /Applications/Xcode.app/Contents/Developer/Platforms/iPhoneOS.platform/Developer/usr/lib/swift/host/plugins/libFoundationMacros.dylib\#/Applications/Xcode.app/Contents/Developer/Platforms/iPhoneOS.platform/Developer/usr/bin/swift-plugin-server\#FoundationMacros -load-resolved-plugin /Applications/Xcode.app/Contents/Developer/Platforms/iPhoneOS.platform/Developer/usr/lib/swift/host/plugins/libObservationMacros.dylib\#/Applications/Xcode.app/Contents/Developer/Platforms/iPhoneOS.platform/Developer/usr/bin/swift-plugin-server\#ObservationMacros -load-resolved-plugin /Applications/Xcode.app/Contents/Developer/Platforms/iPhoneOS.platform/Developer/usr/lib/swift/host/plugins/libPreviewsMacros.dylib\#/Applications/Xcode.app/Contents/Developer/Platforms/iPhoneOS.platform/Developer/usr/bin/swift-plugin-server\#PreviewsMacros -load-resolved-plugin /Applications/Xcode.app/Contents/Developer/Platforms/iPhoneOS.platform/Developer/usr/lib/swift/host/plugins/libSwiftMacros.dylib\#/Applications/Xcode.app/Contents/Developer/Platforms/iPhoneOS.platform/Developer/usr/bin/swift-plugin-server\#SwiftMacros -load-resolved-plugin /Applications/Xcode.app/Contents/Developer/Platforms/iPhoneOS.platform/Developer/usr/lib/swift/host/plugins/libSwiftUIMacros.dylib\#/Applications/Xcode.app/Contents/Developer/Platforms/iPhoneOS.platform/Developer/usr/bin/swift-plugin-server\#SwiftUIMacros -disable-implicit-swift-modules -Xcc -fno-implicit-modules -Xcc -fno-implicit-module-maps -explicit-swift-module-map-file /Users/tuan/Library/Developer/Xcode/DerivedData/LinguaApp-cnzhrpjntxezraexaicvemyehwby/Build/Intermediates.noindex/LinguaApp.build/Debug-iphonesimulator/LinguaApp.build/Objects-normal/arm64/LinguaApp-dependencies-1.json -debug-module-path /Users/tuan/Library/Developer/Xcode/DerivedData/LinguaApp-cnzhrpjntxezraexaicvemyehwby/Build/Intermediates.noindex/LinguaApp.build/Debug-iphonesimulator/LinguaApp.build/Objects-normal/arm64/LinguaApp.swiftmodule -Xllvm -aarch64-use-tbi -enable-objc-interop -sdk /Applications/Xcode.app/Contents/Developer/Platforms/iPhoneSimulator.platform/Developer/SDKs/iPhoneSimulator26.4.sdk -I /Users/tuan/Library/Developer/Xcode/DerivedData/LinguaApp-cnzhrpjntxezraexaicvemyehwby/Build/Products/Debug-iphonesimulator -F /Users/tuan/Library/Developer/Xcode/DerivedData/LinguaApp-cnzhrpjntxezraexaicvemyehwby/Build/Products/Debug-iphonesimulator -no-color-diagnostics -Xcc -fno-color-diagnostics -enable-testing -g -debug-info-format\=dwarf -dwarf-version\=4 -module-cache-path /Users/tuan/Library/Developer/Xcode/DerivedData/LinguaApp-cnzhrpjntxezraexaicvemyehwby/Build/Intermediates.noindex/SwiftExplicitPrecompiledModules -swift-version 5 -Onone -D DEBUG -serialize-debugging-options -const-gather-protocols-file /Users/tuan/Library/Developer/Xcode/DerivedData/LinguaApp-cnzhrpjntxezraexaicvemyehwby/Build/Intermediates.noindex/LinguaApp.build/Debug-iphonesimulator/LinguaApp.build/Objects-normal/arm64/LinguaApp_const_extract_protocols.json -enable-experimental-feature DebugDescriptionMacro -enable-bare-slash-regex -empty-abi-descriptor -validate-clang-modules-once -clang-build-session-file /Users/tuan/Library/Developer/Xcode/DerivedData/ModuleCache.noindex/Session.modulevalidation -Xcc -working-directory -Xcc /Users/tuan/Learn/rust/language-app/ios/LinguaApp -enable-anonymous-context-mangled-names -file-compilation-dir /Users/tuan/Learn/rust/language-app/ios/LinguaApp -Xcc -D_LIBCPP_HARDENING_MODE\=_LIBCPP_HARDENING_MODE_DEBUG -Xcc -ivfsstatcache -Xcc /Users/tuan/Library/Developer/Xcode/DerivedData/SDKStatCaches.noindex/iphonesimulator26.4-23E252-686eebb5dc1d8ecb277353a59184f4aa.sdkstatcache -Xcc -I/Users/tuan/Library/Developer/Xcode/DerivedData/LinguaApp-cnzhrpjntxezraexaicvemyehwby/Build/Intermediates.noindex/LinguaApp.build/Debug-iphonesimulator/LinguaApp.build/swift-overrides.hmap -Xcc -iquote -Xcc /Users/tuan/Library/Developer/Xcode/DerivedData/LinguaApp-cnzhrpjntxezraexaicvemyehwby/Build/Intermediates.noindex/LinguaApp.build/Debug-iphonesimulator/LinguaApp.build/LinguaApp-generated-files.hmap -Xcc -I/Users/tuan/Library/Developer/Xcode/DerivedData/LinguaApp-cnzhrpjntxezraexaicvemyehwby/Build/Intermediates.noindex/LinguaApp.build/Debug-iphonesimulator/LinguaApp.build/LinguaApp-own-target-headers.hmap -Xcc -I/Users/tuan/Library/Developer/Xcode/DerivedData/LinguaApp-cnzhrpjntxezraexaicvemyehwby/Build/Intermediates.noindex/LinguaApp.build/Debug-iphonesimulator/LinguaApp.build/LinguaApp-all-target-headers.hmap -Xcc -iquote -Xcc /Users/tuan/Library/Developer/Xcode/DerivedData/LinguaApp-cnzhrpjntxezraexaicvemyehwby/Build/Intermediates.noindex/LinguaApp.build/Debug-iphonesimulator/LinguaApp.build/LinguaApp-project-headers.hmap -Xcc -I/Users/tuan/Library/Developer/Xcode/DerivedData/LinguaApp-cnzhrpjntxezraexaicvemyehwby/Build/Products/Debug-iphonesimulator/include -Xcc -I/Users/tuan/Library/Developer/Xcode/DerivedData/LinguaApp-cnzhrpjntxezraexaicvemyehwby/Build/Intermediates.noindex/LinguaApp.build/Debug-iphonesimulator/LinguaApp.build/DerivedSources-normal/arm64 -Xcc -I/Users/tuan/Library/Developer/Xcode/DerivedData/LinguaApp-cnzhrpjntxezraexaicvemyehwby/Build/Intermediates.noindex/LinguaApp.build/Debug-iphonesimulator/LinguaApp.build/DerivedSources/arm64 -Xcc -I/Users/tuan/Library/Developer/Xcode/DerivedData/LinguaApp-cnzhrpjntxezraexaicvemyehwby/Build/Intermediates.noindex/LinguaApp.build/Debug-iphonesimulator/LinguaApp.build/DerivedSources -Xcc -DDEBUG\=1 -no-auto-bridging-header-chaining -module-name LinguaApp -frontend-parseable-output -disable-clang-spi -clang-target arm64-apple-ios26.4-simulator -target-sdk-version 26.4 -target-sdk-name iphonesimulator26.4 -in-process-plugin-server-path /Applications/Xcode.app/Contents/Developer/Toolchains/XcodeDefault.xctoolchain/usr/lib/swift/host/libSwiftInProcPluginServer.dylib -o /Users/tuan/Library/Developer/Xcode/DerivedData/LinguaApp-cnzhrpjntxezraexaicvemyehwby/Build/Intermediates.noindex/LinguaApp.build/Debug-iphonesimulator/LinguaApp.build/Objects-normal/arm64/LanguageHubView.o -index-unit-output-path /LinguaApp.build/Debug-iphonesimulator/LinguaApp.build/Objects-normal/arm64/LanguageHubView.o -index-store-path /Users/tuan/Library/Developer/Xcode/DerivedData/LinguaApp-cnzhrpjntxezraexaicvemyehwby/Index.noindex/DataStore -index-system-modules
✅ Build thành công! Đang cài đặt lên Simulator...
com.example.LinguaApp: 24465
🎉 Đã cập nhật app!
🚀 Phát hiện thay đổi, đang build lại...
2026-04-26 13:07:22.336 xcodebuild[24514:445478] [MT] IDERunDestination: Supported platforms for the buildables in the current scheme is empty.
** BUILD FAILED **


The following build commands failed:
	SwiftCompile normal arm64 /Users/tuan/Learn/rust/language-app/ios/LinguaApp/LinguaApp/Views/LanguageHubView.swift (in target 'LinguaApp' from project 'LinguaApp')
	SwiftCompile normal arm64 Compiling\ LanguageHubView.swift /Users/tuan/Learn/rust/language-app/ios/LinguaApp/LinguaApp/Views/LanguageHubView.swift (in target 'LinguaApp' from project 'LinguaApp')
	Building project LinguaApp with scheme LinguaApp
(3 failures)
/Users/tuan/Learn/rust/language-app/ios/LinguaApp/LinguaApp/Views/LanguageHubView.swift:953:41: warning: 'requestRecordPermission' was deprecated in iOS 17.0: Please use AVAudioApplication requestRecordPermissionWithCompletionHandler
        AVAudioSession.sharedInstance().requestRecordPermission { _ in }
                                        ^
/Users/tuan/Learn/rust/language-app/ios/LinguaApp/LinguaApp/Views/LanguageHubView.swift:1189:42: error: incorrect argument label in call (have '_:languageCode:', expected '_:language:')
                AudioService.shared.speak(sentences[currentIndex], languageCode: languageCode)
                                         ^                         ~~~~~~~~~~~~
                                                                   language

Failed frontend command:
/Applications/Xcode.app/Contents/Developer/Toolchains/XcodeDefault.xctoolchain/usr/bin/swift-frontend -frontend -c /Users/tuan/Learn/rust/language-app/ios/LinguaApp/LinguaApp/Services/APIService.swift /Users/tuan/Learn/rust/language-app/ios/LinguaApp/LinguaApp/Theme/AppTheme.swift /Users/tuan/Learn/rust/language-app/ios/LinguaApp/LinguaApp/Services/AudioService.swift /Users/tuan/Learn/rust/language-app/ios/LinguaApp/LinguaApp/Services/AuthService.swift /Users/tuan/Learn/rust/language-app/ios/LinguaApp/LinguaApp/Views/HomeView.swift -primary-file /Users/tuan/Learn/rust/language-app/ios/LinguaApp/LinguaApp/Views/LanguageHubView.swift /Users/tuan/Learn/rust/language-app/ios/LinguaApp/LinguaApp/Views/LanguagesView.swift /Users/tuan/Learn/rust/language-app/ios/LinguaApp/LinguaApp/LinguaApp.swift /Users/tuan/Learn/rust/language-app/ios/LinguaApp/LinguaApp/Services/LocalizationService.swift /Users/tuan/Learn/rust/language-app/ios/LinguaApp/LinguaApp/Views/LoginView.swift /Users/tuan/Learn/rust/language-app/ios/LinguaApp/LinguaApp/Models.swift /Users/tuan/Learn/rust/language-app/ios/LinguaApp/LinguaApp/Views/RegisterView.swift /Users/tuan/Learn/rust/language-app/ios/LinguaApp/LinguaApp/Views/SettingsView.swift /Users/tuan/Learn/rust/language-app/ios/LinguaApp/LinguaApp/Views/StoriesView.swift /Users/tuan/Learn/rust/language-app/ios/LinguaApp/LinguaApp/Views/StoryReaderView.swift /Users/tuan/Learn/rust/language-app/ios/LinguaApp/LinguaApp/Views/StoryTypingView.swift /Users/tuan/Learn/rust/language-app/ios/LinguaApp/LinguaApp/Views/VocabLessonsView.swift /Users/tuan/Learn/rust/language-app/ios/LinguaApp/LinguaApp/Views/VocabTypingView.swift /Users/tuan/Library/Developer/Xcode/DerivedData/LinguaApp-cnzhrpjntxezraexaicvemyehwby/Build/Intermediates.noindex/LinguaApp.build/Debug-iphonesimulator/LinguaApp.build/DerivedSources/GeneratedAssetSymbols.swift -emit-dependencies-path /Users/tuan/Library/Developer/Xcode/DerivedData/LinguaApp-cnzhrpjntxezraexaicvemyehwby/Build/Intermediates.noindex/LinguaApp.build/Debug-iphonesimulator/LinguaApp.build/Objects-normal/arm64/LanguageHubView.d -emit-const-values-path /Users/tuan/Library/Developer/Xcode/DerivedData/LinguaApp-cnzhrpjntxezraexaicvemyehwby/Build/Intermediates.noindex/LinguaApp.build/Debug-iphonesimulator/LinguaApp.build/Objects-normal/arm64/LanguageHubView.swiftconstvalues -emit-reference-dependencies-path /Users/tuan/Library/Developer/Xcode/DerivedData/LinguaApp-cnzhrpjntxezraexaicvemyehwby/Build/Intermediates.noindex/LinguaApp.build/Debug-iphonesimulator/LinguaApp.build/Objects-normal/arm64/LanguageHubView.swiftdeps -serialize-diagnostics-path /Users/tuan/Library/Developer/Xcode/DerivedData/LinguaApp-cnzhrpjntxezraexaicvemyehwby/Build/Intermediates.noindex/LinguaApp.build/Debug-iphonesimulator/LinguaApp.build/Objects-normal/arm64/LanguageHubView.dia -target arm64-apple-ios17.0-simulator -module-can-import-version DeveloperToolsSupport 23.40.26 23.40.26 -load-resolved-plugin /Applications/Xcode.app/Contents/Developer/Platforms/iPhoneOS.platform/Developer/usr/lib/swift/host/plugins/libFoundationMacros.dylib\#/Applications/Xcode.app/Contents/Developer/Platforms/iPhoneOS.platform/Developer/usr/bin/swift-plugin-server\#FoundationMacros -load-resolved-plugin /Applications/Xcode.app/Contents/Developer/Platforms/iPhoneOS.platform/Developer/usr/lib/swift/host/plugins/libObservationMacros.dylib\#/Applications/Xcode.app/Contents/Developer/Platforms/iPhoneOS.platform/Developer/usr/bin/swift-plugin-server\#ObservationMacros -load-resolved-plugin /Applications/Xcode.app/Contents/Developer/Platforms/iPhoneOS.platform/Developer/usr/lib/swift/host/plugins/libPreviewsMacros.dylib\#/Applications/Xcode.app/Contents/Developer/Platforms/iPhoneOS.platform/Developer/usr/bin/swift-plugin-server\#PreviewsMacros -load-resolved-plugin /Applications/Xcode.app/Contents/Developer/Platforms/iPhoneOS.platform/Developer/usr/lib/swift/host/plugins/libSwiftMacros.dylib\#/Applications/Xcode.app/Contents/Developer/Platforms/iPhoneOS.platform/Developer/usr/bin/swift-plugin-server\#SwiftMacros -load-resolved-plugin /Applications/Xcode.app/Contents/Developer/Platforms/iPhoneOS.platform/Developer/usr/lib/swift/host/plugins/libSwiftUIMacros.dylib\#/Applications/Xcode.app/Contents/Developer/Platforms/iPhoneOS.platform/Developer/usr/bin/swift-plugin-server\#SwiftUIMacros -disable-implicit-swift-modules -Xcc -fno-implicit-modules -Xcc -fno-implicit-module-maps -explicit-swift-module-map-file /Users/tuan/Library/Developer/Xcode/DerivedData/LinguaApp-cnzhrpjntxezraexaicvemyehwby/Build/Intermediates.noindex/LinguaApp.build/Debug-iphonesimulator/LinguaApp.build/Objects-normal/arm64/LinguaApp-dependencies-1.json -debug-module-path /Users/tuan/Library/Developer/Xcode/DerivedData/LinguaApp-cnzhrpjntxezraexaicvemyehwby/Build/Intermediates.noindex/LinguaApp.build/Debug-iphonesimulator/LinguaApp.build/Objects-normal/arm64/LinguaApp.swiftmodule -Xllvm -aarch64-use-tbi -enable-objc-interop -sdk /Applications/Xcode.app/Contents/Developer/Platforms/iPhoneSimulator.platform/Developer/SDKs/iPhoneSimulator26.4.sdk -I /Users/tuan/Library/Developer/Xcode/DerivedData/LinguaApp-cnzhrpjntxezraexaicvemyehwby/Build/Products/Debug-iphonesimulator -F /Users/tuan/Library/Developer/Xcode/DerivedData/LinguaApp-cnzhrpjntxezraexaicvemyehwby/Build/Products/Debug-iphonesimulator -no-color-diagnostics -Xcc -fno-color-diagnostics -enable-testing -g -debug-info-format\=dwarf -dwarf-version\=4 -module-cache-path /Users/tuan/Library/Developer/Xcode/DerivedData/LinguaApp-cnzhrpjntxezraexaicvemyehwby/Build/Intermediates.noindex/SwiftExplicitPrecompiledModules -swift-version 5 -Onone -D DEBUG -serialize-debugging-options -const-gather-protocols-file /Users/tuan/Library/Developer/Xcode/DerivedData/LinguaApp-cnzhrpjntxezraexaicvemyehwby/Build/Intermediates.noindex/LinguaApp.build/Debug-iphonesimulator/LinguaApp.build/Objects-normal/arm64/LinguaApp_const_extract_protocols.json -enable-experimental-feature DebugDescriptionMacro -enable-bare-slash-regex -empty-abi-descriptor -validate-clang-modules-once -clang-build-session-file /Users/tuan/Library/Developer/Xcode/DerivedData/ModuleCache.noindex/Session.modulevalidation -Xcc -working-directory -Xcc /Users/tuan/Learn/rust/language-app/ios/LinguaApp -enable-anonymous-context-mangled-names -file-compilation-dir /Users/tuan/Learn/rust/language-app/ios/LinguaApp -Xcc -D_LIBCPP_HARDENING_MODE\=_LIBCPP_HARDENING_MODE_DEBUG -Xcc -ivfsstatcache -Xcc /Users/tuan/Library/Developer/Xcode/DerivedData/SDKStatCaches.noindex/iphonesimulator26.4-23E252-686eebb5dc1d8ecb277353a59184f4aa.sdkstatcache -Xcc -I/Users/tuan/Library/Developer/Xcode/DerivedData/LinguaApp-cnzhrpjntxezraexaicvemyehwby/Build/Intermediates.noindex/LinguaApp.build/Debug-iphonesimulator/LinguaApp.build/swift-overrides.hmap -Xcc -iquote -Xcc /Users/tuan/Library/Developer/Xcode/DerivedData/LinguaApp-cnzhrpjntxezraexaicvemyehwby/Build/Intermediates.noindex/LinguaApp.build/Debug-iphonesimulator/LinguaApp.build/LinguaApp-generated-files.hmap -Xcc -I/Users/tuan/Library/Developer/Xcode/DerivedData/LinguaApp-cnzhrpjntxezraexaicvemyehwby/Build/Intermediates.noindex/LinguaApp.build/Debug-iphonesimulator/LinguaApp.build/LinguaApp-own-target-headers.hmap -Xcc -I/Users/tuan/Library/Developer/Xcode/DerivedData/LinguaApp-cnzhrpjntxezraexaicvemyehwby/Build/Intermediates.noindex/LinguaApp.build/Debug-iphonesimulator/LinguaApp.build/LinguaApp-all-target-headers.hmap -Xcc -iquote -Xcc /Users/tuan/Library/Developer/Xcode/DerivedData/LinguaApp-cnzhrpjntxezraexaicvemyehwby/Build/Intermediates.noindex/LinguaApp.build/Debug-iphonesimulator/LinguaApp.build/LinguaApp-project-headers.hmap -Xcc -I/Users/tuan/Library/Developer/Xcode/DerivedData/LinguaApp-cnzhrpjntxezraexaicvemyehwby/Build/Products/Debug-iphonesimulator/include -Xcc -I/Users/tuan/Library/Developer/Xcode/DerivedData/LinguaApp-cnzhrpjntxezraexaicvemyehwby/Build/Intermediates.noindex/LinguaApp.build/Debug-iphonesimulator/LinguaApp.build/DerivedSources-normal/arm64 -Xcc -I/Users/tuan/Library/Developer/Xcode/DerivedData/LinguaApp-cnzhrpjntxezraexaicvemyehwby/Build/Intermediates.noindex/LinguaApp.build/Debug-iphonesimulator/LinguaApp.build/DerivedSources/arm64 -Xcc -I/Users/tuan/Library/Developer/Xcode/DerivedData/LinguaApp-cnzhrpjntxezraexaicvemyehwby/Build/Intermediates.noindex/LinguaApp.build/Debug-iphonesimulator/LinguaApp.build/DerivedSources -Xcc -DDEBUG\=1 -no-auto-bridging-header-chaining -module-name LinguaApp -frontend-parseable-output -disable-clang-spi -clang-target arm64-apple-ios26.4-simulator -target-sdk-version 26.4 -target-sdk-name iphonesimulator26.4 -in-process-plugin-server-path /Applications/Xcode.app/Contents/Developer/Toolchains/XcodeDefault.xctoolchain/usr/lib/swift/host/libSwiftInProcPluginServer.dylib -o /Users/tuan/Library/Developer/Xcode/DerivedData/LinguaApp-cnzhrpjntxezraexaicvemyehwby/Build/Intermediates.noindex/LinguaApp.build/Debug-iphonesimulator/LinguaApp.build/Objects-normal/arm64/LanguageHubView.o -index-unit-output-path /LinguaApp.build/Debug-iphonesimulator/LinguaApp.build/Objects-normal/arm64/LanguageHubView.o -index-store-path /Users/tuan/Library/Developer/Xcode/DerivedData/LinguaApp-cnzhrpjntxezraexaicvemyehwby/Index.noindex/DataStore -index-system-modules
✅ Build thành công! Đang cài đặt lên Simulator...
com.example.LinguaApp: 24544
🎉 Đã cập nhật app!
🚀 Phát hiện thay đổi, đang build lại...
2026-04-26 13:07:59.965 xcodebuild[24588:446744] [MT] IDERunDestination: Supported platforms for the buildables in the current scheme is empty.
    Signing Identity:     "Sign to Run Locally"
    
    /usr/bin/codesign --force --sign - --timestamp\=none --generate-entitlement-der /Users/tuan/Library/Developer/Xcode/DerivedData/LinguaApp-cnzhrpjntxezraexaicvemyehwby/Build/Products/Debug-iphonesimulator/LinguaApp.app

Validate /Users/tuan/Library/Developer/Xcode/DerivedData/LinguaApp-cnzhrpjntxezraexaicvemyehwby/Build/Products/Debug-iphonesimulator/LinguaApp.app (in target 'LinguaApp' from project 'LinguaApp')
    cd /Users/tuan/Learn/rust/language-app/ios/LinguaApp
    builtin-validationUtility /Users/tuan/Library/Developer/Xcode/DerivedData/LinguaApp-cnzhrpjntxezraexaicvemyehwby/Build/Products/Debug-iphonesimulator/LinguaApp.app -shallow-bundle -infoplist-subpath Info.plist

** BUILD SUCCEEDED **

✅ Build thành công! Đang cài đặt lên Simulator...
com.example.LinguaApp: 24656
🎉 Đã cập nhật app!
🚀 Phát hiện thay đổi, đang build lại...
2026-04-26 13:10:33.485 xcodebuild[24742:449838] [MT] IDERunDestination: Supported platforms for the buildables in the current scheme is empty.
** BUILD FAILED **


The following build commands failed:
	SwiftCompile normal arm64 /Users/tuan/Learn/rust/language-app/ios/LinguaApp/LinguaApp/Views/LanguageHubView.swift (in target 'LinguaApp' from project 'LinguaApp')
	SwiftCompile normal arm64 Compiling\ LanguageHubView.swift /Users/tuan/Learn/rust/language-app/ios/LinguaApp/LinguaApp/Views/LanguageHubView.swift (in target 'LinguaApp' from project 'LinguaApp')
	Building project LinguaApp with scheme LinguaApp
(3 failures)
/Users/tuan/Learn/rust/language-app/ios/LinguaApp/LinguaApp/Services/AudioService.swift:6:16: note: static property declared here
    static let shared = AudioService()
               ^
/Users/tuan/Learn/rust/language-app/ios/LinguaApp/LinguaApp/Views/LanguageHubView.swift:956:10: note: add '@MainActor' to make instance method 'startRecording(languageCode:completion:)' part of global actor 'MainActor'
    func startRecording(languageCode: String, completion: @escaping (String) -> Void) {
         ^
    @MainActor 

Failed frontend command:
/Applications/Xcode.app/Contents/Developer/Toolchains/XcodeDefault.xctoolchain/usr/bin/swift-frontend -frontend -c /Users/tuan/Learn/rust/language-app/ios/LinguaApp/LinguaApp/Services/APIService.swift /Users/tuan/Learn/rust/language-app/ios/LinguaApp/LinguaApp/Theme/AppTheme.swift /Users/tuan/Learn/rust/language-app/ios/LinguaApp/LinguaApp/Services/AudioService.swift /Users/tuan/Learn/rust/language-app/ios/LinguaApp/LinguaApp/Services/AuthService.swift /Users/tuan/Learn/rust/language-app/ios/LinguaApp/LinguaApp/Views/HomeView.swift -primary-file /Users/tuan/Learn/rust/language-app/ios/LinguaApp/LinguaApp/Views/LanguageHubView.swift /Users/tuan/Learn/rust/language-app/ios/LinguaApp/LinguaApp/Views/LanguagesView.swift /Users/tuan/Learn/rust/language-app/ios/LinguaApp/LinguaApp/LinguaApp.swift /Users/tuan/Learn/rust/language-app/ios/LinguaApp/LinguaApp/Services/LocalizationService.swift /Users/tuan/Learn/rust/language-app/ios/LinguaApp/LinguaApp/Views/LoginView.swift /Users/tuan/Learn/rust/language-app/ios/LinguaApp/LinguaApp/Models.swift /Users/tuan/Learn/rust/language-app/ios/LinguaApp/LinguaApp/Views/RegisterView.swift /Users/tuan/Learn/rust/language-app/ios/LinguaApp/LinguaApp/Views/SettingsView.swift /Users/tuan/Learn/rust/language-app/ios/LinguaApp/LinguaApp/Views/StoriesView.swift /Users/tuan/Learn/rust/language-app/ios/LinguaApp/LinguaApp/Views/StoryReaderView.swift /Users/tuan/Learn/rust/language-app/ios/LinguaApp/LinguaApp/Views/StoryTypingView.swift /Users/tuan/Learn/rust/language-app/ios/LinguaApp/LinguaApp/Views/VocabLessonsView.swift /Users/tuan/Learn/rust/language-app/ios/LinguaApp/LinguaApp/Views/VocabTypingView.swift /Users/tuan/Library/Developer/Xcode/DerivedData/LinguaApp-cnzhrpjntxezraexaicvemyehwby/Build/Intermediates.noindex/LinguaApp.build/Debug-iphonesimulator/LinguaApp.build/DerivedSources/GeneratedAssetSymbols.swift -emit-dependencies-path /Users/tuan/Library/Developer/Xcode/DerivedData/LinguaApp-cnzhrpjntxezraexaicvemyehwby/Build/Intermediates.noindex/LinguaApp.build/Debug-iphonesimulator/LinguaApp.build/Objects-normal/arm64/LanguageHubView.d -emit-const-values-path /Users/tuan/Library/Developer/Xcode/DerivedData/LinguaApp-cnzhrpjntxezraexaicvemyehwby/Build/Intermediates.noindex/LinguaApp.build/Debug-iphonesimulator/LinguaApp.build/Objects-normal/arm64/LanguageHubView.swiftconstvalues -emit-reference-dependencies-path /Users/tuan/Library/Developer/Xcode/DerivedData/LinguaApp-cnzhrpjntxezraexaicvemyehwby/Build/Intermediates.noindex/LinguaApp.build/Debug-iphonesimulator/LinguaApp.build/Objects-normal/arm64/LanguageHubView.swiftdeps -serialize-diagnostics-path /Users/tuan/Library/Developer/Xcode/DerivedData/LinguaApp-cnzhrpjntxezraexaicvemyehwby/Build/Intermediates.noindex/LinguaApp.build/Debug-iphonesimulator/LinguaApp.build/Objects-normal/arm64/LanguageHubView.dia -target arm64-apple-ios17.0-simulator -module-can-import-version DeveloperToolsSupport 23.40.26 23.40.26 -load-resolved-plugin /Applications/Xcode.app/Contents/Developer/Platforms/iPhoneOS.platform/Developer/usr/lib/swift/host/plugins/libFoundationMacros.dylib\#/Applications/Xcode.app/Contents/Developer/Platforms/iPhoneOS.platform/Developer/usr/bin/swift-plugin-server\#FoundationMacros -load-resolved-plugin /Applications/Xcode.app/Contents/Developer/Platforms/iPhoneOS.platform/Developer/usr/lib/swift/host/plugins/libObservationMacros.dylib\#/Applications/Xcode.app/Contents/Developer/Platforms/iPhoneOS.platform/Developer/usr/bin/swift-plugin-server\#ObservationMacros -load-resolved-plugin /Applications/Xcode.app/Contents/Developer/Platforms/iPhoneOS.platform/Developer/usr/lib/swift/host/plugins/libPreviewsMacros.dylib\#/Applications/Xcode.app/Contents/Developer/Platforms/iPhoneOS.platform/Developer/usr/bin/swift-plugin-server\#PreviewsMacros -load-resolved-plugin /Applications/Xcode.app/Contents/Developer/Platforms/iPhoneOS.platform/Developer/usr/lib/swift/host/plugins/libSwiftMacros.dylib\#/Applications/Xcode.app/Contents/Developer/Platforms/iPhoneOS.platform/Developer/usr/bin/swift-plugin-server\#SwiftMacros -load-resolved-plugin /Applications/Xcode.app/Contents/Developer/Platforms/iPhoneOS.platform/Developer/usr/lib/swift/host/plugins/libSwiftUIMacros.dylib\#/Applications/Xcode.app/Contents/Developer/Platforms/iPhoneOS.platform/Developer/usr/bin/swift-plugin-server\#SwiftUIMacros -disable-implicit-swift-modules -Xcc -fno-implicit-modules -Xcc -fno-implicit-module-maps -explicit-swift-module-map-file /Users/tuan/Library/Developer/Xcode/DerivedData/LinguaApp-cnzhrpjntxezraexaicvemyehwby/Build/Intermediates.noindex/LinguaApp.build/Debug-iphonesimulator/LinguaApp.build/Objects-normal/arm64/LinguaApp-dependencies-1.json -debug-module-path /Users/tuan/Library/Developer/Xcode/DerivedData/LinguaApp-cnzhrpjntxezraexaicvemyehwby/Build/Intermediates.noindex/LinguaApp.build/Debug-iphonesimulator/LinguaApp.build/Objects-normal/arm64/LinguaApp.swiftmodule -Xllvm -aarch64-use-tbi -enable-objc-interop -sdk /Applications/Xcode.app/Contents/Developer/Platforms/iPhoneSimulator.platform/Developer/SDKs/iPhoneSimulator26.4.sdk -I /Users/tuan/Library/Developer/Xcode/DerivedData/LinguaApp-cnzhrpjntxezraexaicvemyehwby/Build/Products/Debug-iphonesimulator -F /Users/tuan/Library/Developer/Xcode/DerivedData/LinguaApp-cnzhrpjntxezraexaicvemyehwby/Build/Products/Debug-iphonesimulator -no-color-diagnostics -Xcc -fno-color-diagnostics -enable-testing -g -debug-info-format\=dwarf -dwarf-version\=4 -module-cache-path /Users/tuan/Library/Developer/Xcode/DerivedData/LinguaApp-cnzhrpjntxezraexaicvemyehwby/Build/Intermediates.noindex/SwiftExplicitPrecompiledModules -swift-version 5 -Onone -D DEBUG -serialize-debugging-options -const-gather-protocols-file /Users/tuan/Library/Developer/Xcode/DerivedData/LinguaApp-cnzhrpjntxezraexaicvemyehwby/Build/Intermediates.noindex/LinguaApp.build/Debug-iphonesimulator/LinguaApp.build/Objects-normal/arm64/LinguaApp_const_extract_protocols.json -enable-experimental-feature DebugDescriptionMacro -enable-bare-slash-regex -empty-abi-descriptor -validate-clang-modules-once -clang-build-session-file /Users/tuan/Library/Developer/Xcode/DerivedData/ModuleCache.noindex/Session.modulevalidation -Xcc -working-directory -Xcc /Users/tuan/Learn/rust/language-app/ios/LinguaApp -enable-anonymous-context-mangled-names -file-compilation-dir /Users/tuan/Learn/rust/language-app/ios/LinguaApp -Xcc -D_LIBCPP_HARDENING_MODE\=_LIBCPP_HARDENING_MODE_DEBUG -Xcc -ivfsstatcache -Xcc /Users/tuan/Library/Developer/Xcode/DerivedData/SDKStatCaches.noindex/iphonesimulator26.4-23E252-686eebb5dc1d8ecb277353a59184f4aa.sdkstatcache -Xcc -I/Users/tuan/Library/Developer/Xcode/DerivedData/LinguaApp-cnzhrpjntxezraexaicvemyehwby/Build/Intermediates.noindex/LinguaApp.build/Debug-iphonesimulator/LinguaApp.build/swift-overrides.hmap -Xcc -iquote -Xcc /Users/tuan/Library/Developer/Xcode/DerivedData/LinguaApp-cnzhrpjntxezraexaicvemyehwby/Build/Intermediates.noindex/LinguaApp.build/Debug-iphonesimulator/LinguaApp.build/LinguaApp-generated-files.hmap -Xcc -I/Users/tuan/Library/Developer/Xcode/DerivedData/LinguaApp-cnzhrpjntxezraexaicvemyehwby/Build/Intermediates.noindex/LinguaApp.build/Debug-iphonesimulator/LinguaApp.build/LinguaApp-own-target-headers.hmap -Xcc -I/Users/tuan/Library/Developer/Xcode/DerivedData/LinguaApp-cnzhrpjntxezraexaicvemyehwby/Build/Intermediates.noindex/LinguaApp.build/Debug-iphonesimulator/LinguaApp.build/LinguaApp-all-target-headers.hmap -Xcc -iquote -Xcc /Users/tuan/Library/Developer/Xcode/DerivedData/LinguaApp-cnzhrpjntxezraexaicvemyehwby/Build/Intermediates.noindex/LinguaApp.build/Debug-iphonesimulator/LinguaApp.build/LinguaApp-project-headers.hmap -Xcc -I/Users/tuan/Library/Developer/Xcode/DerivedData/LinguaApp-cnzhrpjntxezraexaicvemyehwby/Build/Products/Debug-iphonesimulator/include -Xcc -I/Users/tuan/Library/Developer/Xcode/DerivedData/LinguaApp-cnzhrpjntxezraexaicvemyehwby/Build/Intermediates.noindex/LinguaApp.build/Debug-iphonesimulator/LinguaApp.build/DerivedSources-normal/arm64 -Xcc -I/Users/tuan/Library/Developer/Xcode/DerivedData/LinguaApp-cnzhrpjntxezraexaicvemyehwby/Build/Intermediates.noindex/LinguaApp.build/Debug-iphonesimulator/LinguaApp.build/DerivedSources/arm64 -Xcc -I/Users/tuan/Library/Developer/Xcode/DerivedData/LinguaApp-cnzhrpjntxezraexaicvemyehwby/Build/Intermediates.noindex/LinguaApp.build/Debug-iphonesimulator/LinguaApp.build/DerivedSources -Xcc -DDEBUG\=1 -no-auto-bridging-header-chaining -module-name LinguaApp -frontend-parseable-output -disable-clang-spi -clang-target arm64-apple-ios26.4-simulator -target-sdk-version 26.4 -target-sdk-name iphonesimulator26.4 -in-process-plugin-server-path /Applications/Xcode.app/Contents/Developer/Toolchains/XcodeDefault.xctoolchain/usr/lib/swift/host/libSwiftInProcPluginServer.dylib -o /Users/tuan/Library/Developer/Xcode/DerivedData/LinguaApp-cnzhrpjntxezraexaicvemyehwby/Build/Intermediates.noindex/LinguaApp.build/Debug-iphonesimulator/LinguaApp.build/Objects-normal/arm64/LanguageHubView.o -index-unit-output-path /LinguaApp.build/Debug-iphonesimulator/LinguaApp.build/Objects-normal/arm64/LanguageHubView.o -index-store-path /Users/tuan/Library/Developer/Xcode/DerivedData/LinguaApp-cnzhrpjntxezraexaicvemyehwby/Index.noindex/DataStore -index-system-modules
✅ Build thành công! Đang cài đặt lên Simulator...
com.example.LinguaApp: 24779
🎉 Đã cập nhật app!
🚀 Phát hiện thay đổi, đang build lại...
2026-04-26 13:11:05.726 xcodebuild[24812:451118] [MT] IDERunDestination: Supported platforms for the buildables in the current scheme is empty.
    Signing Identity:     "Sign to Run Locally"
    
    /usr/bin/codesign --force --sign - --timestamp\=none --generate-entitlement-der /Users/tuan/Library/Developer/Xcode/DerivedData/LinguaApp-cnzhrpjntxezraexaicvemyehwby/Build/Products/Debug-iphonesimulator/LinguaApp.app

Validate /Users/tuan/Library/Developer/Xcode/DerivedData/LinguaApp-cnzhrpjntxezraexaicvemyehwby/Build/Products/Debug-iphonesimulator/LinguaApp.app (in target 'LinguaApp' from project 'LinguaApp')
    cd /Users/tuan/Learn/rust/language-app/ios/LinguaApp
    builtin-validationUtility /Users/tuan/Library/Developer/Xcode/DerivedData/LinguaApp-cnzhrpjntxezraexaicvemyehwby/Build/Products/Debug-iphonesimulator/LinguaApp.app -shallow-bundle -infoplist-subpath Info.plist

** BUILD SUCCEEDED **

✅ Build thành công! Đang cài đặt lên Simulator...
com.example.LinguaApp: 24875
🎉 Đã cập nhật app!
🚀 Phát hiện thay đổi, đang build lại...
2026-04-26 13:12:56.860 xcodebuild[24932:453615] [MT] IDERunDestination: Supported platforms for the buildables in the current scheme is empty.
    Signing Identity:     "Sign to Run Locally"
    
    /usr/bin/codesign --force --sign - --timestamp\=none --generate-entitlement-der /Users/tuan/Library/Developer/Xcode/DerivedData/LinguaApp-cnzhrpjntxezraexaicvemyehwby/Build/Products/Debug-iphonesimulator/LinguaApp.app

Validate /Users/tuan/Library/Developer/Xcode/DerivedData/LinguaApp-cnzhrpjntxezraexaicvemyehwby/Build/Products/Debug-iphonesimulator/LinguaApp.app (in target 'LinguaApp' from project 'LinguaApp')
    cd /Users/tuan/Learn/rust/language-app/ios/LinguaApp
    builtin-validationUtility /Users/tuan/Library/Developer/Xcode/DerivedData/LinguaApp-cnzhrpjntxezraexaicvemyehwby/Build/Products/Debug-iphonesimulator/LinguaApp.app -shallow-bundle -infoplist-subpath Info.plist

** BUILD SUCCEEDED **

✅ Build thành công! Đang cài đặt lên Simulator...
com.example.LinguaApp: 24988
🎉 Đã cập nhật app!
🚀 Phát hiện thay đổi, đang build lại...
2026-04-26 13:16:01.712 xcodebuild[25092:458261] [MT] IDERunDestination: Supported platforms for the buildables in the current scheme is empty.
    Signing Identity:     "Sign to Run Locally"
    
    /usr/bin/codesign --force --sign - --timestamp\=none --generate-entitlement-der /Users/tuan/Library/Developer/Xcode/DerivedData/LinguaApp-cnzhrpjntxezraexaicvemyehwby/Build/Products/Debug-iphonesimulator/LinguaApp.app

Validate /Users/tuan/Library/Developer/Xcode/DerivedData/LinguaApp-cnzhrpjntxezraexaicvemyehwby/Build/Products/Debug-iphonesimulator/LinguaApp.app (in target 'LinguaApp' from project 'LinguaApp')
    cd /Users/tuan/Learn/rust/language-app/ios/LinguaApp
    builtin-validationUtility /Users/tuan/Library/Developer/Xcode/DerivedData/LinguaApp-cnzhrpjntxezraexaicvemyehwby/Build/Products/Debug-iphonesimulator/LinguaApp.app -shallow-bundle -infoplist-subpath Info.plist

** BUILD SUCCEEDED **

✅ Build thành công! Đang cài đặt lên Simulator...
com.example.LinguaApp: 25134
🎉 Đã cập nhật app!
🚀 Phát hiện thay đổi, đang build lại...
2026-04-26 13:18:00.459 xcodebuild[25205:460929] [MT] IDERunDestination: Supported platforms for the buildables in the current scheme is empty.
    Signing Identity:     "Sign to Run Locally"
    
    /usr/bin/codesign --force --sign - --timestamp\=none --generate-entitlement-der /Users/tuan/Library/Developer/Xcode/DerivedData/LinguaApp-cnzhrpjntxezraexaicvemyehwby/Build/Products/Debug-iphonesimulator/LinguaApp.app

Validate /Users/tuan/Library/Developer/Xcode/DerivedData/LinguaApp-cnzhrpjntxezraexaicvemyehwby/Build/Products/Debug-iphonesimulator/LinguaApp.app (in target 'LinguaApp' from project 'LinguaApp')
    cd /Users/tuan/Learn/rust/language-app/ios/LinguaApp
    builtin-validationUtility /Users/tuan/Library/Developer/Xcode/DerivedData/LinguaApp-cnzhrpjntxezraexaicvemyehwby/Build/Products/Debug-iphonesimulator/LinguaApp.app -shallow-bundle -infoplist-subpath Info.plist

** BUILD SUCCEEDED **

✅ Build thành công! Đang cài đặt lên Simulator...
com.example.LinguaApp: 25254
🎉 Đã cập nhật app!
🚀 Phát hiện thay đổi, đang build lại...
2026-04-26 14:36:54.422 xcodebuild[29454:536786] [MT] IDERunDestination: Supported platforms for the buildables in the current scheme is empty.
    Signing Identity:     "Sign to Run Locally"
    
    /usr/bin/codesign --force --sign - --timestamp\=none --generate-entitlement-der /Users/tuan/Library/Developer/Xcode/DerivedData/LinguaApp-cnzhrpjntxezraexaicvemyehwby/Build/Products/Debug-iphonesimulator/LinguaApp.app

Validate /Users/tuan/Library/Developer/Xcode/DerivedData/LinguaApp-cnzhrpjntxezraexaicvemyehwby/Build/Products/Debug-iphonesimulator/LinguaApp.app (in target 'LinguaApp' from project 'LinguaApp')
    cd /Users/tuan/Learn/rust/language-app/ios/LinguaApp
    builtin-validationUtility /Users/tuan/Library/Developer/Xcode/DerivedData/LinguaApp-cnzhrpjntxezraexaicvemyehwby/Build/Products/Debug-iphonesimulator/LinguaApp.app -shallow-bundle -infoplist-subpath Info.plist

** BUILD SUCCEEDED **

✅ Build thành công! Đang cài đặt lên Simulator...
com.example.LinguaApp: 29558
🎉 Đã cập nhật app!
🚀 Phát hiện thay đổi, đang build lại...
2026-04-26 14:37:16.103 xcodebuild[29562:538214] [MT] IDERunDestination: Supported platforms for the buildables in the current scheme is empty.
    Signing Identity:     "Sign to Run Locally"
    
    /usr/bin/codesign --force --sign - --timestamp\=none --generate-entitlement-der /Users/tuan/Library/Developer/Xcode/DerivedData/LinguaApp-cnzhrpjntxezraexaicvemyehwby/Build/Products/Debug-iphonesimulator/LinguaApp.app

Validate /Users/tuan/Library/Developer/Xcode/DerivedData/LinguaApp-cnzhrpjntxezraexaicvemyehwby/Build/Products/Debug-iphonesimulator/LinguaApp.app (in target 'LinguaApp' from project 'LinguaApp')
    cd /Users/tuan/Learn/rust/language-app/ios/LinguaApp
    builtin-validationUtility /Users/tuan/Library/Developer/Xcode/DerivedData/LinguaApp-cnzhrpjntxezraexaicvemyehwby/Build/Products/Debug-iphonesimulator/LinguaApp.app -shallow-bundle -infoplist-subpath Info.plist

** BUILD SUCCEEDED **

✅ Build thành công! Đang cài đặt lên Simulator...
com.example.LinguaApp: 29604
🎉 Đã cập nhật app!
🚀 Phát hiện thay đổi, đang build lại...
2026-04-26 14:46:59.600 xcodebuild[30092:548392] [MT] IDERunDestination: Supported platforms for the buildables in the current scheme is empty.
    
    /usr/bin/codesign --force --sign - --timestamp\=none --generate-entitlement-der /Users/tuan/Library/Developer/Xcode/DerivedData/LinguaApp-cnzhrpjntxezraexaicvemyehwby/Build/Products/Debug-iphonesimulator/LinguaApp.app
/Users/tuan/Library/Developer/Xcode/DerivedData/LinguaApp-cnzhrpjntxezraexaicvemyehwby/Build/Products/Debug-iphonesimulator/LinguaApp.app: replacing existing signature

Validate /Users/tuan/Library/Developer/Xcode/DerivedData/LinguaApp-cnzhrpjntxezraexaicvemyehwby/Build/Products/Debug-iphonesimulator/LinguaApp.app (in target 'LinguaApp' from project 'LinguaApp')
    cd /Users/tuan/Learn/rust/language-app/ios/LinguaApp
    builtin-validationUtility /Users/tuan/Library/Developer/Xcode/DerivedData/LinguaApp-cnzhrpjntxezraexaicvemyehwby/Build/Products/Debug-iphonesimulator/LinguaApp.app -shallow-bundle -infoplist-subpath Info.plist

** BUILD SUCCEEDED **

✅ Build thành công! Đang cài đặt lên Simulator...
com.example.LinguaApp: 30150
🎉 Đã cập nhật app!
🚀 Phát hiện thay đổi, đang build lại...
2026-04-26 14:48:41.300 xcodebuild[30211:550995] [MT] IDERunDestination: Supported platforms for the buildables in the current scheme is empty.
    Signing Identity:     "Sign to Run Locally"
    
    /usr/bin/codesign --force --sign - --timestamp\=none --generate-entitlement-der /Users/tuan/Library/Developer/Xcode/DerivedData/LinguaApp-cnzhrpjntxezraexaicvemyehwby/Build/Products/Debug-iphonesimulator/LinguaApp.app

Validate /Users/tuan/Library/Developer/Xcode/DerivedData/LinguaApp-cnzhrpjntxezraexaicvemyehwby/Build/Products/Debug-iphonesimulator/LinguaApp.app (in target 'LinguaApp' from project 'LinguaApp')
    cd /Users/tuan/Learn/rust/language-app/ios/LinguaApp
    builtin-validationUtility /Users/tuan/Library/Developer/Xcode/DerivedData/LinguaApp-cnzhrpjntxezraexaicvemyehwby/Build/Products/Debug-iphonesimulator/LinguaApp.app -shallow-bundle -infoplist-subpath Info.plist

** BUILD SUCCEEDED **

✅ Build thành công! Đang cài đặt lên Simulator...
com.example.LinguaApp: 30271
🎉 Đã cập nhật app!
🚀 Phát hiện thay đổi, đang build lại...
2026-04-26 14:54:03.664 xcodebuild[30454:556162] [MT] IDERunDestination: Supported platforms for the buildables in the current scheme is empty.
    Signing Identity:     "Sign to Run Locally"
    
    /usr/bin/codesign --force --sign - --timestamp\=none --generate-entitlement-der /Users/tuan/Library/Developer/Xcode/DerivedData/LinguaApp-cnzhrpjntxezraexaicvemyehwby/Build/Products/Debug-iphonesimulator/LinguaApp.app

Validate /Users/tuan/Library/Developer/Xcode/DerivedData/LinguaApp-cnzhrpjntxezraexaicvemyehwby/Build/Products/Debug-iphonesimulator/LinguaApp.app (in target 'LinguaApp' from project 'LinguaApp')
    cd /Users/tuan/Learn/rust/language-app/ios/LinguaApp
    builtin-validationUtility /Users/tuan/Library/Developer/Xcode/DerivedData/LinguaApp-cnzhrpjntxezraexaicvemyehwby/Build/Products/Debug-iphonesimulator/LinguaApp.app -shallow-bundle -infoplist-subpath Info.plist

** BUILD SUCCEEDED **

✅ Build thành công! Đang cài đặt lên Simulator...
com.example.LinguaApp: 30509
🎉 Đã cập nhật app!
🚀 Phát hiện thay đổi, đang build lại...
2026-04-26 14:54:13.887 xcodebuild[30514:556941] [MT] IDERunDestination: Supported platforms for the buildables in the current scheme is empty.
/Users/tuan/Learn/rust/language-app/ios/LinguaApp/LinguaApp/Views/StoriesView.swift:115:5: error: attribute 'private' can only be used in a non-local scope
    private func loadStories() async {
    ^
/Users/tuan/Learn/rust/language-app/ios/LinguaApp/LinguaApp/Views/StoriesView.swift:229:1: error: expected '}' in struct

^
/Users/tuan/Learn/rust/language-app/ios/LinguaApp/LinguaApp/Views/StoriesView.swift:3:26: note: to match this opening '{'
struct StoriesView: View {
                         ^
** BUILD FAILED **


The following build commands failed:
	SwiftDriver LinguaApp normal arm64 com.apple.xcode.tools.swift.compiler (in target 'LinguaApp' from project 'LinguaApp')
	Building project LinguaApp with scheme LinguaApp
(2 failures)
/Users/tuan/Learn/rust/language-app/ios/LinguaApp/LinguaApp/Views/StoriesView.swift:115:5: error: Attribute 'private' can only be used in a non-local scope
    private func loadStories() async {
    ^ (in target 'LinguaApp' from project 'LinguaApp')
/Users/tuan/Learn/rust/language-app/ios/LinguaApp/LinguaApp/Views/StoriesView.swift:229:1: error: Expected '}' in struct

^ (in target 'LinguaApp' from project 'LinguaApp')
/Users/tuan/Learn/rust/language-app/ios/LinguaApp/LinguaApp/Views/StoriesView.swift:3:26: note: To match this opening '{'
struct StoriesView: View {
                         ^ (in target 'LinguaApp' from project 'LinguaApp')

✅ Build thành công! Đang cài đặt lên Simulator...
com.example.LinguaApp: 30539
🎉 Đã cập nhật app!
🚀 Phát hiện thay đổi, đang build lại...
2026-04-26 14:54:20.745 xcodebuild[30540:557303] [MT] IDERunDestination: Supported platforms for the buildables in the current scheme is empty.
** BUILD FAILED **


The following build commands failed:
	SwiftCompile normal arm64 Compiling\ StoriesView.swift /Users/tuan/Learn/rust/language-app/ios/LinguaApp/LinguaApp/Views/StoriesView.swift (in target 'LinguaApp' from project 'LinguaApp')
	SwiftCompile normal arm64 /Users/tuan/Learn/rust/language-app/ios/LinguaApp/LinguaApp/Views/StoriesView.swift (in target 'LinguaApp' from project 'LinguaApp')
	Building project LinguaApp with scheme LinguaApp
(3 failures)
SwiftCompile normal arm64 /Users/tuan/Learn/rust/language-app/ios/LinguaApp/LinguaApp/Views/StoriesView.swift (in target 'LinguaApp' from project 'LinguaApp')
    cd /Users/tuan/Learn/rust/language-app/ios/LinguaApp
    
/Users/tuan/Learn/rust/language-app/ios/LinguaApp/LinguaApp/Views/StoriesView.swift:113:9: error: closure containing control flow statement cannot be used with result builder 'ViewBuilder'
        do {
        ^
SwiftUI.ViewBuilder:2:30: note: struct 'ViewBuilder' declared here
@resultBuilder public struct ViewBuilder {
                             ^

✅ Build thành công! Đang cài đặt lên Simulator...
com.example.LinguaApp: 30592
🎉 Đã cập nhật app!
🚀 Phát hiện thay đổi, đang build lại...
2026-04-26 14:54:40.331 xcodebuild[30599:558100] [MT] IDERunDestination: Supported platforms for the buildables in the current scheme is empty.
    Signing Identity:     "Sign to Run Locally"
    
    /usr/bin/codesign --force --sign - --timestamp\=none --generate-entitlement-der /Users/tuan/Library/Developer/Xcode/DerivedData/LinguaApp-cnzhrpjntxezraexaicvemyehwby/Build/Products/Debug-iphonesimulator/LinguaApp.app

Validate /Users/tuan/Library/Developer/Xcode/DerivedData/LinguaApp-cnzhrpjntxezraexaicvemyehwby/Build/Products/Debug-iphonesimulator/LinguaApp.app (in target 'LinguaApp' from project 'LinguaApp')
    cd /Users/tuan/Learn/rust/language-app/ios/LinguaApp
    builtin-validationUtility /Users/tuan/Library/Developer/Xcode/DerivedData/LinguaApp-cnzhrpjntxezraexaicvemyehwby/Build/Products/Debug-iphonesimulator/LinguaApp.app -shallow-bundle -infoplist-subpath Info.plist

** BUILD SUCCEEDED **

✅ Build thành công! Đang cài đặt lên Simulator...
com.example.LinguaApp: 30653
🎉 Đã cập nhật app!
🚀 Phát hiện thay đổi, đang build lại...
2026-04-26 14:54:50.599 xcodebuild[30654:558791] [MT] IDERunDestination: Supported platforms for the buildables in the current scheme is empty.
GatherProvisioningInputs

CreateBuildDescription

ClangStatCache /Applications/Xcode.app/Contents/Developer/Toolchains/XcodeDefault.xctoolchain/usr/bin/clang-stat-cache /Applications/Xcode.app/Contents/Developer/Platforms/iPhoneSimulator.platform/Developer/SDKs/iPhoneSimulator26.4.sdk /Users/tuan/Library/Developer/Xcode/DerivedData/SDKStatCaches.noindex/iphonesimulator26.4-23E252-686eebb5dc1d8ecb277353a59184f4aa.sdkstatcache
    cd /Users/tuan/Learn/rust/language-app/ios/LinguaApp/LinguaApp.xcodeproj
    /Applications/Xcode.app/Contents/Developer/Toolchains/XcodeDefault.xctoolchain/usr/bin/clang-stat-cache /Applications/Xcode.app/Contents/Developer/Platforms/iPhoneSimulator.platform/Developer/SDKs/iPhoneSimulator26.4.sdk -o /Users/tuan/Library/Developer/Xcode/DerivedData/SDKStatCaches.noindex/iphonesimulator26.4-23E252-686eebb5dc1d8ecb277353a59184f4aa.sdkstatcache

** BUILD SUCCEEDED **

✅ Build thành công! Đang cài đặt lên Simulator...
com.example.LinguaApp: 30678
🎉 Đã cập nhật app!
🚀 Phát hiện thay đổi, đang build lại...
2026-04-26 14:54:58.084 xcodebuild[30679:559185] [MT] IDERunDestination: Supported platforms for the buildables in the current scheme is empty.
GatherProvisioningInputs

CreateBuildDescription

ClangStatCache /Applications/Xcode.app/Contents/Developer/Toolchains/XcodeDefault.xctoolchain/usr/bin/clang-stat-cache /Applications/Xcode.app/Contents/Developer/Platforms/iPhoneSimulator.platform/Developer/SDKs/iPhoneSimulator26.4.sdk /Users/tuan/Library/Developer/Xcode/DerivedData/SDKStatCaches.noindex/iphonesimulator26.4-23E252-686eebb5dc1d8ecb277353a59184f4aa.sdkstatcache
    cd /Users/tuan/Learn/rust/language-app/ios/LinguaApp/LinguaApp.xcodeproj
    /Applications/Xcode.app/Contents/Developer/Toolchains/XcodeDefault.xctoolchain/usr/bin/clang-stat-cache /Applications/Xcode.app/Contents/Developer/Platforms/iPhoneSimulator.platform/Developer/SDKs/iPhoneSimulator26.4.sdk -o /Users/tuan/Library/Developer/Xcode/DerivedData/SDKStatCaches.noindex/iphonesimulator26.4-23E252-686eebb5dc1d8ecb277353a59184f4aa.sdkstatcache

** BUILD SUCCEEDED **

✅ Build thành công! Đang cài đặt lên Simulator...
com.example.LinguaApp: 30708
🎉 Đã cập nhật app!
🚀 Phát hiện thay đổi, đang build lại...
2026-04-26 15:04:45.197 xcodebuild[31222:569081] [MT] IDERunDestination: Supported platforms for the buildables in the current scheme is empty.
/Users/tuan/Learn/rust/language-app/ios/LinguaApp/LinguaApp/Services/AudioService.swift:126:1: error: expected '}' in class

^
/Users/tuan/Learn/rust/language-app/ios/LinguaApp/LinguaApp/Services/AudioService.swift:5:44: note: to match this opening '{'
final class AudioService: ObservableObject {
                                           ^
** BUILD FAILED **


The following build commands failed:
	SwiftDriver LinguaApp normal arm64 com.apple.xcode.tools.swift.compiler (in target 'LinguaApp' from project 'LinguaApp')
	Building project LinguaApp with scheme LinguaApp
(2 failures)
SwiftDriver LinguaApp normal arm64 com.apple.xcode.tools.swift.compiler (in target 'LinguaApp' from project 'LinguaApp')
    cd /Users/tuan/Learn/rust/language-app/ios/LinguaApp
    builtin-SwiftDriver -- /Applications/Xcode.app/Contents/Developer/Toolchains/XcodeDefault.xctoolchain/usr/bin/swiftc -module-name LinguaApp -Onone @/Users/tuan/Library/Developer/Xcode/DerivedData/LinguaApp-cnzhrpjntxezraexaicvemyehwby/Build/Intermediates.noindex/LinguaApp.build/Debug-iphonesimulator/LinguaApp.build/Objects-normal/arm64/LinguaApp.SwiftFileList -DDEBUG -enable-bare-slash-regex -enable-experimental-feature DebugDescriptionMacro -sdk /Applications/Xcode.app/Contents/Developer/Platforms/iPhoneSimulator.platform/Developer/SDKs/iPhoneSimulator26.4.sdk -target arm64-apple-ios17.0-simulator -g -module-cache-path /Users/tuan/Library/Developer/Xcode/DerivedData/ModuleCache.noindex -Xfrontend -serialize-debugging-options -enable-testing -index-store-path /Users/tuan/Library/Developer/Xcode/DerivedData/LinguaApp-cnzhrpjntxezraexaicvemyehwby/Index.noindex/DataStore -Xcc -D_LIBCPP_HARDENING_MODE\=_LIBCPP_HARDENING_MODE_DEBUG -swift-version 5 -I /Users/tuan/Library/Developer/Xcode/DerivedData/LinguaApp-cnzhrpjntxezraexaicvemyehwby/Build/Products/Debug-iphonesimulator -F /Users/tuan/Library/Developer/Xcode/DerivedData/LinguaApp-cnzhrpjntxezraexaicvemyehwby/Build/Products/Debug-iphonesimulator -c -j8 -enable-batch-mode -incremental -Xcc -ivfsstatcache -Xcc /Users/tuan/Library/Developer/Xcode/DerivedData/SDKStatCaches.noindex/iphonesimulator26.4-23E252-686eebb5dc1d8ecb277353a59184f4aa.sdkstatcache -output-file-map /Users/tuan/Library/Developer/Xcode/DerivedData/LinguaApp-cnzhrpjntxezraexaicvemyehwby/Build/Intermediates.noindex/LinguaApp.build/Debug-iphonesimulator/LinguaApp.build/Objects-normal/arm64/LinguaApp-OutputFileMap.json -use-frontend-parseable-output -save-temps -no-color-diagnostics -explicit-module-build -module-cache-path /Users/tuan/Library/Developer/Xcode/DerivedData/LinguaApp-cnzhrpjntxezraexaicvemyehwby/Build/Intermediates.noindex/SwiftExplicitPrecompiledModules -clang-scanner-module-cache-path /Users/tuan/Library/Developer/Xcode/DerivedData/ModuleCache.noindex -sdk-module-cache-path /Users/tuan/Library/Developer/Xcode/DerivedData/ModuleCache.noindex -serialize-diagnostics -emit-dependencies -emit-module -emit-module-path /Users/tuan/Library/Developer/Xcode/DerivedData/LinguaApp-cnzhrpjntxezraexaicvemyehwby/Build/Intermediates.noindex/LinguaApp.build/Debug-iphonesimulator/LinguaApp.build/Objects-normal/arm64/LinguaApp.swiftmodule -validate-clang-modules-once -clang-build-session-file /Users/tuan/Library/Developer/Xcode/DerivedData/ModuleCache.noindex/Session.modulevalidation -Xcc -I/Users/tuan/Library/Developer/Xcode/DerivedData/LinguaApp-cnzhrpjntxezraexaicvemyehwby/Build/Intermediates.noindex/LinguaApp.build/Debug-iphonesimulator/LinguaApp.build/swift-overrides.hmap -emit-const-values -Xfrontend -const-gather-protocols-file -Xfrontend /Users/tuan/Library/Developer/Xcode/DerivedData/LinguaApp-cnzhrpjntxezraexaicvemyehwby/Build/Intermediates.noindex/LinguaApp.build/Debug-iphonesimulator/LinguaApp.build/Objects-normal/arm64/LinguaApp_const_extract_protocols.json -Xcc -iquote -Xcc /Users/tuan/Library/Developer/Xcode/DerivedData/LinguaApp-cnzhrpjntxezraexaicvemyehwby/Build/Intermediates.noindex/LinguaApp.build/Debug-iphonesimulator/LinguaApp.build/LinguaApp-generated-files.hmap -Xcc -I/Users/tuan/Library/Developer/Xcode/DerivedData/LinguaApp-cnzhrpjntxezraexaicvemyehwby/Build/Intermediates.noindex/LinguaApp.build/Debug-iphonesimulator/LinguaApp.build/LinguaApp-own-target-headers.hmap -Xcc -I/Users/tuan/Library/Developer/Xcode/DerivedData/LinguaApp-cnzhrpjntxezraexaicvemyehwby/Build/Intermediates.noindex/LinguaApp.build/Debug-iphonesimulator/LinguaApp.build/LinguaApp-all-target-headers.hmap -Xcc -iquote -Xcc /Users/tuan/Library/Developer/Xcode/DerivedData/LinguaApp-cnzhrpjntxezraexaicvemyehwby/Build/Intermediates.noindex/LinguaApp.build/Debug-iphonesimulator/LinguaApp.build/LinguaApp-project-headers.hmap -Xcc -I/Users/tuan/Library/Developer/Xcode/DerivedData/LinguaApp-cnzhrpjntxezraexaicvemyehwby/Build/Products/Debug-iphonesimulator/include -Xcc -I/Users/tuan/Library/Developer/Xcode/DerivedData/LinguaApp-cnzhrpjntxezraexaicvemyehwby/Build/Intermediates.noindex/LinguaApp.build/Debug-iphonesimulator/LinguaApp.build/DerivedSources-normal/arm64 -Xcc -I/Users/tuan/Library/Developer/Xcode/DerivedData/LinguaApp-cnzhrpjntxezraexaicvemyehwby/Build/Intermediates.noindex/LinguaApp.build/Debug-iphonesimulator/LinguaApp.build/DerivedSources/arm64 -Xcc -I/Users/tuan/Library/Developer/Xcode/DerivedData/LinguaApp-cnzhrpjntxezraexaicvemyehwby/Build/Intermediates.noindex/LinguaApp.build/Debug-iphonesimulator/LinguaApp.build/DerivedSources -Xcc -DDEBUG\=1 -emit-objc-header -emit-objc-header-path /Users/tuan/Library/Developer/Xcode/DerivedData/LinguaApp-cnzhrpjntxezraexaicvemyehwby/Build/Intermediates.noindex/LinguaApp.build/Debug-iphonesimulator/LinguaApp.build/Objects-normal/arm64/LinguaApp-Swift.h -working-directory /Users/tuan/Learn/rust/language-app/ios/LinguaApp -experimental-emit-module-separately -disable-cmo
/Users/tuan/Learn/rust/language-app/ios/LinguaApp/LinguaApp/Services/AudioService.swift:126:1: error: Expected '}' in class

^ (in target 'LinguaApp' from project 'LinguaApp')
/Users/tuan/Learn/rust/language-app/ios/LinguaApp/LinguaApp/Services/AudioService.swift:5:44: note: To match this opening '{'
final class AudioService: ObservableObject {
                                           ^ (in target 'LinguaApp' from project 'LinguaApp')

✅ Build thành công! Đang cài đặt lên Simulator...
com.example.LinguaApp: 31287
🎉 Đã cập nhật app!
🚀 Phát hiện thay đổi, đang build lại...
2026-04-26 15:05:05.543 xcodebuild[31294:570107] [MT] IDERunDestination: Supported platforms for the buildables in the current scheme is empty.
    Signing Identity:     "Sign to Run Locally"
    
    /usr/bin/codesign --force --sign - --timestamp\=none --generate-entitlement-der /Users/tuan/Library/Developer/Xcode/DerivedData/LinguaApp-cnzhrpjntxezraexaicvemyehwby/Build/Products/Debug-iphonesimulator/LinguaApp.app

Validate /Users/tuan/Library/Developer/Xcode/DerivedData/LinguaApp-cnzhrpjntxezraexaicvemyehwby/Build/Products/Debug-iphonesimulator/LinguaApp.app (in target 'LinguaApp' from project 'LinguaApp')
    cd /Users/tuan/Learn/rust/language-app/ios/LinguaApp
    builtin-validationUtility /Users/tuan/Library/Developer/Xcode/DerivedData/LinguaApp-cnzhrpjntxezraexaicvemyehwby/Build/Products/Debug-iphonesimulator/LinguaApp.app -shallow-bundle -infoplist-subpath Info.plist

** BUILD SUCCEEDED **

✅ Build thành công! Đang cài đặt lên Simulator...
com.example.LinguaApp: 31352
🎉 Đã cập nhật app!
🚀 Phát hiện thay đổi, đang build lại...
2026-04-26 15:05:22.460 xcodebuild[31359:570869] [MT] IDERunDestination: Supported platforms for the buildables in the current scheme is empty.
/Users/tuan/Learn/rust/language-app/ios/LinguaApp/LinguaApp/Views/VocabTypingView.swift:259:9: error: expected declaration
        if newValue.count > oldValue.count {
        ^
/Users/tuan/Learn/rust/language-app/ios/LinguaApp/LinguaApp/Views/VocabTypingView.swift:3:8: note: in declaration of 'VocabTypingView'
struct VocabTypingView: View {
       ^
/Users/tuan/Learn/rust/language-app/ios/LinguaApp/LinguaApp/Views/VocabTypingView.swift:299:1: error: extraneous '}' at top level
}
^
** BUILD FAILED **


The following build commands failed:
	SwiftDriver LinguaApp normal arm64 com.apple.xcode.tools.swift.compiler (in target 'LinguaApp' from project 'LinguaApp')
	Building project LinguaApp with scheme LinguaApp
(2 failures)
/Users/tuan/Learn/rust/language-app/ios/LinguaApp/LinguaApp/Views/VocabTypingView.swift:259:9: error: Expected declaration
        if newValue.count > oldValue.count {
        ^ (in target 'LinguaApp' from project 'LinguaApp')
/Users/tuan/Learn/rust/language-app/ios/LinguaApp/LinguaApp/Views/VocabTypingView.swift:3:8: note: In declaration of 'VocabTypingView'
struct VocabTypingView: View {
       ^ (in target 'LinguaApp' from project 'LinguaApp')
/Users/tuan/Learn/rust/language-app/ios/LinguaApp/LinguaApp/Views/VocabTypingView.swift:299:1: error: Extraneous '}' at top level
}
^ (in target 'LinguaApp' from project 'LinguaApp')

✅ Build thành công! Đang cài đặt lên Simulator...
com.example.LinguaApp: 31394
🎉 Đã cập nhật app!
🚀 Phát hiện thay đổi, đang build lại...
2026-04-26 15:05:30.907 xcodebuild[31400:571423] [MT] IDERunDestination: Supported platforms for the buildables in the current scheme is empty.
/Users/tuan/Learn/rust/language-app/ios/LinguaApp/LinguaApp/Views/VocabTypingView.swift:259:9: error: expected declaration
        if newValue.count > oldValue.count {
        ^
/Users/tuan/Learn/rust/language-app/ios/LinguaApp/LinguaApp/Views/VocabTypingView.swift:3:8: note: in declaration of 'VocabTypingView'
struct VocabTypingView: View {
       ^
/Users/tuan/Learn/rust/language-app/ios/LinguaApp/LinguaApp/Views/VocabTypingView.swift:299:1: error: extraneous '}' at top level
}
^
** BUILD FAILED **


The following build commands failed:
	SwiftDriver LinguaApp normal arm64 com.apple.xcode.tools.swift.compiler (in target 'LinguaApp' from project 'LinguaApp')
	Building project LinguaApp with scheme LinguaApp
(2 failures)
/Users/tuan/Learn/rust/language-app/ios/LinguaApp/LinguaApp/Views/VocabTypingView.swift:259:9: error: Expected declaration
        if newValue.count > oldValue.count {
        ^ (in target 'LinguaApp' from project 'LinguaApp')
/Users/tuan/Learn/rust/language-app/ios/LinguaApp/LinguaApp/Views/VocabTypingView.swift:3:8: note: In declaration of 'VocabTypingView'
struct VocabTypingView: View {
       ^ (in target 'LinguaApp' from project 'LinguaApp')
/Users/tuan/Learn/rust/language-app/ios/LinguaApp/LinguaApp/Views/VocabTypingView.swift:299:1: error: Extraneous '}' at top level
}
^ (in target 'LinguaApp' from project 'LinguaApp')

✅ Build thành công! Đang cài đặt lên Simulator...
com.example.LinguaApp: 31425
🎉 Đã cập nhật app!
🚀 Phát hiện thay đổi, đang build lại...
2026-04-26 15:06:29.192 xcodebuild[31481:573064] [MT] IDERunDestination: Supported platforms for the buildables in the current scheme is empty.
/Users/tuan/Learn/rust/language-app/ios/LinguaApp/LinguaApp/Views/VocabTypingView.swift:259:9: error: expected declaration
        if newValue.count > oldValue.count {
        ^
/Users/tuan/Learn/rust/language-app/ios/LinguaApp/LinguaApp/Views/VocabTypingView.swift:3:8: note: in declaration of 'VocabTypingView'
struct VocabTypingView: View {
       ^
/Users/tuan/Learn/rust/language-app/ios/LinguaApp/LinguaApp/Views/VocabTypingView.swift:299:1: error: extraneous '}' at top level
}
^
** BUILD FAILED **


The following build commands failed:
	SwiftDriver LinguaApp normal arm64 com.apple.xcode.tools.swift.compiler (in target 'LinguaApp' from project 'LinguaApp')
	Building project LinguaApp with scheme LinguaApp
(2 failures)
/Users/tuan/Learn/rust/language-app/ios/LinguaApp/LinguaApp/Views/VocabTypingView.swift:259:9: error: Expected declaration
        if newValue.count > oldValue.count {
        ^ (in target 'LinguaApp' from project 'LinguaApp')
/Users/tuan/Learn/rust/language-app/ios/LinguaApp/LinguaApp/Views/VocabTypingView.swift:3:8: note: In declaration of 'VocabTypingView'
struct VocabTypingView: View {
       ^ (in target 'LinguaApp' from project 'LinguaApp')
/Users/tuan/Learn/rust/language-app/ios/LinguaApp/LinguaApp/Views/VocabTypingView.swift:299:1: error: Extraneous '}' at top level
}
^ (in target 'LinguaApp' from project 'LinguaApp')

✅ Build thành công! Đang cài đặt lên Simulator...
com.example.LinguaApp: 31534
🎉 Đã cập nhật app!
🚀 Phát hiện thay đổi, đang build lại...
2026-04-26 15:08:17.761 xcodebuild[31603:575180] [MT] IDERunDestination: Supported platforms for the buildables in the current scheme is empty.
/Users/tuan/Learn/rust/language-app/ios/LinguaApp/LinguaApp/Views/VocabTypingView.swift:259:9: error: expected declaration
        if newValue.count > oldValue.count {
        ^
/Users/tuan/Learn/rust/language-app/ios/LinguaApp/LinguaApp/Views/VocabTypingView.swift:3:8: note: in declaration of 'VocabTypingView'
struct VocabTypingView: View {
       ^
/Users/tuan/Learn/rust/language-app/ios/LinguaApp/LinguaApp/Views/VocabTypingView.swift:299:1: error: extraneous '}' at top level
}
^
** BUILD FAILED **


The following build commands failed:
	SwiftDriver LinguaApp normal arm64 com.apple.xcode.tools.swift.compiler (in target 'LinguaApp' from project 'LinguaApp')
	Building project LinguaApp with scheme LinguaApp
(2 failures)
/Users/tuan/Learn/rust/language-app/ios/LinguaApp/LinguaApp/Views/VocabTypingView.swift:259:9: error: Expected declaration
        if newValue.count > oldValue.count {
        ^ (in target 'LinguaApp' from project 'LinguaApp')
/Users/tuan/Learn/rust/language-app/ios/LinguaApp/LinguaApp/Views/VocabTypingView.swift:3:8: note: In declaration of 'VocabTypingView'
struct VocabTypingView: View {
       ^ (in target 'LinguaApp' from project 'LinguaApp')
/Users/tuan/Learn/rust/language-app/ios/LinguaApp/LinguaApp/Views/VocabTypingView.swift:299:1: error: Extraneous '}' at top level
}
^ (in target 'LinguaApp' from project 'LinguaApp')

✅ Build thành công! Đang cài đặt lên Simulator...
com.example.LinguaApp: 31675
🎉 Đã cập nhật app!
🚀 Phát hiện thay đổi, đang build lại...
2026-04-26 15:08:30.786 xcodebuild[31692:576208] [MT] IDERunDestination: Supported platforms for the buildables in the current scheme is empty.
/Users/tuan/Learn/rust/language-app/ios/LinguaApp/LinguaApp/Views/VocabTypingView.swift:259:9: error: expected declaration
        if newValue.count > oldValue.count {
        ^
/Users/tuan/Learn/rust/language-app/ios/LinguaApp/LinguaApp/Views/VocabTypingView.swift:3:8: note: in declaration of 'VocabTypingView'
struct VocabTypingView: View {
       ^
/Users/tuan/Learn/rust/language-app/ios/LinguaApp/LinguaApp/Views/VocabTypingView.swift:299:1: error: extraneous '}' at top level
}
^
** BUILD FAILED **


The following build commands failed:
	SwiftDriver LinguaApp normal arm64 com.apple.xcode.tools.swift.compiler (in target 'LinguaApp' from project 'LinguaApp')
	Building project LinguaApp with scheme LinguaApp
(2 failures)
/Users/tuan/Learn/rust/language-app/ios/LinguaApp/LinguaApp/Views/VocabTypingView.swift:259:9: error: Expected declaration
        if newValue.count > oldValue.count {
        ^ (in target 'LinguaApp' from project 'LinguaApp')
/Users/tuan/Learn/rust/language-app/ios/LinguaApp/LinguaApp/Views/VocabTypingView.swift:3:8: note: In declaration of 'VocabTypingView'
struct VocabTypingView: View {
       ^ (in target 'LinguaApp' from project 'LinguaApp')
/Users/tuan/Learn/rust/language-app/ios/LinguaApp/LinguaApp/Views/VocabTypingView.swift:299:1: error: Extraneous '}' at top level
}
^ (in target 'LinguaApp' from project 'LinguaApp')

✅ Build thành công! Đang cài đặt lên Simulator...
com.example.LinguaApp: 31717
🎉 Đã cập nhật app!
🚀 Phát hiện thay đổi, đang build lại...
2026-04-26 15:08:39.091 xcodebuild[31722:576658] [MT] IDERunDestination: Supported platforms for the buildables in the current scheme is empty.
/Users/tuan/Learn/rust/language-app/ios/LinguaApp/LinguaApp/Views/VocabTypingView.swift:259:9: error: expected declaration
        if newValue.count > oldValue.count {
        ^
/Users/tuan/Learn/rust/language-app/ios/LinguaApp/LinguaApp/Views/VocabTypingView.swift:3:8: note: in declaration of 'VocabTypingView'
struct VocabTypingView: View {
       ^
/Users/tuan/Learn/rust/language-app/ios/LinguaApp/LinguaApp/Views/VocabTypingView.swift:299:1: error: extraneous '}' at top level
}
^
** BUILD FAILED **


The following build commands failed:
	SwiftDriver LinguaApp normal arm64 com.apple.xcode.tools.swift.compiler (in target 'LinguaApp' from project 'LinguaApp')
	Building project LinguaApp with scheme LinguaApp
(2 failures)
/Users/tuan/Learn/rust/language-app/ios/LinguaApp/LinguaApp/Views/VocabTypingView.swift:259:9: error: Expected declaration
        if newValue.count > oldValue.count {
        ^ (in target 'LinguaApp' from project 'LinguaApp')
/Users/tuan/Learn/rust/language-app/ios/LinguaApp/LinguaApp/Views/VocabTypingView.swift:3:8: note: In declaration of 'VocabTypingView'
struct VocabTypingView: View {
       ^ (in target 'LinguaApp' from project 'LinguaApp')
/Users/tuan/Learn/rust/language-app/ios/LinguaApp/LinguaApp/Views/VocabTypingView.swift:299:1: error: Extraneous '}' at top level
}
^ (in target 'LinguaApp' from project 'LinguaApp')

✅ Build thành công! Đang cài đặt lên Simulator...
com.example.LinguaApp: 31762
🎉 Đã cập nhật app!
🚀 Phát hiện thay đổi, đang build lại...
2026-04-26 15:09:17.303 xcodebuild[31824:578210] [MT] IDERunDestination: Supported platforms for the buildables in the current scheme is empty.
    Signing Identity:     "Sign to Run Locally"
    
    /usr/bin/codesign --force --sign - --timestamp\=none --generate-entitlement-der /Users/tuan/Library/Developer/Xcode/DerivedData/LinguaApp-cnzhrpjntxezraexaicvemyehwby/Build/Products/Debug-iphonesimulator/LinguaApp.app

Validate /Users/tuan/Library/Developer/Xcode/DerivedData/LinguaApp-cnzhrpjntxezraexaicvemyehwby/Build/Products/Debug-iphonesimulator/LinguaApp.app (in target 'LinguaApp' from project 'LinguaApp')
    cd /Users/tuan/Learn/rust/language-app/ios/LinguaApp
    builtin-validationUtility /Users/tuan/Library/Developer/Xcode/DerivedData/LinguaApp-cnzhrpjntxezraexaicvemyehwby/Build/Products/Debug-iphonesimulator/LinguaApp.app -shallow-bundle -infoplist-subpath Info.plist

** BUILD SUCCEEDED **

✅ Build thành công! Đang cài đặt lên Simulator...
com.example.LinguaApp: 31915
🎉 Đã cập nhật app!
🚀 Phát hiện thay đổi, đang build lại...
2026-04-26 15:10:52.080 xcodebuild[31974:580852] [MT] IDERunDestination: Supported platforms for the buildables in the current scheme is empty.
/Users/tuan/Learn/rust/language-app/ios/LinguaApp/LinguaApp/Services/AudioService.swift:133:1: error: expected '}' in class

^
/Users/tuan/Learn/rust/language-app/ios/LinguaApp/LinguaApp/Services/AudioService.swift:5:44: note: to match this opening '{'
final class AudioService: ObservableObject {
                                           ^
** BUILD FAILED **


The following build commands failed:
	SwiftDriver LinguaApp normal arm64 com.apple.xcode.tools.swift.compiler (in target 'LinguaApp' from project 'LinguaApp')
	Building project LinguaApp with scheme LinguaApp
(2 failures)
SwiftDriver LinguaApp normal arm64 com.apple.xcode.tools.swift.compiler (in target 'LinguaApp' from project 'LinguaApp')
    cd /Users/tuan/Learn/rust/language-app/ios/LinguaApp
    builtin-SwiftDriver -- /Applications/Xcode.app/Contents/Developer/Toolchains/XcodeDefault.xctoolchain/usr/bin/swiftc -module-name LinguaApp -Onone @/Users/tuan/Library/Developer/Xcode/DerivedData/LinguaApp-cnzhrpjntxezraexaicvemyehwby/Build/Intermediates.noindex/LinguaApp.build/Debug-iphonesimulator/LinguaApp.build/Objects-normal/arm64/LinguaApp.SwiftFileList -DDEBUG -enable-bare-slash-regex -enable-experimental-feature DebugDescriptionMacro -sdk /Applications/Xcode.app/Contents/Developer/Platforms/iPhoneSimulator.platform/Developer/SDKs/iPhoneSimulator26.4.sdk -target arm64-apple-ios17.0-simulator -g -module-cache-path /Users/tuan/Library/Developer/Xcode/DerivedData/ModuleCache.noindex -Xfrontend -serialize-debugging-options -enable-testing -index-store-path /Users/tuan/Library/Developer/Xcode/DerivedData/LinguaApp-cnzhrpjntxezraexaicvemyehwby/Index.noindex/DataStore -Xcc -D_LIBCPP_HARDENING_MODE\=_LIBCPP_HARDENING_MODE_DEBUG -swift-version 5 -I /Users/tuan/Library/Developer/Xcode/DerivedData/LinguaApp-cnzhrpjntxezraexaicvemyehwby/Build/Products/Debug-iphonesimulator -F /Users/tuan/Library/Developer/Xcode/DerivedData/LinguaApp-cnzhrpjntxezraexaicvemyehwby/Build/Products/Debug-iphonesimulator -c -j8 -enable-batch-mode -incremental -Xcc -ivfsstatcache -Xcc /Users/tuan/Library/Developer/Xcode/DerivedData/SDKStatCaches.noindex/iphonesimulator26.4-23E252-686eebb5dc1d8ecb277353a59184f4aa.sdkstatcache -output-file-map /Users/tuan/Library/Developer/Xcode/DerivedData/LinguaApp-cnzhrpjntxezraexaicvemyehwby/Build/Intermediates.noindex/LinguaApp.build/Debug-iphonesimulator/LinguaApp.build/Objects-normal/arm64/LinguaApp-OutputFileMap.json -use-frontend-parseable-output -save-temps -no-color-diagnostics -explicit-module-build -module-cache-path /Users/tuan/Library/Developer/Xcode/DerivedData/LinguaApp-cnzhrpjntxezraexaicvemyehwby/Build/Intermediates.noindex/SwiftExplicitPrecompiledModules -clang-scanner-module-cache-path /Users/tuan/Library/Developer/Xcode/DerivedData/ModuleCache.noindex -sdk-module-cache-path /Users/tuan/Library/Developer/Xcode/DerivedData/ModuleCache.noindex -serialize-diagnostics -emit-dependencies -emit-module -emit-module-path /Users/tuan/Library/Developer/Xcode/DerivedData/LinguaApp-cnzhrpjntxezraexaicvemyehwby/Build/Intermediates.noindex/LinguaApp.build/Debug-iphonesimulator/LinguaApp.build/Objects-normal/arm64/LinguaApp.swiftmodule -validate-clang-modules-once -clang-build-session-file /Users/tuan/Library/Developer/Xcode/DerivedData/ModuleCache.noindex/Session.modulevalidation -Xcc -I/Users/tuan/Library/Developer/Xcode/DerivedData/LinguaApp-cnzhrpjntxezraexaicvemyehwby/Build/Intermediates.noindex/LinguaApp.build/Debug-iphonesimulator/LinguaApp.build/swift-overrides.hmap -emit-const-values -Xfrontend -const-gather-protocols-file -Xfrontend /Users/tuan/Library/Developer/Xcode/DerivedData/LinguaApp-cnzhrpjntxezraexaicvemyehwby/Build/Intermediates.noindex/LinguaApp.build/Debug-iphonesimulator/LinguaApp.build/Objects-normal/arm64/LinguaApp_const_extract_protocols.json -Xcc -iquote -Xcc /Users/tuan/Library/Developer/Xcode/DerivedData/LinguaApp-cnzhrpjntxezraexaicvemyehwby/Build/Intermediates.noindex/LinguaApp.build/Debug-iphonesimulator/LinguaApp.build/LinguaApp-generated-files.hmap -Xcc -I/Users/tuan/Library/Developer/Xcode/DerivedData/LinguaApp-cnzhrpjntxezraexaicvemyehwby/Build/Intermediates.noindex/LinguaApp.build/Debug-iphonesimulator/LinguaApp.build/LinguaApp-own-target-headers.hmap -Xcc -I/Users/tuan/Library/Developer/Xcode/DerivedData/LinguaApp-cnzhrpjntxezraexaicvemyehwby/Build/Intermediates.noindex/LinguaApp.build/Debug-iphonesimulator/LinguaApp.build/LinguaApp-all-target-headers.hmap -Xcc -iquote -Xcc /Users/tuan/Library/Developer/Xcode/DerivedData/LinguaApp-cnzhrpjntxezraexaicvemyehwby/Build/Intermediates.noindex/LinguaApp.build/Debug-iphonesimulator/LinguaApp.build/LinguaApp-project-headers.hmap -Xcc -I/Users/tuan/Library/Developer/Xcode/DerivedData/LinguaApp-cnzhrpjntxezraexaicvemyehwby/Build/Products/Debug-iphonesimulator/include -Xcc -I/Users/tuan/Library/Developer/Xcode/DerivedData/LinguaApp-cnzhrpjntxezraexaicvemyehwby/Build/Intermediates.noindex/LinguaApp.build/Debug-iphonesimulator/LinguaApp.build/DerivedSources-normal/arm64 -Xcc -I/Users/tuan/Library/Developer/Xcode/DerivedData/LinguaApp-cnzhrpjntxezraexaicvemyehwby/Build/Intermediates.noindex/LinguaApp.build/Debug-iphonesimulator/LinguaApp.build/DerivedSources/arm64 -Xcc -I/Users/tuan/Library/Developer/Xcode/DerivedData/LinguaApp-cnzhrpjntxezraexaicvemyehwby/Build/Intermediates.noindex/LinguaApp.build/Debug-iphonesimulator/LinguaApp.build/DerivedSources -Xcc -DDEBUG\=1 -emit-objc-header -emit-objc-header-path /Users/tuan/Library/Developer/Xcode/DerivedData/LinguaApp-cnzhrpjntxezraexaicvemyehwby/Build/Intermediates.noindex/LinguaApp.build/Debug-iphonesimulator/LinguaApp.build/Objects-normal/arm64/LinguaApp-Swift.h -working-directory /Users/tuan/Learn/rust/language-app/ios/LinguaApp -experimental-emit-module-separately -disable-cmo
/Users/tuan/Learn/rust/language-app/ios/LinguaApp/LinguaApp/Services/AudioService.swift:133:1: error: Expected '}' in class

^ (in target 'LinguaApp' from project 'LinguaApp')
/Users/tuan/Learn/rust/language-app/ios/LinguaApp/LinguaApp/Services/AudioService.swift:5:44: note: To match this opening '{'
final class AudioService: ObservableObject {
                                           ^ (in target 'LinguaApp' from project 'LinguaApp')

✅ Build thành công! Đang cài đặt lên Simulator...
com.example.LinguaApp: 32013
🎉 Đã cập nhật app!
🚀 Phát hiện thay đổi, đang build lại...
2026-04-26 15:11:03.411 xcodebuild[32018:581617] [MT] IDERunDestination: Supported platforms for the buildables in the current scheme is empty.
    Signing Identity:     "Sign to Run Locally"
    
    /usr/bin/codesign --force --sign - --timestamp\=none --generate-entitlement-der /Users/tuan/Library/Developer/Xcode/DerivedData/LinguaApp-cnzhrpjntxezraexaicvemyehwby/Build/Products/Debug-iphonesimulator/LinguaApp.app

Validate /Users/tuan/Library/Developer/Xcode/DerivedData/LinguaApp-cnzhrpjntxezraexaicvemyehwby/Build/Products/Debug-iphonesimulator/LinguaApp.app (in target 'LinguaApp' from project 'LinguaApp')
    cd /Users/tuan/Learn/rust/language-app/ios/LinguaApp
    builtin-validationUtility /Users/tuan/Library/Developer/Xcode/DerivedData/LinguaApp-cnzhrpjntxezraexaicvemyehwby/Build/Products/Debug-iphonesimulator/LinguaApp.app -shallow-bundle -infoplist-subpath Info.plist

** BUILD SUCCEEDED **

✅ Build thành công! Đang cài đặt lên Simulator...
com.example.LinguaApp: 32066
🎉 Đã cập nhật app!
🚀 Phát hiện thay đổi, đang build lại...
2026-04-26 15:13:51.597 xcodebuild[32194:584808] [MT] IDERunDestination: Supported platforms for the buildables in the current scheme is empty.
    Signing Identity:     "Sign to Run Locally"
    
    /usr/bin/codesign --force --sign - --timestamp\=none --generate-entitlement-der /Users/tuan/Library/Developer/Xcode/DerivedData/LinguaApp-cnzhrpjntxezraexaicvemyehwby/Build/Products/Debug-iphonesimulator/LinguaApp.app

Validate /Users/tuan/Library/Developer/Xcode/DerivedData/LinguaApp-cnzhrpjntxezraexaicvemyehwby/Build/Products/Debug-iphonesimulator/LinguaApp.app (in target 'LinguaApp' from project 'LinguaApp')
    cd /Users/tuan/Learn/rust/language-app/ios/LinguaApp
    builtin-validationUtility /Users/tuan/Library/Developer/Xcode/DerivedData/LinguaApp-cnzhrpjntxezraexaicvemyehwby/Build/Products/Debug-iphonesimulator/LinguaApp.app -shallow-bundle -infoplist-subpath Info.plist

** BUILD SUCCEEDED **

✅ Build thành công! Đang cài đặt lên Simulator...
com.example.LinguaApp: 32270
🎉 Đã cập nhật app!
🚀 Phát hiện thay đổi, đang build lại...
2026-04-26 15:14:03.007 xcodebuild[32271:585806] [MT] IDERunDestination: Supported platforms for the buildables in the current scheme is empty.
    Signing Identity:     "Sign to Run Locally"
    
    /usr/bin/codesign --force --sign - --timestamp\=none --generate-entitlement-der /Users/tuan/Library/Developer/Xcode/DerivedData/LinguaApp-cnzhrpjntxezraexaicvemyehwby/Build/Products/Debug-iphonesimulator/LinguaApp.app

Validate /Users/tuan/Library/Developer/Xcode/DerivedData/LinguaApp-cnzhrpjntxezraexaicvemyehwby/Build/Products/Debug-iphonesimulator/LinguaApp.app (in target 'LinguaApp' from project 'LinguaApp')
    cd /Users/tuan/Learn/rust/language-app/ios/LinguaApp
    builtin-validationUtility /Users/tuan/Library/Developer/Xcode/DerivedData/LinguaApp-cnzhrpjntxezraexaicvemyehwby/Build/Products/Debug-iphonesimulator/LinguaApp.app -shallow-bundle -infoplist-subpath Info.plist

** BUILD SUCCEEDED **

✅ Build thành công! Đang cài đặt lên Simulator...
com.example.LinguaApp: 32322
🎉 Đã cập nhật app!
🚀 Phát hiện thay đổi, đang build lại...
2026-04-26 15:17:18.885 xcodebuild[32527:589566] [MT] IDERunDestination: Supported platforms for the buildables in the current scheme is empty.
GatherProvisioningInputs

CreateBuildDescription

ClangStatCache /Applications/Xcode.app/Contents/Developer/Toolchains/XcodeDefault.xctoolchain/usr/bin/clang-stat-cache /Applications/Xcode.app/Contents/Developer/Platforms/iPhoneSimulator.platform/Developer/SDKs/iPhoneSimulator26.4.sdk /Users/tuan/Library/Developer/Xcode/DerivedData/SDKStatCaches.noindex/iphonesimulator26.4-23E252-686eebb5dc1d8ecb277353a59184f4aa.sdkstatcache
    cd /Users/tuan/Learn/rust/language-app/ios/LinguaApp/LinguaApp.xcodeproj
    /Applications/Xcode.app/Contents/Developer/Toolchains/XcodeDefault.xctoolchain/usr/bin/clang-stat-cache /Applications/Xcode.app/Contents/Developer/Platforms/iPhoneSimulator.platform/Developer/SDKs/iPhoneSimulator26.4.sdk -o /Users/tuan/Library/Developer/Xcode/DerivedData/SDKStatCaches.noindex/iphonesimulator26.4-23E252-686eebb5dc1d8ecb277353a59184f4aa.sdkstatcache

** BUILD SUCCEEDED **

✅ Build thành công! Đang cài đặt lên Simulator...
com.example.LinguaApp: 32593
🎉 Đã cập nhật app!
🚀 Phát hiện thay đổi, đang build lại...
2026-04-26 15:19:31.052 xcodebuild[32867:593287] [MT] IDERunDestination: Supported platforms for the buildables in the current scheme is empty.
    
    /usr/bin/codesign --force --sign - --timestamp\=none --generate-entitlement-der /Users/tuan/Library/Developer/Xcode/DerivedData/LinguaApp-cnzhrpjntxezraexaicvemyehwby/Build/Products/Debug-iphonesimulator/LinguaApp.app
/Users/tuan/Library/Developer/Xcode/DerivedData/LinguaApp-cnzhrpjntxezraexaicvemyehwby/Build/Products/Debug-iphonesimulator/LinguaApp.app: replacing existing signature

Validate /Users/tuan/Library/Developer/Xcode/DerivedData/LinguaApp-cnzhrpjntxezraexaicvemyehwby/Build/Products/Debug-iphonesimulator/LinguaApp.app (in target 'LinguaApp' from project 'LinguaApp')
    cd /Users/tuan/Learn/rust/language-app/ios/LinguaApp
    builtin-validationUtility /Users/tuan/Library/Developer/Xcode/DerivedData/LinguaApp-cnzhrpjntxezraexaicvemyehwby/Build/Products/Debug-iphonesimulator/LinguaApp.app -shallow-bundle -infoplist-subpath Info.plist

** BUILD SUCCEEDED **

✅ Build thành công! Đang cài đặt lên Simulator...
com.example.LinguaApp: 32925
🎉 Đã cập nhật app!
🚀 Phát hiện thay đổi, đang build lại...
2026-04-26 15:21:45.321 xcodebuild[32998:595907] [MT] IDERunDestination: Supported platforms for the buildables in the current scheme is empty.
    Signing Identity:     "Sign to Run Locally"
    
    /usr/bin/codesign --force --sign - --timestamp\=none --generate-entitlement-der /Users/tuan/Library/Developer/Xcode/DerivedData/LinguaApp-cnzhrpjntxezraexaicvemyehwby/Build/Products/Debug-iphonesimulator/LinguaApp.app

Validate /Users/tuan/Library/Developer/Xcode/DerivedData/LinguaApp-cnzhrpjntxezraexaicvemyehwby/Build/Products/Debug-iphonesimulator/LinguaApp.app (in target 'LinguaApp' from project 'LinguaApp')
    cd /Users/tuan/Learn/rust/language-app/ios/LinguaApp
    builtin-validationUtility /Users/tuan/Library/Developer/Xcode/DerivedData/LinguaApp-cnzhrpjntxezraexaicvemyehwby/Build/Products/Debug-iphonesimulator/LinguaApp.app -shallow-bundle -infoplist-subpath Info.plist

** BUILD SUCCEEDED **

✅ Build thành công! Đang cài đặt lên Simulator...
com.example.LinguaApp: 33052
🎉 Đã cập nhật app!
🚀 Phát hiện thay đổi, đang build lại...
2026-04-26 15:21:59.829 xcodebuild[33055:596710] [MT] IDERunDestination: Supported platforms for the buildables in the current scheme is empty.
    Signing Identity:     "Sign to Run Locally"
    
    /usr/bin/codesign --force --sign - --timestamp\=none --generate-entitlement-der /Users/tuan/Library/Developer/Xcode/DerivedData/LinguaApp-cnzhrpjntxezraexaicvemyehwby/Build/Products/Debug-iphonesimulator/LinguaApp.app

Validate /Users/tuan/Library/Developer/Xcode/DerivedData/LinguaApp-cnzhrpjntxezraexaicvemyehwby/Build/Products/Debug-iphonesimulator/LinguaApp.app (in target 'LinguaApp' from project 'LinguaApp')
    cd /Users/tuan/Learn/rust/language-app/ios/LinguaApp
    builtin-validationUtility /Users/tuan/Library/Developer/Xcode/DerivedData/LinguaApp-cnzhrpjntxezraexaicvemyehwby/Build/Products/Debug-iphonesimulator/LinguaApp.app -shallow-bundle -infoplist-subpath Info.plist

** BUILD SUCCEEDED **

✅ Build thành công! Đang cài đặt lên Simulator...
com.example.LinguaApp: 33116
🎉 Đã cập nhật app!
🚀 Phát hiện thay đổi, đang build lại...
2026-04-26 15:22:12.296 xcodebuild[33117:597417] [MT] IDERunDestination: Supported platforms for the buildables in the current scheme is empty.
    Signing Identity:     "Sign to Run Locally"
    
    /usr/bin/codesign --force --sign - --timestamp\=none --generate-entitlement-der /Users/tuan/Library/Developer/Xcode/DerivedData/LinguaApp-cnzhrpjntxezraexaicvemyehwby/Build/Products/Debug-iphonesimulator/LinguaApp.app

Validate /Users/tuan/Library/Developer/Xcode/DerivedData/LinguaApp-cnzhrpjntxezraexaicvemyehwby/Build/Products/Debug-iphonesimulator/LinguaApp.app (in target 'LinguaApp' from project 'LinguaApp')
    cd /Users/tuan/Learn/rust/language-app/ios/LinguaApp
    builtin-validationUtility /Users/tuan/Library/Developer/Xcode/DerivedData/LinguaApp-cnzhrpjntxezraexaicvemyehwby/Build/Products/Debug-iphonesimulator/LinguaApp.app -shallow-bundle -infoplist-subpath Info.plist

** BUILD SUCCEEDED **

✅ Build thành công! Đang cài đặt lên Simulator...
com.example.LinguaApp: 33170
🎉 Đã cập nhật app!
🚀 Phát hiện thay đổi, đang build lại...
2026-04-26 15:22:22.942 xcodebuild[33171:598194] [MT] IDERunDestination: Supported platforms for the buildables in the current scheme is empty.
    Signing Identity:     "Sign to Run Locally"
    
    /usr/bin/codesign --force --sign - --timestamp\=none --generate-entitlement-der /Users/tuan/Library/Developer/Xcode/DerivedData/LinguaApp-cnzhrpjntxezraexaicvemyehwby/Build/Products/Debug-iphonesimulator/LinguaApp.app

Validate /Users/tuan/Library/Developer/Xcode/DerivedData/LinguaApp-cnzhrpjntxezraexaicvemyehwby/Build/Products/Debug-iphonesimulator/LinguaApp.app (in target 'LinguaApp' from project 'LinguaApp')
    cd /Users/tuan/Learn/rust/language-app/ios/LinguaApp
    builtin-validationUtility /Users/tuan/Library/Developer/Xcode/DerivedData/LinguaApp-cnzhrpjntxezraexaicvemyehwby/Build/Products/Debug-iphonesimulator/LinguaApp.app -shallow-bundle -infoplist-subpath Info.plist

** BUILD SUCCEEDED **

✅ Build thành công! Đang cài đặt lên Simulator...
com.example.LinguaApp: 33230
🎉 Đã cập nhật app!
🚀 Phát hiện thay đổi, đang build lại...
2026-04-26 15:23:55.057 xcodebuild[33308:600247] [MT] IDERunDestination: Supported platforms for the buildables in the current scheme is empty.
ProcessInfoPlistFile /Users/tuan/Library/Developer/Xcode/DerivedData/LinguaApp-cnzhrpjntxezraexaicvemyehwby/Build/Products/Debug-iphonesimulator/LinguaApp.app/Info.plist /Users/tuan/Learn/rust/language-app/ios/LinguaApp/LinguaApp/Info.plist (in target 'LinguaApp' from project 'LinguaApp')
    cd /Users/tuan/Learn/rust/language-app/ios/LinguaApp
    builtin-infoPlistUtility /Users/tuan/Learn/rust/language-app/ios/LinguaApp/LinguaApp/Info.plist -producttype com.apple.product-type.application -genpkginfo /Users/tuan/Library/Developer/Xcode/DerivedData/LinguaApp-cnzhrpjntxezraexaicvemyehwby/Build/Products/Debug-iphonesimulator/LinguaApp.app/PkgInfo -expandbuildsettings -format binary -platform iphonesimulator -additionalcontentfile /Users/tuan/Library/Developer/Xcode/DerivedData/LinguaApp-cnzhrpjntxezraexaicvemyehwby/Build/Intermediates.noindex/LinguaApp.build/Debug-iphonesimulator/LinguaApp.build/assetcatalog_generated_info.plist -o /Users/tuan/Library/Developer/Xcode/DerivedData/LinguaApp-cnzhrpjntxezraexaicvemyehwby/Build/Products/Debug-iphonesimulator/LinguaApp.app/Info.plist

CopySwiftLibs /Users/tuan/Library/Developer/Xcode/DerivedData/LinguaApp-cnzhrpjntxezraexaicvemyehwby/Build/Products/Debug-iphonesimulator/LinguaApp.app (in target 'LinguaApp' from project 'LinguaApp')
    cd /Users/tuan/Learn/rust/language-app/ios/LinguaApp
    builtin-swiftStdLibTool --copy --verbose --sign - --scan-executable /Users/tuan/Library/Developer/Xcode/DerivedData/LinguaApp-cnzhrpjntxezraexaicvemyehwby/Build/Products/Debug-iphonesimulator/LinguaApp.app/LinguaApp.debug.dylib --scan-folder /Users/tuan/Library/Developer/Xcode/DerivedData/LinguaApp-cnzhrpjntxezraexaicvemyehwby/Build/Products/Debug-iphonesimulator/LinguaApp.app/Frameworks --scan-folder /Users/tuan/Library/Developer/Xcode/DerivedData/LinguaApp-cnzhrpjntxezraexaicvemyehwby/Build/Products/Debug-iphonesimulator/LinguaApp.app/PlugIns --scan-folder /Users/tuan/Library/Developer/Xcode/DerivedData/LinguaApp-cnzhrpjntxezraexaicvemyehwby/Build/Products/Debug-iphonesimulator/LinguaApp.app/SystemExtensions --scan-folder /Users/tuan/Library/Developer/Xcode/DerivedData/LinguaApp-cnzhrpjntxezraexaicvemyehwby/Build/Products/Debug-iphonesimulator/LinguaApp.app/Extensions --platform iphonesimulator --toolchain /Applications/Xcode.app/Contents/Developer/Toolchains/XcodeDefault.xctoolchain --destination /Users/tuan/Library/Developer/Xcode/DerivedData/LinguaApp-cnzhrpjntxezraexaicvemyehwby/Build/Products/Debug-iphonesimulator/LinguaApp.app/Frameworks --strip-bitcode --strip-bitcode-tool /Applications/Xcode.app/Contents/Developer/Toolchains/XcodeDefault.xctoolchain/usr/bin/bitcode_strip --emit-dependency-info /Users/tuan/Library/Developer/Xcode/DerivedData/LinguaApp-cnzhrpjntxezraexaicvemyehwby/Build/Intermediates.noindex/LinguaApp.build/Debug-iphonesimulator/LinguaApp.build/SwiftStdLibToolInputDependencies.dep --filter-for-swift-os

** BUILD SUCCEEDED **

✅ Build thành công! Đang cài đặt lên Simulator...
com.example.LinguaApp: 33369
🎉 Đã cập nhật app!
🚀 Phát hiện thay đổi, đang build lại...
2026-04-26 15:26:10.909 xcodebuild[33544:603902] [MT] IDERunDestination: Supported platforms for the buildables in the current scheme is empty.
    Signing Identity:     "Sign to Run Locally"
    
    /usr/bin/codesign --force --sign - --timestamp\=none --generate-entitlement-der /Users/tuan/Library/Developer/Xcode/DerivedData/LinguaApp-cnzhrpjntxezraexaicvemyehwby/Build/Products/Debug-iphonesimulator/LinguaApp.app

Validate /Users/tuan/Library/Developer/Xcode/DerivedData/LinguaApp-cnzhrpjntxezraexaicvemyehwby/Build/Products/Debug-iphonesimulator/LinguaApp.app (in target 'LinguaApp' from project 'LinguaApp')
    cd /Users/tuan/Learn/rust/language-app/ios/LinguaApp
    builtin-validationUtility /Users/tuan/Library/Developer/Xcode/DerivedData/LinguaApp-cnzhrpjntxezraexaicvemyehwby/Build/Products/Debug-iphonesimulator/LinguaApp.app -shallow-bundle -infoplist-subpath Info.plist

** BUILD SUCCEEDED **

✅ Build thành công! Đang cài đặt lên Simulator...
com.example.LinguaApp: 33616
🎉 Đã cập nhật app!
🚀 Phát hiện thay đổi, đang build lại...
2026-04-26 15:26:23.598 xcodebuild[33617:604925] [MT] IDERunDestination: Supported platforms for the buildables in the current scheme is empty.
/Users/tuan/Learn/rust/language-app/ios/LinguaApp/LinguaApp/Views/StoryTypingView.swift:424:14: error: consecutive declarations on a line must be separated by ';'
            } else {
             ^
             ;
/Users/tuan/Learn/rust/language-app/ios/LinguaApp/LinguaApp/Views/StoryTypingView.swift:424:15: error: expected declaration
            } else {
              ^
/Users/tuan/Learn/rust/language-app/ios/LinguaApp/LinguaApp/Views/StoryTypingView.swift:407:8: note: in declaration of 'InteractiveWordView'
struct InteractiveWordView: View {
       ^
/Users/tuan/Learn/rust/language-app/ios/LinguaApp/LinguaApp/Views/StoryTypingView.swift:433:9: error: statements are not allowed at the top level
        return
        ^
/Users/tuan/Learn/rust/language-app/ios/LinguaApp/LinguaApp/Views/StoryTypingView.swift:437:5: error: extraneous '}' at top level
    }
    ^
    
/Users/tuan/Learn/rust/language-app/ios/LinguaApp/LinguaApp/Views/StoryTypingView.swift:438:1: error: extraneous '}' at top level
}
^
** BUILD FAILED **


The following build commands failed:
	SwiftDriver LinguaApp normal arm64 com.apple.xcode.tools.swift.compiler (in target 'LinguaApp' from project 'LinguaApp')
	Building project LinguaApp with scheme LinguaApp
(2 failures)
        return
        ^ (in target 'LinguaApp' from project 'LinguaApp')
/Users/tuan/Learn/rust/language-app/ios/LinguaApp/LinguaApp/Views/StoryTypingView.swift:437:5: error: Extraneous '}' at top level
    }
    ^
     (in target 'LinguaApp' from project 'LinguaApp')
/Users/tuan/Learn/rust/language-app/ios/LinguaApp/LinguaApp/Views/StoryTypingView.swift:438:1: error: Extraneous '}' at top level
}
^ (in target 'LinguaApp' from project 'LinguaApp')

✅ Build thành công! Đang cài đặt lên Simulator...
com.example.LinguaApp: 33658
🎉 Đã cập nhật app!
🚀 Phát hiện thay đổi, đang build lại...
2026-04-26 15:27:13.283 xcodebuild[33710:606559] [MT] IDERunDestination: Supported platforms for the buildables in the current scheme is empty.
    Signing Identity:     "Sign to Run Locally"
    
    /usr/bin/codesign --force --sign - --timestamp\=none --generate-entitlement-der /Users/tuan/Library/Developer/Xcode/DerivedData/LinguaApp-cnzhrpjntxezraexaicvemyehwby/Build/Products/Debug-iphonesimulator/LinguaApp.app

Validate /Users/tuan/Library/Developer/Xcode/DerivedData/LinguaApp-cnzhrpjntxezraexaicvemyehwby/Build/Products/Debug-iphonesimulator/LinguaApp.app (in target 'LinguaApp' from project 'LinguaApp')
    cd /Users/tuan/Learn/rust/language-app/ios/LinguaApp
    builtin-validationUtility /Users/tuan/Library/Developer/Xcode/DerivedData/LinguaApp-cnzhrpjntxezraexaicvemyehwby/Build/Products/Debug-iphonesimulator/LinguaApp.app -shallow-bundle -infoplist-subpath Info.plist

** BUILD SUCCEEDED **

✅ Build thành công! Đang cài đặt lên Simulator...
com.example.LinguaApp: 33785
🎉 Đã cập nhật app!
🚀 Phát hiện thay đổi, đang build lại...
2026-04-26 15:27:26.838 xcodebuild[33790:607690] [MT] IDERunDestination: Supported platforms for the buildables in the current scheme is empty.
    
    /usr/bin/codesign --force --sign - --timestamp\=none --generate-entitlement-der /Users/tuan/Library/Developer/Xcode/DerivedData/LinguaApp-cnzhrpjntxezraexaicvemyehwby/Build/Products/Debug-iphonesimulator/LinguaApp.app
/Users/tuan/Library/Developer/Xcode/DerivedData/LinguaApp-cnzhrpjntxezraexaicvemyehwby/Build/Products/Debug-iphonesimulator/LinguaApp.app: replacing existing signature

Validate /Users/tuan/Library/Developer/Xcode/DerivedData/LinguaApp-cnzhrpjntxezraexaicvemyehwby/Build/Products/Debug-iphonesimulator/LinguaApp.app (in target 'LinguaApp' from project 'LinguaApp')
    cd /Users/tuan/Learn/rust/language-app/ios/LinguaApp
    builtin-validationUtility /Users/tuan/Library/Developer/Xcode/DerivedData/LinguaApp-cnzhrpjntxezraexaicvemyehwby/Build/Products/Debug-iphonesimulator/LinguaApp.app -shallow-bundle -infoplist-subpath Info.plist

** BUILD SUCCEEDED **

✅ Build thành công! Đang cài đặt lên Simulator...
com.example.LinguaApp: 33824
🎉 Đã cập nhật app!
🚀 Phát hiện thay đổi, đang build lại...
2026-04-26 15:28:30.886 xcodebuild[33862:609041] [MT] IDERunDestination: Supported platforms for the buildables in the current scheme is empty.
    Signing Identity:     "Sign to Run Locally"
    
    /usr/bin/codesign --force --sign - --timestamp\=none --generate-entitlement-der /Users/tuan/Library/Developer/Xcode/DerivedData/LinguaApp-cnzhrpjntxezraexaicvemyehwby/Build/Products/Debug-iphonesimulator/LinguaApp.app

Validate /Users/tuan/Library/Developer/Xcode/DerivedData/LinguaApp-cnzhrpjntxezraexaicvemyehwby/Build/Products/Debug-iphonesimulator/LinguaApp.app (in target 'LinguaApp' from project 'LinguaApp')
    cd /Users/tuan/Learn/rust/language-app/ios/LinguaApp
    builtin-validationUtility /Users/tuan/Library/Developer/Xcode/DerivedData/LinguaApp-cnzhrpjntxezraexaicvemyehwby/Build/Products/Debug-iphonesimulator/LinguaApp.app -shallow-bundle -infoplist-subpath Info.plist

** BUILD SUCCEEDED **

✅ Build thành công! Đang cài đặt lên Simulator...
com.example.LinguaApp: 33919
🎉 Đã cập nhật app!
🚀 Phát hiện thay đổi, đang build lại...
2026-04-26 15:28:41.885 xcodebuild[33920:609874] [MT] IDERunDestination: Supported platforms for the buildables in the current scheme is empty.
/Users/tuan/Learn/rust/language-app/ios/LinguaApp/LinguaApp/Views/StoryTypingView.swift:282:1: error: extraneous '}' at top level
}
^
** BUILD FAILED **


The following build commands failed:
	SwiftDriver LinguaApp normal arm64 com.apple.xcode.tools.swift.compiler (in target 'LinguaApp' from project 'LinguaApp')
	Building project LinguaApp with scheme LinguaApp
(2 failures)
    cd /Users/tuan/Learn/rust/language-app/ios/LinguaApp/LinguaApp.xcodeproj
    /Applications/Xcode.app/Contents/Developer/Toolchains/XcodeDefault.xctoolchain/usr/bin/clang-stat-cache /Applications/Xcode.app/Contents/Developer/Platforms/iPhoneSimulator.platform/Developer/SDKs/iPhoneSimulator26.4.sdk -o /Users/tuan/Library/Developer/Xcode/DerivedData/SDKStatCaches.noindex/iphonesimulator26.4-23E252-686eebb5dc1d8ecb277353a59184f4aa.sdkstatcache

SwiftDriver LinguaApp normal arm64 com.apple.xcode.tools.swift.compiler (in target 'LinguaApp' from project 'LinguaApp')
    cd /Users/tuan/Learn/rust/language-app/ios/LinguaApp
    builtin-SwiftDriver -- /Applications/Xcode.app/Contents/Developer/Toolchains/XcodeDefault.xctoolchain/usr/bin/swiftc -module-name LinguaApp -Onone @/Users/tuan/Library/Developer/Xcode/DerivedData/LinguaApp-cnzhrpjntxezraexaicvemyehwby/Build/Intermediates.noindex/LinguaApp.build/Debug-iphonesimulator/LinguaApp.build/Objects-normal/arm64/LinguaApp.SwiftFileList -DDEBUG -enable-bare-slash-regex -enable-experimental-feature DebugDescriptionMacro -sdk /Applications/Xcode.app/Contents/Developer/Platforms/iPhoneSimulator.platform/Developer/SDKs/iPhoneSimulator26.4.sdk -target arm64-apple-ios17.0-simulator -g -module-cache-path /Users/tuan/Library/Developer/Xcode/DerivedData/ModuleCache.noindex -Xfrontend -serialize-debugging-options -enable-testing -index-store-path /Users/tuan/Library/Developer/Xcode/DerivedData/LinguaApp-cnzhrpjntxezraexaicvemyehwby/Index.noindex/DataStore -Xcc -D_LIBCPP_HARDENING_MODE\=_LIBCPP_HARDENING_MODE_DEBUG -swift-version 5 -I /Users/tuan/Library/Developer/Xcode/DerivedData/LinguaApp-cnzhrpjntxezraexaicvemyehwby/Build/Products/Debug-iphonesimulator -F /Users/tuan/Library/Developer/Xcode/DerivedData/LinguaApp-cnzhrpjntxezraexaicvemyehwby/Build/Products/Debug-iphonesimulator -c -j8 -enable-batch-mode -incremental -Xcc -ivfsstatcache -Xcc /Users/tuan/Library/Developer/Xcode/DerivedData/SDKStatCaches.noindex/iphonesimulator26.4-23E252-686eebb5dc1d8ecb277353a59184f4aa.sdkstatcache -output-file-map /Users/tuan/Library/Developer/Xcode/DerivedData/LinguaApp-cnzhrpjntxezraexaicvemyehwby/Build/Intermediates.noindex/LinguaApp.build/Debug-iphonesimulator/LinguaApp.build/Objects-normal/arm64/LinguaApp-OutputFileMap.json -use-frontend-parseable-output -save-temps -no-color-diagnostics -explicit-module-build -module-cache-path /Users/tuan/Library/Developer/Xcode/DerivedData/LinguaApp-cnzhrpjntxezraexaicvemyehwby/Build/Intermediates.noindex/SwiftExplicitPrecompiledModules -clang-scanner-module-cache-path /Users/tuan/Library/Developer/Xcode/DerivedData/ModuleCache.noindex -sdk-module-cache-path /Users/tuan/Library/Developer/Xcode/DerivedData/ModuleCache.noindex -serialize-diagnostics -emit-dependencies -emit-module -emit-module-path /Users/tuan/Library/Developer/Xcode/DerivedData/LinguaApp-cnzhrpjntxezraexaicvemyehwby/Build/Intermediates.noindex/LinguaApp.build/Debug-iphonesimulator/LinguaApp.build/Objects-normal/arm64/LinguaApp.swiftmodule -validate-clang-modules-once -clang-build-session-file /Users/tuan/Library/Developer/Xcode/DerivedData/ModuleCache.noindex/Session.modulevalidation -Xcc -I/Users/tuan/Library/Developer/Xcode/DerivedData/LinguaApp-cnzhrpjntxezraexaicvemyehwby/Build/Intermediates.noindex/LinguaApp.build/Debug-iphonesimulator/LinguaApp.build/swift-overrides.hmap -emit-const-values -Xfrontend -const-gather-protocols-file -Xfrontend /Users/tuan/Library/Developer/Xcode/DerivedData/LinguaApp-cnzhrpjntxezraexaicvemyehwby/Build/Intermediates.noindex/LinguaApp.build/Debug-iphonesimulator/LinguaApp.build/Objects-normal/arm64/LinguaApp_const_extract_protocols.json -Xcc -iquote -Xcc /Users/tuan/Library/Developer/Xcode/DerivedData/LinguaApp-cnzhrpjntxezraexaicvemyehwby/Build/Intermediates.noindex/LinguaApp.build/Debug-iphonesimulator/LinguaApp.build/LinguaApp-generated-files.hmap -Xcc -I/Users/tuan/Library/Developer/Xcode/DerivedData/LinguaApp-cnzhrpjntxezraexaicvemyehwby/Build/Intermediates.noindex/LinguaApp.build/Debug-iphonesimulator/LinguaApp.build/LinguaApp-own-target-headers.hmap -Xcc -I/Users/tuan/Library/Developer/Xcode/DerivedData/LinguaApp-cnzhrpjntxezraexaicvemyehwby/Build/Intermediates.noindex/LinguaApp.build/Debug-iphonesimulator/LinguaApp.build/LinguaApp-all-target-headers.hmap -Xcc -iquote -Xcc /Users/tuan/Library/Developer/Xcode/DerivedData/LinguaApp-cnzhrpjntxezraexaicvemyehwby/Build/Intermediates.noindex/LinguaApp.build/Debug-iphonesimulator/LinguaApp.build/LinguaApp-project-headers.hmap -Xcc -I/Users/tuan/Library/Developer/Xcode/DerivedData/LinguaApp-cnzhrpjntxezraexaicvemyehwby/Build/Products/Debug-iphonesimulator/include -Xcc -I/Users/tuan/Library/Developer/Xcode/DerivedData/LinguaApp-cnzhrpjntxezraexaicvemyehwby/Build/Intermediates.noindex/LinguaApp.build/Debug-iphonesimulator/LinguaApp.build/DerivedSources-normal/arm64 -Xcc -I/Users/tuan/Library/Developer/Xcode/DerivedData/LinguaApp-cnzhrpjntxezraexaicvemyehwby/Build/Intermediates.noindex/LinguaApp.build/Debug-iphonesimulator/LinguaApp.build/DerivedSources/arm64 -Xcc -I/Users/tuan/Library/Developer/Xcode/DerivedData/LinguaApp-cnzhrpjntxezraexaicvemyehwby/Build/Intermediates.noindex/LinguaApp.build/Debug-iphonesimulator/LinguaApp.build/DerivedSources -Xcc -DDEBUG\=1 -emit-objc-header -emit-objc-header-path /Users/tuan/Library/Developer/Xcode/DerivedData/LinguaApp-cnzhrpjntxezraexaicvemyehwby/Build/Intermediates.noindex/LinguaApp.build/Debug-iphonesimulator/LinguaApp.build/Objects-normal/arm64/LinguaApp-Swift.h -working-directory /Users/tuan/Learn/rust/language-app/ios/LinguaApp -experimental-emit-module-separately -disable-cmo
/Users/tuan/Learn/rust/language-app/ios/LinguaApp/LinguaApp/Views/StoryTypingView.swift:282:1: error: Extraneous '}' at top level
}
^ (in target 'LinguaApp' from project 'LinguaApp')

✅ Build thành công! Đang cài đặt lên Simulator...
com.example.LinguaApp: 33960
🎉 Đã cập nhật app!
🚀 Phát hiện thay đổi, đang build lại...
2026-04-26 15:28:48.875 xcodebuild[33963:610282] [MT] IDERunDestination: Supported platforms for the buildables in the current scheme is empty.
/Users/tuan/Learn/rust/language-app/ios/LinguaApp/LinguaApp/Views/StoryTypingView.swift:282:1: error: extraneous '}' at top level
}
^
** BUILD FAILED **


The following build commands failed:
	SwiftDriver LinguaApp normal arm64 com.apple.xcode.tools.swift.compiler (in target 'LinguaApp' from project 'LinguaApp')
	Building project LinguaApp with scheme LinguaApp
(2 failures)
    cd /Users/tuan/Learn/rust/language-app/ios/LinguaApp/LinguaApp.xcodeproj
    /Applications/Xcode.app/Contents/Developer/Toolchains/XcodeDefault.xctoolchain/usr/bin/clang-stat-cache /Applications/Xcode.app/Contents/Developer/Platforms/iPhoneSimulator.platform/Developer/SDKs/iPhoneSimulator26.4.sdk -o /Users/tuan/Library/Developer/Xcode/DerivedData/SDKStatCaches.noindex/iphonesimulator26.4-23E252-686eebb5dc1d8ecb277353a59184f4aa.sdkstatcache

SwiftDriver LinguaApp normal arm64 com.apple.xcode.tools.swift.compiler (in target 'LinguaApp' from project 'LinguaApp')
    cd /Users/tuan/Learn/rust/language-app/ios/LinguaApp
    builtin-SwiftDriver -- /Applications/Xcode.app/Contents/Developer/Toolchains/XcodeDefault.xctoolchain/usr/bin/swiftc -module-name LinguaApp -Onone @/Users/tuan/Library/Developer/Xcode/DerivedData/LinguaApp-cnzhrpjntxezraexaicvemyehwby/Build/Intermediates.noindex/LinguaApp.build/Debug-iphonesimulator/LinguaApp.build/Objects-normal/arm64/LinguaApp.SwiftFileList -DDEBUG -enable-bare-slash-regex -enable-experimental-feature DebugDescriptionMacro -sdk /Applications/Xcode.app/Contents/Developer/Platforms/iPhoneSimulator.platform/Developer/SDKs/iPhoneSimulator26.4.sdk -target arm64-apple-ios17.0-simulator -g -module-cache-path /Users/tuan/Library/Developer/Xcode/DerivedData/ModuleCache.noindex -Xfrontend -serialize-debugging-options -enable-testing -index-store-path /Users/tuan/Library/Developer/Xcode/DerivedData/LinguaApp-cnzhrpjntxezraexaicvemyehwby/Index.noindex/DataStore -Xcc -D_LIBCPP_HARDENING_MODE\=_LIBCPP_HARDENING_MODE_DEBUG -swift-version 5 -I /Users/tuan/Library/Developer/Xcode/DerivedData/LinguaApp-cnzhrpjntxezraexaicvemyehwby/Build/Products/Debug-iphonesimulator -F /Users/tuan/Library/Developer/Xcode/DerivedData/LinguaApp-cnzhrpjntxezraexaicvemyehwby/Build/Products/Debug-iphonesimulator -c -j8 -enable-batch-mode -incremental -Xcc -ivfsstatcache -Xcc /Users/tuan/Library/Developer/Xcode/DerivedData/SDKStatCaches.noindex/iphonesimulator26.4-23E252-686eebb5dc1d8ecb277353a59184f4aa.sdkstatcache -output-file-map /Users/tuan/Library/Developer/Xcode/DerivedData/LinguaApp-cnzhrpjntxezraexaicvemyehwby/Build/Intermediates.noindex/LinguaApp.build/Debug-iphonesimulator/LinguaApp.build/Objects-normal/arm64/LinguaApp-OutputFileMap.json -use-frontend-parseable-output -save-temps -no-color-diagnostics -explicit-module-build -module-cache-path /Users/tuan/Library/Developer/Xcode/DerivedData/LinguaApp-cnzhrpjntxezraexaicvemyehwby/Build/Intermediates.noindex/SwiftExplicitPrecompiledModules -clang-scanner-module-cache-path /Users/tuan/Library/Developer/Xcode/DerivedData/ModuleCache.noindex -sdk-module-cache-path /Users/tuan/Library/Developer/Xcode/DerivedData/ModuleCache.noindex -serialize-diagnostics -emit-dependencies -emit-module -emit-module-path /Users/tuan/Library/Developer/Xcode/DerivedData/LinguaApp-cnzhrpjntxezraexaicvemyehwby/Build/Intermediates.noindex/LinguaApp.build/Debug-iphonesimulator/LinguaApp.build/Objects-normal/arm64/LinguaApp.swiftmodule -validate-clang-modules-once -clang-build-session-file /Users/tuan/Library/Developer/Xcode/DerivedData/ModuleCache.noindex/Session.modulevalidation -Xcc -I/Users/tuan/Library/Developer/Xcode/DerivedData/LinguaApp-cnzhrpjntxezraexaicvemyehwby/Build/Intermediates.noindex/LinguaApp.build/Debug-iphonesimulator/LinguaApp.build/swift-overrides.hmap -emit-const-values -Xfrontend -const-gather-protocols-file -Xfrontend /Users/tuan/Library/Developer/Xcode/DerivedData/LinguaApp-cnzhrpjntxezraexaicvemyehwby/Build/Intermediates.noindex/LinguaApp.build/Debug-iphonesimulator/LinguaApp.build/Objects-normal/arm64/LinguaApp_const_extract_protocols.json -Xcc -iquote -Xcc /Users/tuan/Library/Developer/Xcode/DerivedData/LinguaApp-cnzhrpjntxezraexaicvemyehwby/Build/Intermediates.noindex/LinguaApp.build/Debug-iphonesimulator/LinguaApp.build/LinguaApp-generated-files.hmap -Xcc -I/Users/tuan/Library/Developer/Xcode/DerivedData/LinguaApp-cnzhrpjntxezraexaicvemyehwby/Build/Intermediates.noindex/LinguaApp.build/Debug-iphonesimulator/LinguaApp.build/LinguaApp-own-target-headers.hmap -Xcc -I/Users/tuan/Library/Developer/Xcode/DerivedData/LinguaApp-cnzhrpjntxezraexaicvemyehwby/Build/Intermediates.noindex/LinguaApp.build/Debug-iphonesimulator/LinguaApp.build/LinguaApp-all-target-headers.hmap -Xcc -iquote -Xcc /Users/tuan/Library/Developer/Xcode/DerivedData/LinguaApp-cnzhrpjntxezraexaicvemyehwby/Build/Intermediates.noindex/LinguaApp.build/Debug-iphonesimulator/LinguaApp.build/LinguaApp-project-headers.hmap -Xcc -I/Users/tuan/Library/Developer/Xcode/DerivedData/LinguaApp-cnzhrpjntxezraexaicvemyehwby/Build/Products/Debug-iphonesimulator/include -Xcc -I/Users/tuan/Library/Developer/Xcode/DerivedData/LinguaApp-cnzhrpjntxezraexaicvemyehwby/Build/Intermediates.noindex/LinguaApp.build/Debug-iphonesimulator/LinguaApp.build/DerivedSources-normal/arm64 -Xcc -I/Users/tuan/Library/Developer/Xcode/DerivedData/LinguaApp-cnzhrpjntxezraexaicvemyehwby/Build/Intermediates.noindex/LinguaApp.build/Debug-iphonesimulator/LinguaApp.build/DerivedSources/arm64 -Xcc -I/Users/tuan/Library/Developer/Xcode/DerivedData/LinguaApp-cnzhrpjntxezraexaicvemyehwby/Build/Intermediates.noindex/LinguaApp.build/Debug-iphonesimulator/LinguaApp.build/DerivedSources -Xcc -DDEBUG\=1 -emit-objc-header -emit-objc-header-path /Users/tuan/Library/Developer/Xcode/DerivedData/LinguaApp-cnzhrpjntxezraexaicvemyehwby/Build/Intermediates.noindex/LinguaApp.build/Debug-iphonesimulator/LinguaApp.build/Objects-normal/arm64/LinguaApp-Swift.h -working-directory /Users/tuan/Learn/rust/language-app/ios/LinguaApp -experimental-emit-module-separately -disable-cmo
/Users/tuan/Learn/rust/language-app/ios/LinguaApp/LinguaApp/Views/StoryTypingView.swift:282:1: error: Extraneous '}' at top level
}
^ (in target 'LinguaApp' from project 'LinguaApp')

✅ Build thành công! Đang cài đặt lên Simulator...
com.example.LinguaApp: 33980
🎉 Đã cập nhật app!
🚀 Phát hiện thay đổi, đang build lại...
2026-04-26 15:29:08.913 xcodebuild[33991:610749] [MT] IDERunDestination: Supported platforms for the buildables in the current scheme is empty.
    Signing Identity:     "Sign to Run Locally"
    
    /usr/bin/codesign --force --sign - --timestamp\=none --generate-entitlement-der /Users/tuan/Library/Developer/Xcode/DerivedData/LinguaApp-cnzhrpjntxezraexaicvemyehwby/Build/Products/Debug-iphonesimulator/LinguaApp.app

Validate /Users/tuan/Library/Developer/Xcode/DerivedData/LinguaApp-cnzhrpjntxezraexaicvemyehwby/Build/Products/Debug-iphonesimulator/LinguaApp.app (in target 'LinguaApp' from project 'LinguaApp')
    cd /Users/tuan/Learn/rust/language-app/ios/LinguaApp
    builtin-validationUtility /Users/tuan/Library/Developer/Xcode/DerivedData/LinguaApp-cnzhrpjntxezraexaicvemyehwby/Build/Products/Debug-iphonesimulator/LinguaApp.app -shallow-bundle -infoplist-subpath Info.plist

** BUILD SUCCEEDED **

✅ Build thành công! Đang cài đặt lên Simulator...
com.example.LinguaApp: 34055
🎉 Đã cập nhật app!
🚀 Phát hiện thay đổi, đang build lại...
2026-04-26 15:30:45.819 xcodebuild[34155:613588] [MT] IDERunDestination: Supported platforms for the buildables in the current scheme is empty.
    
    /usr/bin/codesign --force --sign - --timestamp\=none --generate-entitlement-der /Users/tuan/Library/Developer/Xcode/DerivedData/LinguaApp-cnzhrpjntxezraexaicvemyehwby/Build/Products/Debug-iphonesimulator/LinguaApp.app
/Users/tuan/Library/Developer/Xcode/DerivedData/LinguaApp-cnzhrpjntxezraexaicvemyehwby/Build/Products/Debug-iphonesimulator/LinguaApp.app: replacing existing signature

Validate /Users/tuan/Library/Developer/Xcode/DerivedData/LinguaApp-cnzhrpjntxezraexaicvemyehwby/Build/Products/Debug-iphonesimulator/LinguaApp.app (in target 'LinguaApp' from project 'LinguaApp')
    cd /Users/tuan/Learn/rust/language-app/ios/LinguaApp
    builtin-validationUtility /Users/tuan/Library/Developer/Xcode/DerivedData/LinguaApp-cnzhrpjntxezraexaicvemyehwby/Build/Products/Debug-iphonesimulator/LinguaApp.app -shallow-bundle -infoplist-subpath Info.plist

** BUILD SUCCEEDED **

✅ Build thành công! Đang cài đặt lên Simulator...
com.example.LinguaApp: 34240
🎉 Đã cập nhật app!
🚀 Phát hiện thay đổi, đang build lại...
2026-04-26 15:37:15.713 xcodebuild[34497:620300] [MT] IDERunDestination: Supported platforms for the buildables in the current scheme is empty.
    Signing Identity:     "Sign to Run Locally"
    
    /usr/bin/codesign --force --sign - --timestamp\=none --generate-entitlement-der /Users/tuan/Library/Developer/Xcode/DerivedData/LinguaApp-cnzhrpjntxezraexaicvemyehwby/Build/Products/Debug-iphonesimulator/LinguaApp.app

Validate /Users/tuan/Library/Developer/Xcode/DerivedData/LinguaApp-cnzhrpjntxezraexaicvemyehwby/Build/Products/Debug-iphonesimulator/LinguaApp.app (in target 'LinguaApp' from project 'LinguaApp')
    cd /Users/tuan/Learn/rust/language-app/ios/LinguaApp
    builtin-validationUtility /Users/tuan/Library/Developer/Xcode/DerivedData/LinguaApp-cnzhrpjntxezraexaicvemyehwby/Build/Products/Debug-iphonesimulator/LinguaApp.app -shallow-bundle -infoplist-subpath Info.plist

** BUILD SUCCEEDED **

✅ Build thành công! Đang cài đặt lên Simulator...
com.example.LinguaApp: 34553
🎉 Đã cập nhật app!
🚀 Phát hiện thay đổi, đang build lại...
2026-04-26 15:42:48.185 xcodebuild[34754:625705] [MT] IDERunDestination: Supported platforms for the buildables in the current scheme is empty.
    Signing Identity:     "Sign to Run Locally"
    
    /usr/bin/codesign --force --sign - --timestamp\=none --generate-entitlement-der /Users/tuan/Library/Developer/Xcode/DerivedData/LinguaApp-cnzhrpjntxezraexaicvemyehwby/Build/Products/Debug-iphonesimulator/LinguaApp.app

Validate /Users/tuan/Library/Developer/Xcode/DerivedData/LinguaApp-cnzhrpjntxezraexaicvemyehwby/Build/Products/Debug-iphonesimulator/LinguaApp.app (in target 'LinguaApp' from project 'LinguaApp')
    cd /Users/tuan/Learn/rust/language-app/ios/LinguaApp
    builtin-validationUtility /Users/tuan/Library/Developer/Xcode/DerivedData/LinguaApp-cnzhrpjntxezraexaicvemyehwby/Build/Products/Debug-iphonesimulator/LinguaApp.app -shallow-bundle -infoplist-subpath Info.plist

** BUILD SUCCEEDED **

✅ Build thành công! Đang cài đặt lên Simulator...
com.example.LinguaApp: 34815
🎉 Đã cập nhật app!
🚀 Phát hiện thay đổi, đang build lại...
2026-04-26 15:44:19.413 xcodebuild[34860:627946] [MT] IDERunDestination: Supported platforms for the buildables in the current scheme is empty.
    Signing Identity:     "Sign to Run Locally"
    
    /usr/bin/codesign --force --sign - --timestamp\=none --generate-entitlement-der /Users/tuan/Library/Developer/Xcode/DerivedData/LinguaApp-cnzhrpjntxezraexaicvemyehwby/Build/Products/Debug-iphonesimulator/LinguaApp.app

Validate /Users/tuan/Library/Developer/Xcode/DerivedData/LinguaApp-cnzhrpjntxezraexaicvemyehwby/Build/Products/Debug-iphonesimulator/LinguaApp.app (in target 'LinguaApp' from project 'LinguaApp')
    cd /Users/tuan/Learn/rust/language-app/ios/LinguaApp
    builtin-validationUtility /Users/tuan/Library/Developer/Xcode/DerivedData/LinguaApp-cnzhrpjntxezraexaicvemyehwby/Build/Products/Debug-iphonesimulator/LinguaApp.app -shallow-bundle -infoplist-subpath Info.plist

** BUILD SUCCEEDED **

✅ Build thành công! Đang cài đặt lên Simulator...
com.example.LinguaApp: 34920
🎉 Đã cập nhật app!
🚀 Phát hiện thay đổi, đang build lại...
2026-04-26 16:32:00.290 xcodebuild[37164:669225] [MT] IDERunDestination: Supported platforms for the buildables in the current scheme is empty.
** BUILD FAILED **


The following build commands failed:
	SwiftCompile normal arm64 Compiling\ AudioService.swift /Users/tuan/Learn/rust/language-app/ios/LinguaApp/LinguaApp/Services/AudioService.swift (in target 'LinguaApp' from project 'LinguaApp')
	SwiftCompile normal arm64 /Users/tuan/Learn/rust/language-app/ios/LinguaApp/LinguaApp/Services/AudioService.swift (in target 'LinguaApp' from project 'LinguaApp')
	Building project LinguaApp with scheme LinguaApp
(3 failures)
Failed frontend command:
/Applications/Xcode.app/Contents/Developer/Toolchains/XcodeDefault.xctoolchain/usr/bin/swift-frontend -frontend -c /Users/tuan/Learn/rust/language-app/ios/LinguaApp/LinguaApp/Services/APIService.swift /Users/tuan/Learn/rust/language-app/ios/LinguaApp/LinguaApp/Theme/AppTheme.swift -primary-file /Users/tuan/Learn/rust/language-app/ios/LinguaApp/LinguaApp/Services/AudioService.swift /Users/tuan/Learn/rust/language-app/ios/LinguaApp/LinguaApp/Services/AuthService.swift /Users/tuan/Learn/rust/language-app/ios/LinguaApp/LinguaApp/Views/HomeView.swift /Users/tuan/Learn/rust/language-app/ios/LinguaApp/LinguaApp/Views/LanguageHubView.swift /Users/tuan/Learn/rust/language-app/ios/LinguaApp/LinguaApp/Views/LanguagesView.swift /Users/tuan/Learn/rust/language-app/ios/LinguaApp/LinguaApp/LinguaApp.swift /Users/tuan/Learn/rust/language-app/ios/LinguaApp/LinguaApp/Services/LocalizationService.swift /Users/tuan/Learn/rust/language-app/ios/LinguaApp/LinguaApp/Views/LoginView.swift /Users/tuan/Learn/rust/language-app/ios/LinguaApp/LinguaApp/Models.swift /Users/tuan/Learn/rust/language-app/ios/LinguaApp/LinguaApp/Views/RegisterView.swift /Users/tuan/Learn/rust/language-app/ios/LinguaApp/LinguaApp/Views/SettingsView.swift /Users/tuan/Learn/rust/language-app/ios/LinguaApp/LinguaApp/Views/StoriesView.swift /Users/tuan/Learn/rust/language-app/ios/LinguaApp/LinguaApp/Views/StoryReaderView.swift /Users/tuan/Learn/rust/language-app/ios/LinguaApp/LinguaApp/Views/StoryTypingView.swift /Users/tuan/Learn/rust/language-app/ios/LinguaApp/LinguaApp/Views/VocabLessonsView.swift /Users/tuan/Learn/rust/language-app/ios/LinguaApp/LinguaApp/Views/VocabTypingView.swift /Users/tuan/Library/Developer/Xcode/DerivedData/LinguaApp-cnzhrpjntxezraexaicvemyehwby/Build/Intermediates.noindex/LinguaApp.build/Debug-iphonesimulator/LinguaApp.build/DerivedSources/GeneratedAssetSymbols.swift -emit-dependencies-path /Users/tuan/Library/Developer/Xcode/DerivedData/LinguaApp-cnzhrpjntxezraexaicvemyehwby/Build/Intermediates.noindex/LinguaApp.build/Debug-iphonesimulator/LinguaApp.build/Objects-normal/arm64/AudioService.d -emit-const-values-path /Users/tuan/Library/Developer/Xcode/DerivedData/LinguaApp-cnzhrpjntxezraexaicvemyehwby/Build/Intermediates.noindex/LinguaApp.build/Debug-iphonesimulator/LinguaApp.build/Objects-normal/arm64/AudioService.swiftconstvalues -emit-reference-dependencies-path /Users/tuan/Library/Developer/Xcode/DerivedData/LinguaApp-cnzhrpjntxezraexaicvemyehwby/Build/Intermediates.noindex/LinguaApp.build/Debug-iphonesimulator/LinguaApp.build/Objects-normal/arm64/AudioService.swiftdeps -serialize-diagnostics-path /Users/tuan/Library/Developer/Xcode/DerivedData/LinguaApp-cnzhrpjntxezraexaicvemyehwby/Build/Intermediates.noindex/LinguaApp.build/Debug-iphonesimulator/LinguaApp.build/Objects-normal/arm64/AudioService.dia -target arm64-apple-ios17.0-simulator -module-can-import-version DeveloperToolsSupport 23.40.26 23.40.26 -load-resolved-plugin /Applications/Xcode.app/Contents/Developer/Platforms/iPhoneOS.platform/Developer/usr/lib/swift/host/plugins/libFoundationMacros.dylib\#/Applications/Xcode.app/Contents/Developer/Platforms/iPhoneOS.platform/Developer/usr/bin/swift-plugin-server\#FoundationMacros -load-resolved-plugin /Applications/Xcode.app/Contents/Developer/Platforms/iPhoneOS.platform/Developer/usr/lib/swift/host/plugins/libObservationMacros.dylib\#/Applications/Xcode.app/Contents/Developer/Platforms/iPhoneOS.platform/Developer/usr/bin/swift-plugin-server\#ObservationMacros -load-resolved-plugin /Applications/Xcode.app/Contents/Developer/Platforms/iPhoneOS.platform/Developer/usr/lib/swift/host/plugins/libPreviewsMacros.dylib\#/Applications/Xcode.app/Contents/Developer/Platforms/iPhoneOS.platform/Developer/usr/bin/swift-plugin-server\#PreviewsMacros -load-resolved-plugin /Applications/Xcode.app/Contents/Developer/Platforms/iPhoneOS.platform/Developer/usr/lib/swift/host/plugins/libSwiftMacros.dylib\#/Applications/Xcode.app/Contents/Developer/Platforms/iPhoneOS.platform/Developer/usr/bin/swift-plugin-server\#SwiftMacros -load-resolved-plugin /Applications/Xcode.app/Contents/Developer/Platforms/iPhoneOS.platform/Developer/usr/lib/swift/host/plugins/libSwiftUIMacros.dylib\#/Applications/Xcode.app/Contents/Developer/Platforms/iPhoneOS.platform/Developer/usr/bin/swift-plugin-server\#SwiftUIMacros -disable-implicit-swift-modules -Xcc -fno-implicit-modules -Xcc -fno-implicit-module-maps -explicit-swift-module-map-file /Users/tuan/Library/Developer/Xcode/DerivedData/LinguaApp-cnzhrpjntxezraexaicvemyehwby/Build/Intermediates.noindex/LinguaApp.build/Debug-iphonesimulator/LinguaApp.build/Objects-normal/arm64/LinguaApp-dependencies-1.json -debug-module-path /Users/tuan/Library/Developer/Xcode/DerivedData/LinguaApp-cnzhrpjntxezraexaicvemyehwby/Build/Intermediates.noindex/LinguaApp.build/Debug-iphonesimulator/LinguaApp.build/Objects-normal/arm64/LinguaApp.swiftmodule -Xllvm -aarch64-use-tbi -enable-objc-interop -sdk /Applications/Xcode.app/Contents/Developer/Platforms/iPhoneSimulator.platform/Developer/SDKs/iPhoneSimulator26.4.sdk -I /Users/tuan/Library/Developer/Xcode/DerivedData/LinguaApp-cnzhrpjntxezraexaicvemyehwby/Build/Products/Debug-iphonesimulator -F /Users/tuan/Library/Developer/Xcode/DerivedData/LinguaApp-cnzhrpjntxezraexaicvemyehwby/Build/Products/Debug-iphonesimulator -no-color-diagnostics -Xcc -fno-color-diagnostics -enable-testing -g -debug-info-format\=dwarf -dwarf-version\=4 -module-cache-path /Users/tuan/Library/Developer/Xcode/DerivedData/LinguaApp-cnzhrpjntxezraexaicvemyehwby/Build/Intermediates.noindex/SwiftExplicitPrecompiledModules -swift-version 5 -Onone -D DEBUG -serialize-debugging-options -const-gather-protocols-file /Users/tuan/Library/Developer/Xcode/DerivedData/LinguaApp-cnzhrpjntxezraexaicvemyehwby/Build/Intermediates.noindex/LinguaApp.build/Debug-iphonesimulator/LinguaApp.build/Objects-normal/arm64/LinguaApp_const_extract_protocols.json -enable-experimental-feature DebugDescriptionMacro -enable-bare-slash-regex -empty-abi-descriptor -validate-clang-modules-once -clang-build-session-file /Users/tuan/Library/Developer/Xcode/DerivedData/ModuleCache.noindex/Session.modulevalidation -Xcc -working-directory -Xcc /Users/tuan/Learn/rust/language-app/ios/LinguaApp -enable-anonymous-context-mangled-names -file-compilation-dir /Users/tuan/Learn/rust/language-app/ios/LinguaApp -Xcc -D_LIBCPP_HARDENING_MODE\=_LIBCPP_HARDENING_MODE_DEBUG -Xcc -ivfsstatcache -Xcc /Users/tuan/Library/Developer/Xcode/DerivedData/SDKStatCaches.noindex/iphonesimulator26.4-23E252-686eebb5dc1d8ecb277353a59184f4aa.sdkstatcache -Xcc -I/Users/tuan/Library/Developer/Xcode/DerivedData/LinguaApp-cnzhrpjntxezraexaicvemyehwby/Build/Intermediates.noindex/LinguaApp.build/Debug-iphonesimulator/LinguaApp.build/swift-overrides.hmap -Xcc -iquote -Xcc /Users/tuan/Library/Developer/Xcode/DerivedData/LinguaApp-cnzhrpjntxezraexaicvemyehwby/Build/Intermediates.noindex/LinguaApp.build/Debug-iphonesimulator/LinguaApp.build/LinguaApp-generated-files.hmap -Xcc -I/Users/tuan/Library/Developer/Xcode/DerivedData/LinguaApp-cnzhrpjntxezraexaicvemyehwby/Build/Intermediates.noindex/LinguaApp.build/Debug-iphonesimulator/LinguaApp.build/LinguaApp-own-target-headers.hmap -Xcc -I/Users/tuan/Library/Developer/Xcode/DerivedData/LinguaApp-cnzhrpjntxezraexaicvemyehwby/Build/Intermediates.noindex/LinguaApp.build/Debug-iphonesimulator/LinguaApp.build/LinguaApp-all-target-headers.hmap -Xcc -iquote -Xcc /Users/tuan/Library/Developer/Xcode/DerivedData/LinguaApp-cnzhrpjntxezraexaicvemyehwby/Build/Intermediates.noindex/LinguaApp.build/Debug-iphonesimulator/LinguaApp.build/LinguaApp-project-headers.hmap -Xcc -I/Users/tuan/Library/Developer/Xcode/DerivedData/LinguaApp-cnzhrpjntxezraexaicvemyehwby/Build/Products/Debug-iphonesimulator/include -Xcc -I/Users/tuan/Library/Developer/Xcode/DerivedData/LinguaApp-cnzhrpjntxezraexaicvemyehwby/Build/Intermediates.noindex/LinguaApp.build/Debug-iphonesimulator/LinguaApp.build/DerivedSources-normal/arm64 -Xcc -I/Users/tuan/Library/Developer/Xcode/DerivedData/LinguaApp-cnzhrpjntxezraexaicvemyehwby/Build/Intermediates.noindex/LinguaApp.build/Debug-iphonesimulator/LinguaApp.build/DerivedSources/arm64 -Xcc -I/Users/tuan/Library/Developer/Xcode/DerivedData/LinguaApp-cnzhrpjntxezraexaicvemyehwby/Build/Intermediates.noindex/LinguaApp.build/Debug-iphonesimulator/LinguaApp.build/DerivedSources -Xcc -DDEBUG\=1 -no-auto-bridging-header-chaining -module-name LinguaApp -frontend-parseable-output -disable-clang-spi -clang-target arm64-apple-ios26.4-simulator -target-sdk-version 26.4 -target-sdk-name iphonesimulator26.4 -in-process-plugin-server-path /Applications/Xcode.app/Contents/Developer/Toolchains/XcodeDefault.xctoolchain/usr/lib/swift/host/libSwiftInProcPluginServer.dylib -o /Users/tuan/Library/Developer/Xcode/DerivedData/LinguaApp-cnzhrpjntxezraexaicvemyehwby/Build/Intermediates.noindex/LinguaApp.build/Debug-iphonesimulator/LinguaApp.build/Objects-normal/arm64/AudioService.o -index-unit-output-path /LinguaApp.build/Debug-iphonesimulator/LinguaApp.build/Objects-normal/arm64/AudioService.o -index-store-path /Users/tuan/Library/Developer/Xcode/DerivedData/LinguaApp-cnzhrpjntxezraexaicvemyehwby/Index.noindex/DataStore -index-system-modules

SwiftCompile normal arm64 /Users/tuan/Learn/rust/language-app/ios/LinguaApp/LinguaApp/Services/AudioService.swift (in target 'LinguaApp' from project 'LinguaApp')
    cd /Users/tuan/Learn/rust/language-app/ios/LinguaApp
    
/Users/tuan/Learn/rust/language-app/ios/LinguaApp/LinguaApp/Services/AudioService.swift:35:27: error: cannot find 'fetchAndPlayKokoro' in scope
                try await fetchAndPlayKokoro(text: text, language: language)
                          ^~~~~~~~~~~~~~~~~~

✅ Build thành công! Đang cài đặt lên Simulator...
com.example.LinguaApp: 37263
🎉 Đã cập nhật app!
🚀 Phát hiện thay đổi, đang build lại...
2026-04-26 16:32:17.123 xcodebuild[37273:670422] [MT] IDERunDestination: Supported platforms for the buildables in the current scheme is empty.
    Signing Identity:     "Sign to Run Locally"
    
    /usr/bin/codesign --force --sign - --timestamp\=none --generate-entitlement-der /Users/tuan/Library/Developer/Xcode/DerivedData/LinguaApp-cnzhrpjntxezraexaicvemyehwby/Build/Products/Debug-iphonesimulator/LinguaApp.app

Validate /Users/tuan/Library/Developer/Xcode/DerivedData/LinguaApp-cnzhrpjntxezraexaicvemyehwby/Build/Products/Debug-iphonesimulator/LinguaApp.app (in target 'LinguaApp' from project 'LinguaApp')
    cd /Users/tuan/Learn/rust/language-app/ios/LinguaApp
    builtin-validationUtility /Users/tuan/Library/Developer/Xcode/DerivedData/LinguaApp-cnzhrpjntxezraexaicvemyehwby/Build/Products/Debug-iphonesimulator/LinguaApp.app -shallow-bundle -infoplist-subpath Info.plist

** BUILD SUCCEEDED **

✅ Build thành công! Đang cài đặt lên Simulator...
com.example.LinguaApp: 37308
🎉 Đã cập nhật app!
🚀 Phát hiện thay đổi, đang build lại...
2026-04-26 16:32:36.029 xcodebuild[37314:671179] [MT] IDERunDestination: Supported platforms for the buildables in the current scheme is empty.
    Signing Identity:     "Sign to Run Locally"
    
    /usr/bin/codesign --force --sign - --timestamp\=none --generate-entitlement-der /Users/tuan/Library/Developer/Xcode/DerivedData/LinguaApp-cnzhrpjntxezraexaicvemyehwby/Build/Products/Debug-iphonesimulator/LinguaApp.app

Validate /Users/tuan/Library/Developer/Xcode/DerivedData/LinguaApp-cnzhrpjntxezraexaicvemyehwby/Build/Products/Debug-iphonesimulator/LinguaApp.app (in target 'LinguaApp' from project 'LinguaApp')
    cd /Users/tuan/Learn/rust/language-app/ios/LinguaApp
    builtin-validationUtility /Users/tuan/Library/Developer/Xcode/DerivedData/LinguaApp-cnzhrpjntxezraexaicvemyehwby/Build/Products/Debug-iphonesimulator/LinguaApp.app -shallow-bundle -infoplist-subpath Info.plist

** BUILD SUCCEEDED **

✅ Build thành công! Đang cài đặt lên Simulator...
com.example.LinguaApp: 37380
🎉 Đã cập nhật app!
🚀 Phát hiện thay đổi, đang build lại...
2026-04-26 16:42:48.646 xcodebuild[38108:680840] [MT] IDERunDestination: Supported platforms for the buildables in the current scheme is empty.
    Signing Identity:     "Sign to Run Locally"
    
    /usr/bin/codesign --force --sign - --timestamp\=none --generate-entitlement-der /Users/tuan/Library/Developer/Xcode/DerivedData/LinguaApp-cnzhrpjntxezraexaicvemyehwby/Build/Products/Debug-iphonesimulator/LinguaApp.app

Validate /Users/tuan/Library/Developer/Xcode/DerivedData/LinguaApp-cnzhrpjntxezraexaicvemyehwby/Build/Products/Debug-iphonesimulator/LinguaApp.app (in target 'LinguaApp' from project 'LinguaApp')
    cd /Users/tuan/Learn/rust/language-app/ios/LinguaApp
    builtin-validationUtility /Users/tuan/Library/Developer/Xcode/DerivedData/LinguaApp-cnzhrpjntxezraexaicvemyehwby/Build/Products/Debug-iphonesimulator/LinguaApp.app -shallow-bundle -infoplist-subpath Info.plist

** BUILD SUCCEEDED **

✅ Build thành công! Đang cài đặt lên Simulator...
com.example.LinguaApp: 38155
🎉 Đã cập nhật app!
🚀 Phát hiện thay đổi, đang build lại...
2026-04-26 16:58:15.454 xcodebuild[38862:694543] [MT] IDERunDestination: Supported platforms for the buildables in the current scheme is empty.
** BUILD FAILED **


The following build commands failed:
	SwiftCompile normal arm64 /Users/tuan/Learn/rust/language-app/ios/LinguaApp/LinguaApp/Services/AudioService.swift (in target 'LinguaApp' from project 'LinguaApp')
	SwiftCompile normal arm64 Compiling\ AudioService.swift /Users/tuan/Learn/rust/language-app/ios/LinguaApp/LinguaApp/Services/AudioService.swift (in target 'LinguaApp' from project 'LinguaApp')
	Building project LinguaApp with scheme LinguaApp
(3 failures)
        guard var components = URLComponents(string: baseUrlString) else {
                                                     ^~~~~~~~~~~~~

Failed frontend command:
/Applications/Xcode.app/Contents/Developer/Toolchains/XcodeDefault.xctoolchain/usr/bin/swift-frontend -frontend -c /Users/tuan/Learn/rust/language-app/ios/LinguaApp/LinguaApp/Services/APIService.swift /Users/tuan/Learn/rust/language-app/ios/LinguaApp/LinguaApp/Theme/AppTheme.swift -primary-file /Users/tuan/Learn/rust/language-app/ios/LinguaApp/LinguaApp/Services/AudioService.swift /Users/tuan/Learn/rust/language-app/ios/LinguaApp/LinguaApp/Services/AuthService.swift /Users/tuan/Learn/rust/language-app/ios/LinguaApp/LinguaApp/Views/HomeView.swift /Users/tuan/Learn/rust/language-app/ios/LinguaApp/LinguaApp/Views/LanguageHubView.swift /Users/tuan/Learn/rust/language-app/ios/LinguaApp/LinguaApp/Views/LanguagesView.swift /Users/tuan/Learn/rust/language-app/ios/LinguaApp/LinguaApp/LinguaApp.swift /Users/tuan/Learn/rust/language-app/ios/LinguaApp/LinguaApp/Services/LocalizationService.swift /Users/tuan/Learn/rust/language-app/ios/LinguaApp/LinguaApp/Views/LoginView.swift /Users/tuan/Learn/rust/language-app/ios/LinguaApp/LinguaApp/Models.swift /Users/tuan/Learn/rust/language-app/ios/LinguaApp/LinguaApp/Views/RegisterView.swift /Users/tuan/Learn/rust/language-app/ios/LinguaApp/LinguaApp/Views/SettingsView.swift /Users/tuan/Learn/rust/language-app/ios/LinguaApp/LinguaApp/Views/StoriesView.swift /Users/tuan/Learn/rust/language-app/ios/LinguaApp/LinguaApp/Views/StoryReaderView.swift /Users/tuan/Learn/rust/language-app/ios/LinguaApp/LinguaApp/Views/StoryTypingView.swift /Users/tuan/Learn/rust/language-app/ios/LinguaApp/LinguaApp/Views/VocabLessonsView.swift /Users/tuan/Learn/rust/language-app/ios/LinguaApp/LinguaApp/Views/VocabTypingView.swift /Users/tuan/Library/Developer/Xcode/DerivedData/LinguaApp-cnzhrpjntxezraexaicvemyehwby/Build/Intermediates.noindex/LinguaApp.build/Debug-iphonesimulator/LinguaApp.build/DerivedSources/GeneratedAssetSymbols.swift -emit-dependencies-path /Users/tuan/Library/Developer/Xcode/DerivedData/LinguaApp-cnzhrpjntxezraexaicvemyehwby/Build/Intermediates.noindex/LinguaApp.build/Debug-iphonesimulator/LinguaApp.build/Objects-normal/arm64/AudioService.d -emit-const-values-path /Users/tuan/Library/Developer/Xcode/DerivedData/LinguaApp-cnzhrpjntxezraexaicvemyehwby/Build/Intermediates.noindex/LinguaApp.build/Debug-iphonesimulator/LinguaApp.build/Objects-normal/arm64/AudioService.swiftconstvalues -emit-reference-dependencies-path /Users/tuan/Library/Developer/Xcode/DerivedData/LinguaApp-cnzhrpjntxezraexaicvemyehwby/Build/Intermediates.noindex/LinguaApp.build/Debug-iphonesimulator/LinguaApp.build/Objects-normal/arm64/AudioService.swiftdeps -serialize-diagnostics-path /Users/tuan/Library/Developer/Xcode/DerivedData/LinguaApp-cnzhrpjntxezraexaicvemyehwby/Build/Intermediates.noindex/LinguaApp.build/Debug-iphonesimulator/LinguaApp.build/Objects-normal/arm64/AudioService.dia -target arm64-apple-ios17.0-simulator -module-can-import-version DeveloperToolsSupport 23.40.26 23.40.26 -load-resolved-plugin /Applications/Xcode.app/Contents/Developer/Platforms/iPhoneOS.platform/Developer/usr/lib/swift/host/plugins/libFoundationMacros.dylib\#/Applications/Xcode.app/Contents/Developer/Platforms/iPhoneOS.platform/Developer/usr/bin/swift-plugin-server\#FoundationMacros -load-resolved-plugin /Applications/Xcode.app/Contents/Developer/Platforms/iPhoneOS.platform/Developer/usr/lib/swift/host/plugins/libObservationMacros.dylib\#/Applications/Xcode.app/Contents/Developer/Platforms/iPhoneOS.platform/Developer/usr/bin/swift-plugin-server\#ObservationMacros -load-resolved-plugin /Applications/Xcode.app/Contents/Developer/Platforms/iPhoneOS.platform/Developer/usr/lib/swift/host/plugins/libPreviewsMacros.dylib\#/Applications/Xcode.app/Contents/Developer/Platforms/iPhoneOS.platform/Developer/usr/bin/swift-plugin-server\#PreviewsMacros -load-resolved-plugin /Applications/Xcode.app/Contents/Developer/Platforms/iPhoneOS.platform/Developer/usr/lib/swift/host/plugins/libSwiftMacros.dylib\#/Applications/Xcode.app/Contents/Developer/Platforms/iPhoneOS.platform/Developer/usr/bin/swift-plugin-server\#SwiftMacros -load-resolved-plugin /Applications/Xcode.app/Contents/Developer/Platforms/iPhoneOS.platform/Developer/usr/lib/swift/host/plugins/libSwiftUIMacros.dylib\#/Applications/Xcode.app/Contents/Developer/Platforms/iPhoneOS.platform/Developer/usr/bin/swift-plugin-server\#SwiftUIMacros -disable-implicit-swift-modules -Xcc -fno-implicit-modules -Xcc -fno-implicit-module-maps -explicit-swift-module-map-file /Users/tuan/Library/Developer/Xcode/DerivedData/LinguaApp-cnzhrpjntxezraexaicvemyehwby/Build/Intermediates.noindex/LinguaApp.build/Debug-iphonesimulator/LinguaApp.build/Objects-normal/arm64/LinguaApp-dependencies-1.json -debug-module-path /Users/tuan/Library/Developer/Xcode/DerivedData/LinguaApp-cnzhrpjntxezraexaicvemyehwby/Build/Intermediates.noindex/LinguaApp.build/Debug-iphonesimulator/LinguaApp.build/Objects-normal/arm64/LinguaApp.swiftmodule -Xllvm -aarch64-use-tbi -enable-objc-interop -sdk /Applications/Xcode.app/Contents/Developer/Platforms/iPhoneSimulator.platform/Developer/SDKs/iPhoneSimulator26.4.sdk -I /Users/tuan/Library/Developer/Xcode/DerivedData/LinguaApp-cnzhrpjntxezraexaicvemyehwby/Build/Products/Debug-iphonesimulator -F /Users/tuan/Library/Developer/Xcode/DerivedData/LinguaApp-cnzhrpjntxezraexaicvemyehwby/Build/Products/Debug-iphonesimulator -no-color-diagnostics -Xcc -fno-color-diagnostics -enable-testing -g -debug-info-format\=dwarf -dwarf-version\=4 -module-cache-path /Users/tuan/Library/Developer/Xcode/DerivedData/LinguaApp-cnzhrpjntxezraexaicvemyehwby/Build/Intermediates.noindex/SwiftExplicitPrecompiledModules -swift-version 5 -Onone -D DEBUG -serialize-debugging-options -const-gather-protocols-file /Users/tuan/Library/Developer/Xcode/DerivedData/LinguaApp-cnzhrpjntxezraexaicvemyehwby/Build/Intermediates.noindex/LinguaApp.build/Debug-iphonesimulator/LinguaApp.build/Objects-normal/arm64/LinguaApp_const_extract_protocols.json -enable-experimental-feature DebugDescriptionMacro -enable-bare-slash-regex -empty-abi-descriptor -validate-clang-modules-once -clang-build-session-file /Users/tuan/Library/Developer/Xcode/DerivedData/ModuleCache.noindex/Session.modulevalidation -Xcc -working-directory -Xcc /Users/tuan/Learn/rust/language-app/ios/LinguaApp -enable-anonymous-context-mangled-names -file-compilation-dir /Users/tuan/Learn/rust/language-app/ios/LinguaApp -Xcc -D_LIBCPP_HARDENING_MODE\=_LIBCPP_HARDENING_MODE_DEBUG -Xcc -ivfsstatcache -Xcc /Users/tuan/Library/Developer/Xcode/DerivedData/SDKStatCaches.noindex/iphonesimulator26.4-23E252-686eebb5dc1d8ecb277353a59184f4aa.sdkstatcache -Xcc -I/Users/tuan/Library/Developer/Xcode/DerivedData/LinguaApp-cnzhrpjntxezraexaicvemyehwby/Build/Intermediates.noindex/LinguaApp.build/Debug-iphonesimulator/LinguaApp.build/swift-overrides.hmap -Xcc -iquote -Xcc /Users/tuan/Library/Developer/Xcode/DerivedData/LinguaApp-cnzhrpjntxezraexaicvemyehwby/Build/Intermediates.noindex/LinguaApp.build/Debug-iphonesimulator/LinguaApp.build/LinguaApp-generated-files.hmap -Xcc -I/Users/tuan/Library/Developer/Xcode/DerivedData/LinguaApp-cnzhrpjntxezraexaicvemyehwby/Build/Intermediates.noindex/LinguaApp.build/Debug-iphonesimulator/LinguaApp.build/LinguaApp-own-target-headers.hmap -Xcc -I/Users/tuan/Library/Developer/Xcode/DerivedData/LinguaApp-cnzhrpjntxezraexaicvemyehwby/Build/Intermediates.noindex/LinguaApp.build/Debug-iphonesimulator/LinguaApp.build/LinguaApp-all-target-headers.hmap -Xcc -iquote -Xcc /Users/tuan/Library/Developer/Xcode/DerivedData/LinguaApp-cnzhrpjntxezraexaicvemyehwby/Build/Intermediates.noindex/LinguaApp.build/Debug-iphonesimulator/LinguaApp.build/LinguaApp-project-headers.hmap -Xcc -I/Users/tuan/Library/Developer/Xcode/DerivedData/LinguaApp-cnzhrpjntxezraexaicvemyehwby/Build/Products/Debug-iphonesimulator/include -Xcc -I/Users/tuan/Library/Developer/Xcode/DerivedData/LinguaApp-cnzhrpjntxezraexaicvemyehwby/Build/Intermediates.noindex/LinguaApp.build/Debug-iphonesimulator/LinguaApp.build/DerivedSources-normal/arm64 -Xcc -I/Users/tuan/Library/Developer/Xcode/DerivedData/LinguaApp-cnzhrpjntxezraexaicvemyehwby/Build/Intermediates.noindex/LinguaApp.build/Debug-iphonesimulator/LinguaApp.build/DerivedSources/arm64 -Xcc -I/Users/tuan/Library/Developer/Xcode/DerivedData/LinguaApp-cnzhrpjntxezraexaicvemyehwby/Build/Intermediates.noindex/LinguaApp.build/Debug-iphonesimulator/LinguaApp.build/DerivedSources -Xcc -DDEBUG\=1 -no-auto-bridging-header-chaining -module-name LinguaApp -frontend-parseable-output -disable-clang-spi -clang-target arm64-apple-ios26.4-simulator -target-sdk-version 26.4 -target-sdk-name iphonesimulator26.4 -in-process-plugin-server-path /Applications/Xcode.app/Contents/Developer/Toolchains/XcodeDefault.xctoolchain/usr/lib/swift/host/libSwiftInProcPluginServer.dylib -o /Users/tuan/Library/Developer/Xcode/DerivedData/LinguaApp-cnzhrpjntxezraexaicvemyehwby/Build/Intermediates.noindex/LinguaApp.build/Debug-iphonesimulator/LinguaApp.build/Objects-normal/arm64/AudioService.o -index-unit-output-path /LinguaApp.build/Debug-iphonesimulator/LinguaApp.build/Objects-normal/arm64/AudioService.o -index-store-path /Users/tuan/Library/Developer/Xcode/DerivedData/LinguaApp-cnzhrpjntxezraexaicvemyehwby/Index.noindex/DataStore -index-system-modules
SwiftEmitModule normal arm64 Emitting\ module\ for\ LinguaApp (in target 'LinguaApp' from project 'LinguaApp')
EmitSwiftModule normal arm64 (in target 'LinguaApp' from project 'LinguaApp')
    cd /Users/tuan/Learn/rust/language-app/ios/LinguaApp
    

✅ Build thành công! Đang cài đặt lên Simulator...
com.example.LinguaApp: 38906
🎉 Đã cập nhật app!
🚀 Phát hiện thay đổi, đang build lại...
2026-04-26 16:58:25.174 xcodebuild[38908:695243] [MT] IDERunDestination: Supported platforms for the buildables in the current scheme is empty.
    Signing Identity:     "Sign to Run Locally"
    
    /usr/bin/codesign --force --sign - --timestamp\=none --generate-entitlement-der /Users/tuan/Library/Developer/Xcode/DerivedData/LinguaApp-cnzhrpjntxezraexaicvemyehwby/Build/Products/Debug-iphonesimulator/LinguaApp.app

Validate /Users/tuan/Library/Developer/Xcode/DerivedData/LinguaApp-cnzhrpjntxezraexaicvemyehwby/Build/Products/Debug-iphonesimulator/LinguaApp.app (in target 'LinguaApp' from project 'LinguaApp')
    cd /Users/tuan/Learn/rust/language-app/ios/LinguaApp
    builtin-validationUtility /Users/tuan/Library/Developer/Xcode/DerivedData/LinguaApp-cnzhrpjntxezraexaicvemyehwby/Build/Products/Debug-iphonesimulator/LinguaApp.app -shallow-bundle -infoplist-subpath Info.plist

** BUILD SUCCEEDED **

✅ Build thành công! Đang cài đặt lên Simulator...
com.example.LinguaApp: 38981
🎉 Đã cập nhật app!
🚀 Phát hiện thay đổi, đang build lại...
2026-04-26 16:59:14.014 xcodebuild[39038:696706] [MT] IDERunDestination: Supported platforms for the buildables in the current scheme is empty.
    
    /usr/bin/codesign --force --sign - --timestamp\=none --generate-entitlement-der /Users/tuan/Library/Developer/Xcode/DerivedData/LinguaApp-cnzhrpjntxezraexaicvemyehwby/Build/Products/Debug-iphonesimulator/LinguaApp.app
/Users/tuan/Library/Developer/Xcode/DerivedData/LinguaApp-cnzhrpjntxezraexaicvemyehwby/Build/Products/Debug-iphonesimulator/LinguaApp.app: replacing existing signature

Validate /Users/tuan/Library/Developer/Xcode/DerivedData/LinguaApp-cnzhrpjntxezraexaicvemyehwby/Build/Products/Debug-iphonesimulator/LinguaApp.app (in target 'LinguaApp' from project 'LinguaApp')
    cd /Users/tuan/Learn/rust/language-app/ios/LinguaApp
    builtin-validationUtility /Users/tuan/Library/Developer/Xcode/DerivedData/LinguaApp-cnzhrpjntxezraexaicvemyehwby/Build/Products/Debug-iphonesimulator/LinguaApp.app -shallow-bundle -infoplist-subpath Info.plist

** BUILD SUCCEEDED **

✅ Build thành công! Đang cài đặt lên Simulator...
com.example.LinguaApp: 39080
🎉 Đã cập nhật app!
🚀 Phát hiện thay đổi, đang build lại...
2026-04-26 17:02:11.043 xcodebuild[39188:699839] [MT] IDERunDestination: Supported platforms for the buildables in the current scheme is empty.
    Signing Identity:     "Sign to Run Locally"
    
    /usr/bin/codesign --force --sign - --timestamp\=none --generate-entitlement-der /Users/tuan/Library/Developer/Xcode/DerivedData/LinguaApp-cnzhrpjntxezraexaicvemyehwby/Build/Products/Debug-iphonesimulator/LinguaApp.app

Validate /Users/tuan/Library/Developer/Xcode/DerivedData/LinguaApp-cnzhrpjntxezraexaicvemyehwby/Build/Products/Debug-iphonesimulator/LinguaApp.app (in target 'LinguaApp' from project 'LinguaApp')
    cd /Users/tuan/Learn/rust/language-app/ios/LinguaApp
    builtin-validationUtility /Users/tuan/Library/Developer/Xcode/DerivedData/LinguaApp-cnzhrpjntxezraexaicvemyehwby/Build/Products/Debug-iphonesimulator/LinguaApp.app -shallow-bundle -infoplist-subpath Info.plist

** BUILD SUCCEEDED **

✅ Build thành công! Đang cài đặt lên Simulator...
com.example.LinguaApp: 39244
🎉 Đã cập nhật app!
🚀 Phát hiện thay đổi, đang build lại...
2026-04-26 17:02:27.779 xcodebuild[39255:700673] [MT] IDERunDestination: Supported platforms for the buildables in the current scheme is empty.
    Signing Identity:     "Sign to Run Locally"
    
    /usr/bin/codesign --force --sign - --timestamp\=none --generate-entitlement-der /Users/tuan/Library/Developer/Xcode/DerivedData/LinguaApp-cnzhrpjntxezraexaicvemyehwby/Build/Products/Debug-iphonesimulator/LinguaApp.app

Validate /Users/tuan/Library/Developer/Xcode/DerivedData/LinguaApp-cnzhrpjntxezraexaicvemyehwby/Build/Products/Debug-iphonesimulator/LinguaApp.app (in target 'LinguaApp' from project 'LinguaApp')
    cd /Users/tuan/Learn/rust/language-app/ios/LinguaApp
    builtin-validationUtility /Users/tuan/Library/Developer/Xcode/DerivedData/LinguaApp-cnzhrpjntxezraexaicvemyehwby/Build/Products/Debug-iphonesimulator/LinguaApp.app -shallow-bundle -infoplist-subpath Info.plist

** BUILD SUCCEEDED **

✅ Build thành công! Đang cài đặt lên Simulator...
com.example.LinguaApp: 39309
🎉 Đã cập nhật app!
🚀 Phát hiện thay đổi, đang build lại...
2026-04-26 17:02:47.090 xcodebuild[39316:701578] [MT] IDERunDestination: Supported platforms for the buildables in the current scheme is empty.
    Signing Identity:     "Sign to Run Locally"
    
    /usr/bin/codesign --force --sign - --timestamp\=none --generate-entitlement-der /Users/tuan/Library/Developer/Xcode/DerivedData/LinguaApp-cnzhrpjntxezraexaicvemyehwby/Build/Products/Debug-iphonesimulator/LinguaApp.app

Validate /Users/tuan/Library/Developer/Xcode/DerivedData/LinguaApp-cnzhrpjntxezraexaicvemyehwby/Build/Products/Debug-iphonesimulator/LinguaApp.app (in target 'LinguaApp' from project 'LinguaApp')
    cd /Users/tuan/Learn/rust/language-app/ios/LinguaApp
    builtin-validationUtility /Users/tuan/Library/Developer/Xcode/DerivedData/LinguaApp-cnzhrpjntxezraexaicvemyehwby/Build/Products/Debug-iphonesimulator/LinguaApp.app -shallow-bundle -infoplist-subpath Info.plist

** BUILD SUCCEEDED **

✅ Build thành công! Đang cài đặt lên Simulator...
com.example.LinguaApp: 39383
🎉 Đã cập nhật app!
🚀 Phát hiện thay đổi, đang build lại...
2026-04-26 17:33:17.055 xcodebuild[41959:736705] [MT] IDERunDestination: Supported platforms for the buildables in the current scheme is empty.
    Signing Identity:     "Sign to Run Locally"
    
    /usr/bin/codesign --force --sign - --timestamp\=none --generate-entitlement-der /Users/tuan/Library/Developer/Xcode/DerivedData/LinguaApp-cnzhrpjntxezraexaicvemyehwby/Build/Products/Debug-iphonesimulator/LinguaApp.app

Validate /Users/tuan/Library/Developer/Xcode/DerivedData/LinguaApp-cnzhrpjntxezraexaicvemyehwby/Build/Products/Debug-iphonesimulator/LinguaApp.app (in target 'LinguaApp' from project 'LinguaApp')
    cd /Users/tuan/Learn/rust/language-app/ios/LinguaApp
    builtin-validationUtility /Users/tuan/Library/Developer/Xcode/DerivedData/LinguaApp-cnzhrpjntxezraexaicvemyehwby/Build/Products/Debug-iphonesimulator/LinguaApp.app -shallow-bundle -infoplist-subpath Info.plist

** BUILD SUCCEEDED **

✅ Build thành công! Đang cài đặt lên Simulator...
com.example.LinguaApp: 42051
🎉 Đã cập nhật app!
🚀 Phát hiện thay đổi, đang build lại...
2026-04-26 17:33:35.064 xcodebuild[42061:737887] [MT] IDERunDestination: Supported platforms for the buildables in the current scheme is empty.
** BUILD FAILED **


The following build commands failed:
	SwiftCompile normal arm64 /Users/tuan/Learn/rust/language-app/ios/LinguaApp/LinguaApp/Services/AuthService.swift (in target 'LinguaApp' from project 'LinguaApp')
	SwiftCompile normal arm64 Compiling\ AuthService.swift /Users/tuan/Learn/rust/language-app/ios/LinguaApp/LinguaApp/Services/AuthService.swift (in target 'LinguaApp' from project 'LinguaApp')
	Building project LinguaApp with scheme LinguaApp
(3 failures)
            ^~~~
            _

Failed frontend command:
/Applications/Xcode.app/Contents/Developer/Toolchains/XcodeDefault.xctoolchain/usr/bin/swift-frontend -frontend -c /Users/tuan/Learn/rust/language-app/ios/LinguaApp/LinguaApp/Services/APIService.swift /Users/tuan/Learn/rust/language-app/ios/LinguaApp/LinguaApp/Theme/AppTheme.swift /Users/tuan/Learn/rust/language-app/ios/LinguaApp/LinguaApp/Services/AudioService.swift -primary-file /Users/tuan/Learn/rust/language-app/ios/LinguaApp/LinguaApp/Services/AuthService.swift /Users/tuan/Learn/rust/language-app/ios/LinguaApp/LinguaApp/Views/HomeView.swift /Users/tuan/Learn/rust/language-app/ios/LinguaApp/LinguaApp/Views/LanguageHubView.swift /Users/tuan/Learn/rust/language-app/ios/LinguaApp/LinguaApp/Views/LanguagesView.swift /Users/tuan/Learn/rust/language-app/ios/LinguaApp/LinguaApp/LinguaApp.swift /Users/tuan/Learn/rust/language-app/ios/LinguaApp/LinguaApp/Services/LocalizationService.swift /Users/tuan/Learn/rust/language-app/ios/LinguaApp/LinguaApp/Views/LoginView.swift /Users/tuan/Learn/rust/language-app/ios/LinguaApp/LinguaApp/Models.swift /Users/tuan/Learn/rust/language-app/ios/LinguaApp/LinguaApp/Views/RegisterView.swift /Users/tuan/Learn/rust/language-app/ios/LinguaApp/LinguaApp/Views/SettingsView.swift /Users/tuan/Learn/rust/language-app/ios/LinguaApp/LinguaApp/Views/StoriesView.swift /Users/tuan/Learn/rust/language-app/ios/LinguaApp/LinguaApp/Views/StoryReaderView.swift /Users/tuan/Learn/rust/language-app/ios/LinguaApp/LinguaApp/Views/StoryTypingView.swift /Users/tuan/Learn/rust/language-app/ios/LinguaApp/LinguaApp/Views/VocabLessonsView.swift /Users/tuan/Learn/rust/language-app/ios/LinguaApp/LinguaApp/Views/VocabTypingView.swift /Users/tuan/Library/Developer/Xcode/DerivedData/LinguaApp-cnzhrpjntxezraexaicvemyehwby/Build/Intermediates.noindex/LinguaApp.build/Debug-iphonesimulator/LinguaApp.build/DerivedSources/GeneratedAssetSymbols.swift -emit-dependencies-path /Users/tuan/Library/Developer/Xcode/DerivedData/LinguaApp-cnzhrpjntxezraexaicvemyehwby/Build/Intermediates.noindex/LinguaApp.build/Debug-iphonesimulator/LinguaApp.build/Objects-normal/arm64/AuthService.d -emit-const-values-path /Users/tuan/Library/Developer/Xcode/DerivedData/LinguaApp-cnzhrpjntxezraexaicvemyehwby/Build/Intermediates.noindex/LinguaApp.build/Debug-iphonesimulator/LinguaApp.build/Objects-normal/arm64/AuthService.swiftconstvalues -emit-reference-dependencies-path /Users/tuan/Library/Developer/Xcode/DerivedData/LinguaApp-cnzhrpjntxezraexaicvemyehwby/Build/Intermediates.noindex/LinguaApp.build/Debug-iphonesimulator/LinguaApp.build/Objects-normal/arm64/AuthService.swiftdeps -serialize-diagnostics-path /Users/tuan/Library/Developer/Xcode/DerivedData/LinguaApp-cnzhrpjntxezraexaicvemyehwby/Build/Intermediates.noindex/LinguaApp.build/Debug-iphonesimulator/LinguaApp.build/Objects-normal/arm64/AuthService.dia -target arm64-apple-ios17.0-simulator -module-can-import-version DeveloperToolsSupport 23.40.26 23.40.26 -load-resolved-plugin /Applications/Xcode.app/Contents/Developer/Platforms/iPhoneOS.platform/Developer/usr/lib/swift/host/plugins/libFoundationMacros.dylib\#/Applications/Xcode.app/Contents/Developer/Platforms/iPhoneOS.platform/Developer/usr/bin/swift-plugin-server\#FoundationMacros -load-resolved-plugin /Applications/Xcode.app/Contents/Developer/Platforms/iPhoneOS.platform/Developer/usr/lib/swift/host/plugins/libObservationMacros.dylib\#/Applications/Xcode.app/Contents/Developer/Platforms/iPhoneOS.platform/Developer/usr/bin/swift-plugin-server\#ObservationMacros -load-resolved-plugin /Applications/Xcode.app/Contents/Developer/Platforms/iPhoneOS.platform/Developer/usr/lib/swift/host/plugins/libPreviewsMacros.dylib\#/Applications/Xcode.app/Contents/Developer/Platforms/iPhoneOS.platform/Developer/usr/bin/swift-plugin-server\#PreviewsMacros -load-resolved-plugin /Applications/Xcode.app/Contents/Developer/Platforms/iPhoneOS.platform/Developer/usr/lib/swift/host/plugins/libSwiftMacros.dylib\#/Applications/Xcode.app/Contents/Developer/Platforms/iPhoneOS.platform/Developer/usr/bin/swift-plugin-server\#SwiftMacros -load-resolved-plugin /Applications/Xcode.app/Contents/Developer/Platforms/iPhoneOS.platform/Developer/usr/lib/swift/host/plugins/libSwiftUIMacros.dylib\#/Applications/Xcode.app/Contents/Developer/Platforms/iPhoneOS.platform/Developer/usr/bin/swift-plugin-server\#SwiftUIMacros -disable-implicit-swift-modules -Xcc -fno-implicit-modules -Xcc -fno-implicit-module-maps -explicit-swift-module-map-file /Users/tuan/Library/Developer/Xcode/DerivedData/LinguaApp-cnzhrpjntxezraexaicvemyehwby/Build/Intermediates.noindex/LinguaApp.build/Debug-iphonesimulator/LinguaApp.build/Objects-normal/arm64/LinguaApp-dependencies-1.json -debug-module-path /Users/tuan/Library/Developer/Xcode/DerivedData/LinguaApp-cnzhrpjntxezraexaicvemyehwby/Build/Intermediates.noindex/LinguaApp.build/Debug-iphonesimulator/LinguaApp.build/Objects-normal/arm64/LinguaApp.swiftmodule -Xllvm -aarch64-use-tbi -enable-objc-interop -sdk /Applications/Xcode.app/Contents/Developer/Platforms/iPhoneSimulator.platform/Developer/SDKs/iPhoneSimulator26.4.sdk -I /Users/tuan/Library/Developer/Xcode/DerivedData/LinguaApp-cnzhrpjntxezraexaicvemyehwby/Build/Products/Debug-iphonesimulator -F /Users/tuan/Library/Developer/Xcode/DerivedData/LinguaApp-cnzhrpjntxezraexaicvemyehwby/Build/Products/Debug-iphonesimulator -no-color-diagnostics -Xcc -fno-color-diagnostics -enable-testing -g -debug-info-format\=dwarf -dwarf-version\=4 -module-cache-path /Users/tuan/Library/Developer/Xcode/DerivedData/LinguaApp-cnzhrpjntxezraexaicvemyehwby/Build/Intermediates.noindex/SwiftExplicitPrecompiledModules -swift-version 5 -Onone -D DEBUG -serialize-debugging-options -const-gather-protocols-file /Users/tuan/Library/Developer/Xcode/DerivedData/LinguaApp-cnzhrpjntxezraexaicvemyehwby/Build/Intermediates.noindex/LinguaApp.build/Debug-iphonesimulator/LinguaApp.build/Objects-normal/arm64/LinguaApp_const_extract_protocols.json -enable-experimental-feature DebugDescriptionMacro -enable-bare-slash-regex -empty-abi-descriptor -validate-clang-modules-once -clang-build-session-file /Users/tuan/Library/Developer/Xcode/DerivedData/ModuleCache.noindex/Session.modulevalidation -Xcc -working-directory -Xcc /Users/tuan/Learn/rust/language-app/ios/LinguaApp -enable-anonymous-context-mangled-names -file-compilation-dir /Users/tuan/Learn/rust/language-app/ios/LinguaApp -Xcc -D_LIBCPP_HARDENING_MODE\=_LIBCPP_HARDENING_MODE_DEBUG -Xcc -ivfsstatcache -Xcc /Users/tuan/Library/Developer/Xcode/DerivedData/SDKStatCaches.noindex/iphonesimulator26.4-23E252-686eebb5dc1d8ecb277353a59184f4aa.sdkstatcache -Xcc -I/Users/tuan/Library/Developer/Xcode/DerivedData/LinguaApp-cnzhrpjntxezraexaicvemyehwby/Build/Intermediates.noindex/LinguaApp.build/Debug-iphonesimulator/LinguaApp.build/swift-overrides.hmap -Xcc -iquote -Xcc /Users/tuan/Library/Developer/Xcode/DerivedData/LinguaApp-cnzhrpjntxezraexaicvemyehwby/Build/Intermediates.noindex/LinguaApp.build/Debug-iphonesimulator/LinguaApp.build/LinguaApp-generated-files.hmap -Xcc -I/Users/tuan/Library/Developer/Xcode/DerivedData/LinguaApp-cnzhrpjntxezraexaicvemyehwby/Build/Intermediates.noindex/LinguaApp.build/Debug-iphonesimulator/LinguaApp.build/LinguaApp-own-target-headers.hmap -Xcc -I/Users/tuan/Library/Developer/Xcode/DerivedData/LinguaApp-cnzhrpjntxezraexaicvemyehwby/Build/Intermediates.noindex/LinguaApp.build/Debug-iphonesimulator/LinguaApp.build/LinguaApp-all-target-headers.hmap -Xcc -iquote -Xcc /Users/tuan/Library/Developer/Xcode/DerivedData/LinguaApp-cnzhrpjntxezraexaicvemyehwby/Build/Intermediates.noindex/LinguaApp.build/Debug-iphonesimulator/LinguaApp.build/LinguaApp-project-headers.hmap -Xcc -I/Users/tuan/Library/Developer/Xcode/DerivedData/LinguaApp-cnzhrpjntxezraexaicvemyehwby/Build/Products/Debug-iphonesimulator/include -Xcc -I/Users/tuan/Library/Developer/Xcode/DerivedData/LinguaApp-cnzhrpjntxezraexaicvemyehwby/Build/Intermediates.noindex/LinguaApp.build/Debug-iphonesimulator/LinguaApp.build/DerivedSources-normal/arm64 -Xcc -I/Users/tuan/Library/Developer/Xcode/DerivedData/LinguaApp-cnzhrpjntxezraexaicvemyehwby/Build/Intermediates.noindex/LinguaApp.build/Debug-iphonesimulator/LinguaApp.build/DerivedSources/arm64 -Xcc -I/Users/tuan/Library/Developer/Xcode/DerivedData/LinguaApp-cnzhrpjntxezraexaicvemyehwby/Build/Intermediates.noindex/LinguaApp.build/Debug-iphonesimulator/LinguaApp.build/DerivedSources -Xcc -DDEBUG\=1 -no-auto-bridging-header-chaining -module-name LinguaApp -frontend-parseable-output -disable-clang-spi -clang-target arm64-apple-ios26.4-simulator -target-sdk-version 26.4 -target-sdk-name iphonesimulator26.4 -in-process-plugin-server-path /Applications/Xcode.app/Contents/Developer/Toolchains/XcodeDefault.xctoolchain/usr/lib/swift/host/libSwiftInProcPluginServer.dylib -o /Users/tuan/Library/Developer/Xcode/DerivedData/LinguaApp-cnzhrpjntxezraexaicvemyehwby/Build/Intermediates.noindex/LinguaApp.build/Debug-iphonesimulator/LinguaApp.build/Objects-normal/arm64/AuthService.o -index-unit-output-path /LinguaApp.build/Debug-iphonesimulator/LinguaApp.build/Objects-normal/arm64/AuthService.o -index-store-path /Users/tuan/Library/Developer/Xcode/DerivedData/LinguaApp-cnzhrpjntxezraexaicvemyehwby/Index.noindex/DataStore -index-system-modules
SwiftEmitModule normal arm64 Emitting\ module\ for\ LinguaApp (in target 'LinguaApp' from project 'LinguaApp')
EmitSwiftModule normal arm64 (in target 'LinguaApp' from project 'LinguaApp')
    cd /Users/tuan/Learn/rust/language-app/ios/LinguaApp
    

✅ Build thành công! Đang cài đặt lên Simulator...
com.example.LinguaApp: 42108
🎉 Đã cập nhật app!
🚀 Phát hiện thay đổi, đang build lại...
2026-04-26 17:33:46.926 xcodebuild[42114:738511] [MT] IDERunDestination: Supported platforms for the buildables in the current scheme is empty.
** BUILD FAILED **


The following build commands failed:
	SwiftCompile normal arm64 Compiling\ AuthService.swift /Users/tuan/Learn/rust/language-app/ios/LinguaApp/LinguaApp/Services/AuthService.swift (in target 'LinguaApp' from project 'LinguaApp')
	SwiftCompile normal arm64 /Users/tuan/Learn/rust/language-app/ios/LinguaApp/LinguaApp/Services/AuthService.swift (in target 'LinguaApp' from project 'LinguaApp')
	Building project LinguaApp with scheme LinguaApp
(3 failures)
    private func handleSuccessfulSignIn(response: AuthResponse) {
                                                  ^~~~~~~~~~~~
/Users/tuan/Learn/rust/language-app/ios/LinguaApp/LinguaApp/Services/AuthService.swift:34:23: error: cannot find type 'AuthResponse' in scope
        let response: AuthResponse = try await APIService.shared.post("/rpc/login", body: body)
                      ^~~~~~~~~~~~
/Users/tuan/Learn/rust/language-app/ios/LinguaApp/LinguaApp/Services/AuthService.swift:43:13: warning: immutable value 'user' was never used; consider replacing with '_' or removing it
        let user: User = try await APIService.shared.post("/rpc/signup", body: body)
            ^~~~
            _

✅ Build thành công! Đang cài đặt lên Simulator...
com.example.LinguaApp: 42164
🎉 Đã cập nhật app!
🚀 Phát hiện thay đổi, đang build lại...
2026-04-26 18:55:18.402 xcodebuild[49286:816980] [MT] IDERunDestination: Supported platforms for the buildables in the current scheme is empty.
** BUILD FAILED **


The following build commands failed:
	SwiftCompile normal arm64 /Users/tuan/Learn/rust/language-app/ios/LinguaApp/LinguaApp/Services/AuthService.swift (in target 'LinguaApp' from project 'LinguaApp')
	SwiftCompile normal arm64 Compiling\ AuthService.swift /Users/tuan/Learn/rust/language-app/ios/LinguaApp/LinguaApp/Services/AuthService.swift (in target 'LinguaApp' from project 'LinguaApp')
	SwiftCompile normal arm64 Compiling\ APIService.swift /Users/tuan/Learn/rust/language-app/ios/LinguaApp/LinguaApp/Services/APIService.swift (in target 'LinguaApp' from project 'LinguaApp')
	SwiftCompile normal arm64 /Users/tuan/Learn/rust/language-app/ios/LinguaApp/LinguaApp/Services/APIService.swift (in target 'LinguaApp' from project 'LinguaApp')
	Building project LinguaApp with scheme LinguaApp
(5 failures)
SwiftCompile normal arm64 /Users/tuan/Learn/rust/language-app/ios/LinguaApp/LinguaApp/Services/APIService.swift (in target 'LinguaApp' from project 'LinguaApp')
    cd /Users/tuan/Learn/rust/language-app/ios/LinguaApp
    
/Users/tuan/Learn/rust/language-app/ios/LinguaApp/LinguaApp/Services/APIService.swift:86:37: error: cannot find 'baseURL' in scope
        guard let url = URL(string: baseURL + path) else {
                                    ^~~~~~~
/Users/tuan/Learn/rust/language-app/ios/LinguaApp/LinguaApp/Services/APIService.swift:109:37: error: cannot find 'baseURL' in scope
        guard let url = URL(string: baseURL + path) else {
                                    ^~~~~~~

✅ Build thành công! Đang cài đặt lên Simulator...
com.example.LinguaApp: 49690
🎉 Đã cập nhật app!
🚀 Phát hiện thay đổi, đang build lại...
2026-04-26 18:55:36.292 xcodebuild[49697:818328] [MT] IDERunDestination: Supported platforms for the buildables in the current scheme is empty.
** BUILD FAILED **


The following build commands failed:
	SwiftCompile normal arm64 Compiling\ AuthService.swift /Users/tuan/Learn/rust/language-app/ios/LinguaApp/LinguaApp/Services/AuthService.swift (in target 'LinguaApp' from project 'LinguaApp')
	SwiftCompile normal arm64 /Users/tuan/Learn/rust/language-app/ios/LinguaApp/LinguaApp/Services/AuthService.swift (in target 'LinguaApp' from project 'LinguaApp')
	Building project LinguaApp with scheme LinguaApp
(3 failures)
    private func handleSuccessfulSignIn(response: AuthResponse) {
                                                  ^~~~~~~~~~~~
/Users/tuan/Learn/rust/language-app/ios/LinguaApp/LinguaApp/Services/AuthService.swift:34:23: error: cannot find type 'AuthResponse' in scope
        let response: AuthResponse = try await APIService.shared.post("/rpc/login", body: body)
                      ^~~~~~~~~~~~
/Users/tuan/Learn/rust/language-app/ios/LinguaApp/LinguaApp/Services/AuthService.swift:43:13: warning: immutable value 'user' was never used; consider replacing with '_' or removing it
        let user: User = try await APIService.shared.post("/rpc/signup", body: body)
            ^~~~
            _

✅ Build thành công! Đang cài đặt lên Simulator...
com.example.LinguaApp: 49726
🎉 Đã cập nhật app!
🚀 Phát hiện thay đổi, đang build lại...
2026-04-26 18:56:18.417 xcodebuild[49749:819585] [MT] IDERunDestination: Supported platforms for the buildables in the current scheme is empty.
** BUILD FAILED **


The following build commands failed:
	SwiftCompile normal arm64 /Users/tuan/Learn/rust/language-app/ios/LinguaApp/LinguaApp/Services/AuthService.swift (in target 'LinguaApp' from project 'LinguaApp')
	SwiftCompile normal arm64 Compiling\ AuthService.swift /Users/tuan/Learn/rust/language-app/ios/LinguaApp/LinguaApp/Services/AuthService.swift (in target 'LinguaApp' from project 'LinguaApp')
	Building project LinguaApp with scheme LinguaApp
(3 failures)
EmitSwiftModule normal arm64 (in target 'LinguaApp' from project 'LinguaApp')
    cd /Users/tuan/Learn/rust/language-app/ios/LinguaApp
    

SwiftCompile normal arm64 Compiling\ APIService.swift /Users/tuan/Learn/rust/language-app/ios/LinguaApp/LinguaApp/Services/APIService.swift (in target 'LinguaApp' from project 'LinguaApp')

SwiftCompile normal arm64 /Users/tuan/Learn/rust/language-app/ios/LinguaApp/LinguaApp/Services/APIService.swift (in target 'LinguaApp' from project 'LinguaApp')
    cd /Users/tuan/Learn/rust/language-app/ios/LinguaApp
    

✅ Build thành công! Đang cài đặt lên Simulator...
com.example.LinguaApp: 49795
🎉 Đã cập nhật app!
🚀 Phát hiện thay đổi, đang build lại...
2026-04-26 19:01:42.633 xcodebuild[50935:826304] [MT] IDERunDestination: Supported platforms for the buildables in the current scheme is empty.
** BUILD FAILED **


The following build commands failed:
	SwiftCompile normal arm64 Compiling\ AuthService.swift /Users/tuan/Learn/rust/language-app/ios/LinguaApp/LinguaApp/Services/AuthService.swift (in target 'LinguaApp' from project 'LinguaApp')
	SwiftCompile normal arm64 /Users/tuan/Learn/rust/language-app/ios/LinguaApp/LinguaApp/Services/AuthService.swift (in target 'LinguaApp' from project 'LinguaApp')
	Building project LinguaApp with scheme LinguaApp
(3 failures)
    private func handleSuccessfulSignIn(response: AuthResponse) {
                                                  ^~~~~~~~~~~~
/Users/tuan/Learn/rust/language-app/ios/LinguaApp/LinguaApp/Services/AuthService.swift:34:23: error: cannot find type 'AuthResponse' in scope
        let response: AuthResponse = try await APIService.shared.post("/rpc/login", body: body)
                      ^~~~~~~~~~~~
/Users/tuan/Learn/rust/language-app/ios/LinguaApp/LinguaApp/Services/AuthService.swift:43:13: warning: immutable value 'user' was never used; consider replacing with '_' or removing it
        let user: User = try await APIService.shared.post("/rpc/signup", body: body)
            ^~~~
            _

✅ Build thành công! Đang cài đặt lên Simulator...
com.example.LinguaApp: 50977
🎉 Đã cập nhật app!
🚀 Phát hiện thay đổi, đang build lại...
2026-04-26 19:04:14.059 xcodebuild[51076:829527] [MT] IDERunDestination: Supported platforms for the buildables in the current scheme is empty.
** BUILD FAILED **


The following build commands failed:
	SwiftCompile normal arm64 Compiling\ APIService.swift /Users/tuan/Learn/rust/language-app/ios/LinguaApp/LinguaApp/Services/APIService.swift (in target 'LinguaApp' from project 'LinguaApp')
	SwiftCompile normal arm64 /Users/tuan/Learn/rust/language-app/ios/LinguaApp/LinguaApp/Services/APIService.swift (in target 'LinguaApp' from project 'LinguaApp')
	SwiftCompile normal arm64 Compiling\ AuthService.swift /Users/tuan/Learn/rust/language-app/ios/LinguaApp/LinguaApp/Services/AuthService.swift (in target 'LinguaApp' from project 'LinguaApp')
	SwiftCompile normal arm64 /Users/tuan/Learn/rust/language-app/ios/LinguaApp/LinguaApp/Services/AuthService.swift (in target 'LinguaApp' from project 'LinguaApp')
	Building project LinguaApp with scheme LinguaApp
(5 failures)
    private func handleSuccessfulSignIn(response: AuthResponse) {
                                                  ^~~~~~~~~~~~
/Users/tuan/Learn/rust/language-app/ios/LinguaApp/LinguaApp/Services/AuthService.swift:34:23: error: cannot find type 'AuthResponse' in scope
        let response: AuthResponse = try await APIService.shared.post("/rpc/login", body: body)
                      ^~~~~~~~~~~~
/Users/tuan/Learn/rust/language-app/ios/LinguaApp/LinguaApp/Services/AuthService.swift:43:13: warning: immutable value 'user' was never used; consider replacing with '_' or removing it
        let user: User = try await APIService.shared.post("/rpc/signup", body: body)
            ^~~~
            _

✅ Build thành công! Đang cài đặt lên Simulator...
com.example.LinguaApp: 51123
🎉 Đã cập nhật app!
🚀 Phát hiện thay đổi, đang build lại...
2026-04-26 19:04:25.532 xcodebuild[51124:830081] [MT] IDERunDestination: Supported platforms for the buildables in the current scheme is empty.
** BUILD FAILED **


The following build commands failed:
	SwiftCompile normal arm64 /Users/tuan/Learn/rust/language-app/ios/LinguaApp/LinguaApp/Services/AuthService.swift (in target 'LinguaApp' from project 'LinguaApp')
	SwiftCompile normal arm64 Compiling\ AuthService.swift /Users/tuan/Learn/rust/language-app/ios/LinguaApp/LinguaApp/Services/AuthService.swift (in target 'LinguaApp' from project 'LinguaApp')
	Building project LinguaApp with scheme LinguaApp
(3 failures)
SwiftEmitModule normal arm64 Emitting\ module\ for\ LinguaApp (in target 'LinguaApp' from project 'LinguaApp')
EmitSwiftModule normal arm64 (in target 'LinguaApp' from project 'LinguaApp')
    cd /Users/tuan/Learn/rust/language-app/ios/LinguaApp
    

SwiftCompile normal arm64 Compiling\ APIService.swift /Users/tuan/Learn/rust/language-app/ios/LinguaApp/LinguaApp/Services/APIService.swift (in target 'LinguaApp' from project 'LinguaApp')
SwiftCompile normal arm64 /Users/tuan/Learn/rust/language-app/ios/LinguaApp/LinguaApp/Services/APIService.swift (in target 'LinguaApp' from project 'LinguaApp')
    cd /Users/tuan/Learn/rust/language-app/ios/LinguaApp
    

✅ Build thành công! Đang cài đặt lên Simulator...
com.example.LinguaApp: 51169
🎉 Đã cập nhật app!
🚀 Phát hiện thay đổi, đang build lại...
2026-04-26 19:04:34.509 xcodebuild[51170:830572] [MT] IDERunDestination: Supported platforms for the buildables in the current scheme is empty.
** BUILD FAILED **


The following build commands failed:
	SwiftCompile normal arm64 Compiling\ AuthService.swift /Users/tuan/Learn/rust/language-app/ios/LinguaApp/LinguaApp/Services/AuthService.swift (in target 'LinguaApp' from project 'LinguaApp')
	SwiftCompile normal arm64 /Users/tuan/Learn/rust/language-app/ios/LinguaApp/LinguaApp/Services/AuthService.swift (in target 'LinguaApp' from project 'LinguaApp')
	Building project LinguaApp with scheme LinguaApp
(3 failures)
                                                  ^~~~~~~~~~~~
/Users/tuan/Learn/rust/language-app/ios/LinguaApp/LinguaApp/Services/AuthService.swift:35:23: error: cannot find type 'AuthResponse' in scope
        let response: AuthResponse = try await APIService.shared.post("/rpc/login", body: body)
                      ^~~~~~~~~~~~

SwiftCompile normal arm64 Compiling\ APIService.swift /Users/tuan/Learn/rust/language-app/ios/LinguaApp/LinguaApp/Services/APIService.swift (in target 'LinguaApp' from project 'LinguaApp')
SwiftCompile normal arm64 /Users/tuan/Learn/rust/language-app/ios/LinguaApp/LinguaApp/Services/APIService.swift (in target 'LinguaApp' from project 'LinguaApp')
    cd /Users/tuan/Learn/rust/language-app/ios/LinguaApp
    

✅ Build thành công! Đang cài đặt lên Simulator...
com.example.LinguaApp: 51214
🎉 Đã cập nhật app!
🚀 Phát hiện thay đổi, đang build lại...
2026-04-26 19:05:25.905 xcodebuild[51524:832107] [MT] IDERunDestination: Supported platforms for the buildables in the current scheme is empty.
** BUILD FAILED **


The following build commands failed:
	SwiftCompile normal arm64 /Users/tuan/Learn/rust/language-app/ios/LinguaApp/LinguaApp/Services/AuthService.swift (in target 'LinguaApp' from project 'LinguaApp')
	SwiftCompile normal arm64 Compiling\ AuthService.swift /Users/tuan/Learn/rust/language-app/ios/LinguaApp/LinguaApp/Services/AuthService.swift (in target 'LinguaApp' from project 'LinguaApp')
	Building project LinguaApp with scheme LinguaApp
(3 failures)
EmitSwiftModule normal arm64 (in target 'LinguaApp' from project 'LinguaApp')
    cd /Users/tuan/Learn/rust/language-app/ios/LinguaApp
    

SwiftCompile normal arm64 Compiling\ APIService.swift /Users/tuan/Learn/rust/language-app/ios/LinguaApp/LinguaApp/Services/APIService.swift (in target 'LinguaApp' from project 'LinguaApp')

SwiftCompile normal arm64 /Users/tuan/Learn/rust/language-app/ios/LinguaApp/LinguaApp/Services/APIService.swift (in target 'LinguaApp' from project 'LinguaApp')
    cd /Users/tuan/Learn/rust/language-app/ios/LinguaApp
    

✅ Build thành công! Đang cài đặt lên Simulator...
com.example.LinguaApp: 51572
🎉 Đã cập nhật app!
🚀 Phát hiện thay đổi, đang build lại...
2026-04-26 19:06:20.863 xcodebuild[51665:834311] [MT] IDERunDestination: Supported platforms for the buildables in the current scheme is empty.
** BUILD FAILED **


The following build commands failed:
	SwiftCompile normal arm64 /Users/tuan/Learn/rust/language-app/ios/LinguaApp/LinguaApp/Services/AuthService.swift (in target 'LinguaApp' from project 'LinguaApp')
	SwiftCompile normal arm64 Compiling\ AuthService.swift /Users/tuan/Learn/rust/language-app/ios/LinguaApp/LinguaApp/Services/AuthService.swift (in target 'LinguaApp' from project 'LinguaApp')
	Building project LinguaApp with scheme LinguaApp
(3 failures)
SwiftCompile normal arm64 Compiling\ APIService.swift /Users/tuan/Learn/rust/language-app/ios/LinguaApp/LinguaApp/Services/APIService.swift (in target 'LinguaApp' from project 'LinguaApp')
SwiftCompile normal arm64 /Users/tuan/Learn/rust/language-app/ios/LinguaApp/LinguaApp/Services/APIService.swift (in target 'LinguaApp' from project 'LinguaApp')
    cd /Users/tuan/Learn/rust/language-app/ios/LinguaApp
    

SwiftEmitModule normal arm64 Emitting\ module\ for\ LinguaApp (in target 'LinguaApp' from project 'LinguaApp')
EmitSwiftModule normal arm64 (in target 'LinguaApp' from project 'LinguaApp')
    cd /Users/tuan/Learn/rust/language-app/ios/LinguaApp
    

✅ Build thành công! Đang cài đặt lên Simulator...
com.example.LinguaApp: 51745
🎉 Đã cập nhật app!
🚀 Phát hiện thay đổi, đang build lại...
2026-04-26 19:07:49.412 xcodebuild[51835:837186] [MT] IDERunDestination: Supported platforms for the buildables in the current scheme is empty.
** BUILD FAILED **


The following build commands failed:
	SwiftCompile normal arm64 /Users/tuan/Learn/rust/language-app/ios/LinguaApp/LinguaApp/Services/AuthService.swift (in target 'LinguaApp' from project 'LinguaApp')
	SwiftCompile normal arm64 Compiling\ AuthService.swift /Users/tuan/Learn/rust/language-app/ios/LinguaApp/LinguaApp/Services/AuthService.swift (in target 'LinguaApp' from project 'LinguaApp')
	Building project LinguaApp with scheme LinguaApp
(3 failures)
EmitSwiftModule normal arm64 (in target 'LinguaApp' from project 'LinguaApp')
    cd /Users/tuan/Learn/rust/language-app/ios/LinguaApp
    

SwiftCompile normal arm64 Compiling\ APIService.swift /Users/tuan/Learn/rust/language-app/ios/LinguaApp/LinguaApp/Services/APIService.swift (in target 'LinguaApp' from project 'LinguaApp')

SwiftCompile normal arm64 /Users/tuan/Learn/rust/language-app/ios/LinguaApp/LinguaApp/Services/APIService.swift (in target 'LinguaApp' from project 'LinguaApp')
    cd /Users/tuan/Learn/rust/language-app/ios/LinguaApp
    

✅ Build thành công! Đang cài đặt lên Simulator...
com.example.LinguaApp: 51882
🎉 Đã cập nhật app!
🚀 Phát hiện thay đổi, đang build lại...
2026-04-26 19:07:56.002 xcodebuild[51883:837691] [MT] IDERunDestination: Supported platforms for the buildables in the current scheme is empty.
** BUILD FAILED **


The following build commands failed:
	SwiftCompile normal arm64 Compiling\ AuthService.swift /Users/tuan/Learn/rust/language-app/ios/LinguaApp/LinguaApp/Services/AuthService.swift (in target 'LinguaApp' from project 'LinguaApp')
	SwiftCompile normal arm64 /Users/tuan/Learn/rust/language-app/ios/LinguaApp/LinguaApp/Services/AuthService.swift (in target 'LinguaApp' from project 'LinguaApp')
	Building project LinguaApp with scheme LinguaApp
(3 failures)
/Users/tuan/Learn/rust/language-app/ios/LinguaApp/LinguaApp/Services/AuthService.swift:43:13: warning: immutable value 'user' was never used; consider replacing with '_' or removing it
        let user: User = try await APIService.shared.post("/rpc/signup", body: body)
            ^~~~
            _

SwiftCompile normal arm64 Compiling\ APIService.swift /Users/tuan/Learn/rust/language-app/ios/LinguaApp/LinguaApp/Services/APIService.swift (in target 'LinguaApp' from project 'LinguaApp')
SwiftCompile normal arm64 /Users/tuan/Learn/rust/language-app/ios/LinguaApp/LinguaApp/Services/APIService.swift (in target 'LinguaApp' from project 'LinguaApp')
    cd /Users/tuan/Learn/rust/language-app/ios/LinguaApp
    

✅ Build thành công! Đang cài đặt lên Simulator...
com.example.LinguaApp: 51912
🎉 Đã cập nhật app!
🚀 Phát hiện thay đổi, đang build lại...
2026-04-26 19:08:38.757 xcodebuild[51970:838750] [MT] IDERunDestination: Supported platforms for the buildables in the current scheme is empty.
** BUILD FAILED **


The following build commands failed:
	SwiftCompile normal arm64 Compiling\ AuthService.swift /Users/tuan/Learn/rust/language-app/ios/LinguaApp/LinguaApp/Services/AuthService.swift (in target 'LinguaApp' from project 'LinguaApp')
	SwiftCompile normal arm64 /Users/tuan/Learn/rust/language-app/ios/LinguaApp/LinguaApp/Services/AuthService.swift (in target 'LinguaApp' from project 'LinguaApp')
	Building project LinguaApp with scheme LinguaApp
(3 failures)
    private func handleSuccessfulSignIn(response: AuthResponse) {
                                                  ^~~~~~~~~~~~
/Users/tuan/Learn/rust/language-app/ios/LinguaApp/LinguaApp/Services/AuthService.swift:34:23: error: cannot find type 'AuthResponse' in scope
        let response: AuthResponse = try await APIService.shared.post("/rpc/login", body: body)
                      ^~~~~~~~~~~~
/Users/tuan/Learn/rust/language-app/ios/LinguaApp/LinguaApp/Services/AuthService.swift:43:13: warning: immutable value 'user' was never used; consider replacing with '_' or removing it
        let user: User = try await APIService.shared.post("/rpc/signup", body: body)
            ^~~~
            _

✅ Build thành công! Đang cài đặt lên Simulator...
com.example.LinguaApp: 52069
🎉 Đã cập nhật app!
🚀 Phát hiện thay đổi, đang build lại...
2026-04-26 19:08:46.917 xcodebuild[52070:839631] [MT] IDERunDestination: Supported platforms for the buildables in the current scheme is empty.
** BUILD FAILED **


The following build commands failed:
	SwiftCompile normal arm64 /Users/tuan/Learn/rust/language-app/ios/LinguaApp/LinguaApp/Services/AuthService.swift (in target 'LinguaApp' from project 'LinguaApp')
	SwiftCompile normal arm64 Compiling\ AuthService.swift /Users/tuan/Learn/rust/language-app/ios/LinguaApp/LinguaApp/Services/AuthService.swift (in target 'LinguaApp' from project 'LinguaApp')
	Building project LinguaApp with scheme LinguaApp
(3 failures)
SwiftEmitModule normal arm64 Emitting\ module\ for\ LinguaApp (in target 'LinguaApp' from project 'LinguaApp')
EmitSwiftModule normal arm64 (in target 'LinguaApp' from project 'LinguaApp')
    cd /Users/tuan/Learn/rust/language-app/ios/LinguaApp
    

SwiftCompile normal arm64 Compiling\ APIService.swift /Users/tuan/Learn/rust/language-app/ios/LinguaApp/LinguaApp/Services/APIService.swift (in target 'LinguaApp' from project 'LinguaApp')
SwiftCompile normal arm64 /Users/tuan/Learn/rust/language-app/ios/LinguaApp/LinguaApp/Services/APIService.swift (in target 'LinguaApp' from project 'LinguaApp')
    cd /Users/tuan/Learn/rust/language-app/ios/LinguaApp
    

✅ Build thành công! Đang cài đặt lên Simulator...
com.example.LinguaApp: 52100
🎉 Đã cập nhật app!
🚀 Phát hiện thay đổi, đang build lại...
2026-04-26 19:08:54.371 xcodebuild[52101:839991] [MT] IDERunDestination: Supported platforms for the buildables in the current scheme is empty.
** BUILD FAILED **


The following build commands failed:
	SwiftCompile normal arm64 Compiling\ AuthService.swift /Users/tuan/Learn/rust/language-app/ios/LinguaApp/LinguaApp/Services/AuthService.swift (in target 'LinguaApp' from project 'LinguaApp')
	SwiftCompile normal arm64 /Users/tuan/Learn/rust/language-app/ios/LinguaApp/LinguaApp/Services/AuthService.swift (in target 'LinguaApp' from project 'LinguaApp')
	Building project LinguaApp with scheme LinguaApp
(3 failures)
    private func handleSuccessfulSignIn(response: AuthResponse) {
                                                  ^~~~~~~~~~~~
/Users/tuan/Learn/rust/language-app/ios/LinguaApp/LinguaApp/Services/AuthService.swift:34:23: error: cannot find type 'AuthResponse' in scope
        let response: AuthResponse = try await APIService.shared.post("/rpc/login", body: body)
                      ^~~~~~~~~~~~
/Users/tuan/Learn/rust/language-app/ios/LinguaApp/LinguaApp/Services/AuthService.swift:43:13: warning: immutable value 'user' was never used; consider replacing with '_' or removing it
        let user: User = try await APIService.shared.post("/rpc/signup", body: body)
            ^~~~
            _

✅ Build thành công! Đang cài đặt lên Simulator...
com.example.LinguaApp: 52133
🎉 Đã cập nhật app!
🚀 Phát hiện thay đổi, đang build lại...
2026-04-26 19:10:12.862 xcodebuild[52257:841875] [MT] IDERunDestination: Supported platforms for the buildables in the current scheme is empty.
** BUILD FAILED **


The following build commands failed:
	SwiftCompile normal arm64 Compiling\ AuthService.swift /Users/tuan/Learn/rust/language-app/ios/LinguaApp/LinguaApp/Services/AuthService.swift (in target 'LinguaApp' from project 'LinguaApp')
	SwiftCompile normal arm64 /Users/tuan/Learn/rust/language-app/ios/LinguaApp/LinguaApp/Services/AuthService.swift (in target 'LinguaApp' from project 'LinguaApp')
	Building project LinguaApp with scheme LinguaApp
(3 failures)
SwiftCompile normal arm64 /Users/tuan/Learn/rust/language-app/ios/LinguaApp/LinguaApp/Models.swift (in target 'LinguaApp' from project 'LinguaApp')
    cd /Users/tuan/Learn/rust/language-app/ios/LinguaApp
    

SwiftCompile normal arm64 Compiling\ APIService.swift /Users/tuan/Learn/rust/language-app/ios/LinguaApp/LinguaApp/Services/APIService.swift (in target 'LinguaApp' from project 'LinguaApp')

SwiftCompile normal arm64 /Users/tuan/Learn/rust/language-app/ios/LinguaApp/LinguaApp/Services/APIService.swift (in target 'LinguaApp' from project 'LinguaApp')
    cd /Users/tuan/Learn/rust/language-app/ios/LinguaApp
    

✅ Build thành công! Đang cài đặt lên Simulator...
com.example.LinguaApp: 52355
🎉 Đã cập nhật app!
🚀 Phát hiện thay đổi, đang build lại...
2026-04-26 19:11:13.333 xcodebuild[52450:843966] [MT] IDERunDestination: Supported platforms for the buildables in the current scheme is empty.
** BUILD FAILED **


The following build commands failed:
	SwiftCompile normal arm64 Compiling\ AuthService.swift /Users/tuan/Learn/rust/language-app/ios/LinguaApp/LinguaApp/Services/AuthService.swift (in target 'LinguaApp' from project 'LinguaApp')
	SwiftCompile normal arm64 /Users/tuan/Learn/rust/language-app/ios/LinguaApp/LinguaApp/Services/AuthService.swift (in target 'LinguaApp' from project 'LinguaApp')
	Building project LinguaApp with scheme LinguaApp
(3 failures)
/Users/tuan/Learn/rust/language-app/ios/LinguaApp/LinguaApp/Services/AuthService.swift:43:13: warning: immutable value 'user' was never used; consider replacing with '_' or removing it
        let user: User = try await APIService.shared.post("/rpc/signup", body: body)
            ^~~~
            _

SwiftCompile normal arm64 Compiling\ APIService.swift /Users/tuan/Learn/rust/language-app/ios/LinguaApp/LinguaApp/Services/APIService.swift (in target 'LinguaApp' from project 'LinguaApp')
SwiftCompile normal arm64 /Users/tuan/Learn/rust/language-app/ios/LinguaApp/LinguaApp/Services/APIService.swift (in target 'LinguaApp' from project 'LinguaApp')
    cd /Users/tuan/Learn/rust/language-app/ios/LinguaApp
    

✅ Build thành công! Đang cài đặt lên Simulator...
com.example.LinguaApp: 52497
🎉 Đã cập nhật app!
🚀 Phát hiện thay đổi, đang build lại...
2026-04-26 19:11:21.219 xcodebuild[52498:844489] [MT] IDERunDestination: Supported platforms for the buildables in the current scheme is empty.
** BUILD FAILED **


The following build commands failed:
	SwiftCompile normal arm64 Compiling\ AuthService.swift /Users/tuan/Learn/rust/language-app/ios/LinguaApp/LinguaApp/Services/AuthService.swift (in target 'LinguaApp' from project 'LinguaApp')
	SwiftCompile normal arm64 /Users/tuan/Learn/rust/language-app/ios/LinguaApp/LinguaApp/Services/AuthService.swift (in target 'LinguaApp' from project 'LinguaApp')
	Building project LinguaApp with scheme LinguaApp
(3 failures)
    private func handleSuccessfulSignIn(response: AuthResponse) {
                                                  ^~~~~~~~~~~~
/Users/tuan/Learn/rust/language-app/ios/LinguaApp/LinguaApp/Services/AuthService.swift:34:23: error: cannot find type 'AuthResponse' in scope
        let response: AuthResponse = try await APIService.shared.post("/rpc/login", body: body)
                      ^~~~~~~~~~~~
/Users/tuan/Learn/rust/language-app/ios/LinguaApp/LinguaApp/Services/AuthService.swift:43:13: warning: immutable value 'user' was never used; consider replacing with '_' or removing it
        let user: User = try await APIService.shared.post("/rpc/signup", body: body)
            ^~~~
            _

✅ Build thành công! Đang cài đặt lên Simulator...
com.example.LinguaApp: 52545
🎉 Đã cập nhật app!
🚀 Phát hiện thay đổi, đang build lại...
2026-04-26 19:11:53.707 xcodebuild[52587:845672] [MT] IDERunDestination: Supported platforms for the buildables in the current scheme is empty.
** BUILD FAILED **


The following build commands failed:
	SwiftCompile normal arm64 Compiling\ AuthService.swift /Users/tuan/Learn/rust/language-app/ios/LinguaApp/LinguaApp/Services/AuthService.swift (in target 'LinguaApp' from project 'LinguaApp')
	SwiftCompile normal arm64 /Users/tuan/Learn/rust/language-app/ios/LinguaApp/LinguaApp/Services/AuthService.swift (in target 'LinguaApp' from project 'LinguaApp')
	Building project LinguaApp with scheme LinguaApp
(3 failures)
    private func handleSuccessfulSignIn(response: AuthResponse) {
                                                  ^~~~~~~~~~~~
/Users/tuan/Learn/rust/language-app/ios/LinguaApp/LinguaApp/Services/AuthService.swift:34:23: error: cannot find type 'AuthResponse' in scope
        let response: AuthResponse = try await APIService.shared.post("/rpc/login", body: body)
                      ^~~~~~~~~~~~
/Users/tuan/Learn/rust/language-app/ios/LinguaApp/LinguaApp/Services/AuthService.swift:43:13: warning: immutable value 'user' was never used; consider replacing with '_' or removing it
        let user: User = try await APIService.shared.post("/rpc/signup", body: body)
            ^~~~
            _

✅ Build thành công! Đang cài đặt lên Simulator...
com.example.LinguaApp: 52636
🎉 Đã cập nhật app!
🚀 Phát hiện thay đổi, đang build lại...
2026-04-26 19:12:03.508 xcodebuild[52641:846271] [MT] IDERunDestination: Supported platforms for the buildables in the current scheme is empty.
** BUILD FAILED **


The following build commands failed:
	SwiftCompile normal arm64 Compiling\ AuthService.swift /Users/tuan/Learn/rust/language-app/ios/LinguaApp/LinguaApp/Services/AuthService.swift (in target 'LinguaApp' from project 'LinguaApp')
	SwiftCompile normal arm64 /Users/tuan/Learn/rust/language-app/ios/LinguaApp/LinguaApp/Services/AuthService.swift (in target 'LinguaApp' from project 'LinguaApp')
	Building project LinguaApp with scheme LinguaApp
(3 failures)
    private func handleSuccessfulSignIn(response: AuthResponse) {
                                                  ^~~~~~~~~~~~
/Users/tuan/Learn/rust/language-app/ios/LinguaApp/LinguaApp/Services/AuthService.swift:34:23: error: cannot find type 'AuthResponse' in scope
        let response: AuthResponse = try await APIService.shared.post("/rpc/login", body: body)
                      ^~~~~~~~~~~~
/Users/tuan/Learn/rust/language-app/ios/LinguaApp/LinguaApp/Services/AuthService.swift:43:13: warning: immutable value 'user' was never used; consider replacing with '_' or removing it
        let user: User = try await APIService.shared.post("/rpc/signup", body: body)
            ^~~~
            _

✅ Build thành công! Đang cài đặt lên Simulator...
com.example.LinguaApp: 52673
🎉 Đã cập nhật app!
🚀 Phát hiện thay đổi, đang build lại...
2026-04-26 19:12:42.978 xcodebuild[52747:847463] [MT] IDERunDestination: Supported platforms for the buildables in the current scheme is empty.
** BUILD FAILED **


The following build commands failed:
	SwiftCompile normal arm64 Compiling\ AuthService.swift /Users/tuan/Learn/rust/language-app/ios/LinguaApp/LinguaApp/Services/AuthService.swift (in target 'LinguaApp' from project 'LinguaApp')
	SwiftCompile normal arm64 /Users/tuan/Learn/rust/language-app/ios/LinguaApp/LinguaApp/Services/AuthService.swift (in target 'LinguaApp' from project 'LinguaApp')
	Building project LinguaApp with scheme LinguaApp
(3 failures)
/Users/tuan/Learn/rust/language-app/ios/LinguaApp/LinguaApp/Services/AuthService.swift:43:13: warning: immutable value 'user' was never used; consider replacing with '_' or removing it
        let user: User = try await APIService.shared.post("/rpc/signup", body: body)
            ^~~~
            _

SwiftCompile normal arm64 Compiling\ APIService.swift /Users/tuan/Learn/rust/language-app/ios/LinguaApp/LinguaApp/Services/APIService.swift (in target 'LinguaApp' from project 'LinguaApp')
SwiftCompile normal arm64 /Users/tuan/Learn/rust/language-app/ios/LinguaApp/LinguaApp/Services/APIService.swift (in target 'LinguaApp' from project 'LinguaApp')
    cd /Users/tuan/Learn/rust/language-app/ios/LinguaApp
    

✅ Build thành công! Đang cài đặt lên Simulator...
com.example.LinguaApp: 52787
🎉 Đã cập nhật app!
🚀 Phát hiện thay đổi, đang build lại...
2026-04-26 19:12:53.989 xcodebuild[52792:848047] [MT] IDERunDestination: Supported platforms for the buildables in the current scheme is empty.
** BUILD FAILED **


The following build commands failed:
	SwiftCompile normal arm64 /Users/tuan/Learn/rust/language-app/ios/LinguaApp/LinguaApp/Services/AuthService.swift (in target 'LinguaApp' from project 'LinguaApp')
	SwiftCompile normal arm64 Compiling\ AuthService.swift /Users/tuan/Learn/rust/language-app/ios/LinguaApp/LinguaApp/Services/AuthService.swift (in target 'LinguaApp' from project 'LinguaApp')
	Building project LinguaApp with scheme LinguaApp
(3 failures)
EmitSwiftModule normal arm64 (in target 'LinguaApp' from project 'LinguaApp')
    cd /Users/tuan/Learn/rust/language-app/ios/LinguaApp
    

SwiftCompile normal arm64 Compiling\ APIService.swift /Users/tuan/Learn/rust/language-app/ios/LinguaApp/LinguaApp/Services/APIService.swift (in target 'LinguaApp' from project 'LinguaApp')

SwiftCompile normal arm64 /Users/tuan/Learn/rust/language-app/ios/LinguaApp/LinguaApp/Services/APIService.swift (in target 'LinguaApp' from project 'LinguaApp')
    cd /Users/tuan/Learn/rust/language-app/ios/LinguaApp
    

✅ Build thành công! Đang cài đặt lên Simulator...
com.example.LinguaApp: 52874
🎉 Đã cập nhật app!
🚀 Phát hiện thay đổi, đang build lại...
2026-04-26 19:13:19.224 xcodebuild[52922:849276] [MT] IDERunDestination: Supported platforms for the buildables in the current scheme is empty.
    Signing Identity:     "Sign to Run Locally"
    
    /usr/bin/codesign --force --sign - --timestamp\=none --generate-entitlement-der /Users/tuan/Library/Developer/Xcode/DerivedData/LinguaApp-cnzhrpjntxezraexaicvemyehwby/Build/Products/Debug-iphonesimulator/LinguaApp.app

Validate /Users/tuan/Library/Developer/Xcode/DerivedData/LinguaApp-cnzhrpjntxezraexaicvemyehwby/Build/Products/Debug-iphonesimulator/LinguaApp.app (in target 'LinguaApp' from project 'LinguaApp')
    cd /Users/tuan/Learn/rust/language-app/ios/LinguaApp
    builtin-validationUtility /Users/tuan/Library/Developer/Xcode/DerivedData/LinguaApp-cnzhrpjntxezraexaicvemyehwby/Build/Products/Debug-iphonesimulator/LinguaApp.app -shallow-bundle -infoplist-subpath Info.plist

** BUILD SUCCEEDED **

✅ Build thành công! Đang cài đặt lên Simulator...
com.example.LinguaApp: 53065
🎉 Đã cập nhật app!
🚀 Phát hiện thay đổi, đang build lại...
2026-04-26 19:13:36.568 xcodebuild[53067:850436] [MT] IDERunDestination: Supported platforms for the buildables in the current scheme is empty.
    Signing Identity:     "Sign to Run Locally"
    
    /usr/bin/codesign --force --sign - --timestamp\=none --generate-entitlement-der /Users/tuan/Library/Developer/Xcode/DerivedData/LinguaApp-cnzhrpjntxezraexaicvemyehwby/Build/Products/Debug-iphonesimulator/LinguaApp.app

Validate /Users/tuan/Library/Developer/Xcode/DerivedData/LinguaApp-cnzhrpjntxezraexaicvemyehwby/Build/Products/Debug-iphonesimulator/LinguaApp.app (in target 'LinguaApp' from project 'LinguaApp')
    cd /Users/tuan/Learn/rust/language-app/ios/LinguaApp
    builtin-validationUtility /Users/tuan/Library/Developer/Xcode/DerivedData/LinguaApp-cnzhrpjntxezraexaicvemyehwby/Build/Products/Debug-iphonesimulator/LinguaApp.app -shallow-bundle -infoplist-subpath Info.plist

** BUILD SUCCEEDED **

✅ Build thành công! Đang cài đặt lên Simulator...
com.example.LinguaApp: 53105
🎉 Đã cập nhật app!
🚀 Phát hiện thay đổi, đang build lại...
2026-04-26 19:13:42.048 xcodebuild[53106:850808] [MT] IDERunDestination: Supported platforms for the buildables in the current scheme is empty.
    Signing Identity:     "Sign to Run Locally"
    
    /usr/bin/codesign --force --sign - --timestamp\=none --generate-entitlement-der /Users/tuan/Library/Developer/Xcode/DerivedData/LinguaApp-cnzhrpjntxezraexaicvemyehwby/Build/Products/Debug-iphonesimulator/LinguaApp.app

Validate /Users/tuan/Library/Developer/Xcode/DerivedData/LinguaApp-cnzhrpjntxezraexaicvemyehwby/Build/Products/Debug-iphonesimulator/LinguaApp.app (in target 'LinguaApp' from project 'LinguaApp')
    cd /Users/tuan/Learn/rust/language-app/ios/LinguaApp
    builtin-validationUtility /Users/tuan/Library/Developer/Xcode/DerivedData/LinguaApp-cnzhrpjntxezraexaicvemyehwby/Build/Products/Debug-iphonesimulator/LinguaApp.app -shallow-bundle -infoplist-subpath Info.plist

** BUILD SUCCEEDED **

✅ Build thành công! Đang cài đặt lên Simulator...
com.example.LinguaApp: 53139
🎉 Đã cập nhật app!
🚀 Phát hiện thay đổi, đang build lại...
2026-04-26 19:14:03.305 xcodebuild[53163:851409] [MT] IDERunDestination: Supported platforms for the buildables in the current scheme is empty.
    Signing Identity:     "Sign to Run Locally"
    
    /usr/bin/codesign --force --sign - --timestamp\=none --generate-entitlement-der /Users/tuan/Library/Developer/Xcode/DerivedData/LinguaApp-cnzhrpjntxezraexaicvemyehwby/Build/Products/Debug-iphonesimulator/LinguaApp.app

Validate /Users/tuan/Library/Developer/Xcode/DerivedData/LinguaApp-cnzhrpjntxezraexaicvemyehwby/Build/Products/Debug-iphonesimulator/LinguaApp.app (in target 'LinguaApp' from project 'LinguaApp')
    cd /Users/tuan/Learn/rust/language-app/ios/LinguaApp
    builtin-validationUtility /Users/tuan/Library/Developer/Xcode/DerivedData/LinguaApp-cnzhrpjntxezraexaicvemyehwby/Build/Products/Debug-iphonesimulator/LinguaApp.app -shallow-bundle -infoplist-subpath Info.plist

** BUILD SUCCEEDED **

✅ Build thành công! Đang cài đặt lên Simulator...
com.example.LinguaApp: 53254
🎉 Đã cập nhật app!
🚀 Phát hiện thay đổi, đang build lại...
2026-04-26 19:14:13.969 xcodebuild[53255:852258] [MT] IDERunDestination: Supported platforms for the buildables in the current scheme is empty.
GatherProvisioningInputs

CreateBuildDescription

ClangStatCache /Applications/Xcode.app/Contents/Developer/Toolchains/XcodeDefault.xctoolchain/usr/bin/clang-stat-cache /Applications/Xcode.app/Contents/Developer/Platforms/iPhoneSimulator.platform/Developer/SDKs/iPhoneSimulator26.4.sdk /Users/tuan/Library/Developer/Xcode/DerivedData/SDKStatCaches.noindex/iphonesimulator26.4-23E252-686eebb5dc1d8ecb277353a59184f4aa.sdkstatcache
    cd /Users/tuan/Learn/rust/language-app/ios/LinguaApp/LinguaApp.xcodeproj
    /Applications/Xcode.app/Contents/Developer/Toolchains/XcodeDefault.xctoolchain/usr/bin/clang-stat-cache /Applications/Xcode.app/Contents/Developer/Platforms/iPhoneSimulator.platform/Developer/SDKs/iPhoneSimulator26.4.sdk -o /Users/tuan/Library/Developer/Xcode/DerivedData/SDKStatCaches.noindex/iphonesimulator26.4-23E252-686eebb5dc1d8ecb277353a59184f4aa.sdkstatcache

** BUILD SUCCEEDED **

✅ Build thành công! Đang cài đặt lên Simulator...
com.example.LinguaApp: 53271
🎉 Đã cập nhật app!
🚀 Phát hiện thay đổi, đang build lại...
2026-04-26 19:14:32.017 xcodebuild[53286:852865] [MT] IDERunDestination: Supported platforms for the buildables in the current scheme is empty.
    Signing Identity:     "Sign to Run Locally"
    
    /usr/bin/codesign --force --sign - --timestamp\=none --generate-entitlement-der /Users/tuan/Library/Developer/Xcode/DerivedData/LinguaApp-cnzhrpjntxezraexaicvemyehwby/Build/Products/Debug-iphonesimulator/LinguaApp.app

Validate /Users/tuan/Library/Developer/Xcode/DerivedData/LinguaApp-cnzhrpjntxezraexaicvemyehwby/Build/Products/Debug-iphonesimulator/LinguaApp.app (in target 'LinguaApp' from project 'LinguaApp')
    cd /Users/tuan/Learn/rust/language-app/ios/LinguaApp
    builtin-validationUtility /Users/tuan/Library/Developer/Xcode/DerivedData/LinguaApp-cnzhrpjntxezraexaicvemyehwby/Build/Products/Debug-iphonesimulator/LinguaApp.app -shallow-bundle -infoplist-subpath Info.plist

** BUILD SUCCEEDED **

✅ Build thành công! Đang cài đặt lên Simulator...
com.example.LinguaApp: 53368
🎉 Đã cập nhật app!
🚀 Phát hiện thay đổi, đang build lại...
2026-04-26 19:16:14.360 xcodebuild[53513:855777] [MT] IDERunDestination: Supported platforms for the buildables in the current scheme is empty.
    Signing Identity:     "Sign to Run Locally"
    
    /usr/bin/codesign --force --sign - --timestamp\=none --generate-entitlement-der /Users/tuan/Library/Developer/Xcode/DerivedData/LinguaApp-cnzhrpjntxezraexaicvemyehwby/Build/Products/Debug-iphonesimulator/LinguaApp.app

Validate /Users/tuan/Library/Developer/Xcode/DerivedData/LinguaApp-cnzhrpjntxezraexaicvemyehwby/Build/Products/Debug-iphonesimulator/LinguaApp.app (in target 'LinguaApp' from project 'LinguaApp')
    cd /Users/tuan/Learn/rust/language-app/ios/LinguaApp
    builtin-validationUtility /Users/tuan/Library/Developer/Xcode/DerivedData/LinguaApp-cnzhrpjntxezraexaicvemyehwby/Build/Products/Debug-iphonesimulator/LinguaApp.app -shallow-bundle -infoplist-subpath Info.plist

** BUILD SUCCEEDED **

✅ Build thành công! Đang cài đặt lên Simulator...
com.example.LinguaApp: 53619
🎉 Đã cập nhật app!
🚀 Phát hiện thay đổi, đang build lại...
2026-04-26 19:16:27.246 xcodebuild[53620:856728] [MT] IDERunDestination: Supported platforms for the buildables in the current scheme is empty.
    Signing Identity:     "Sign to Run Locally"
    
    /usr/bin/codesign --force --sign - --timestamp\=none --generate-entitlement-der /Users/tuan/Library/Developer/Xcode/DerivedData/LinguaApp-cnzhrpjntxezraexaicvemyehwby/Build/Products/Debug-iphonesimulator/LinguaApp.app

Validate /Users/tuan/Library/Developer/Xcode/DerivedData/LinguaApp-cnzhrpjntxezraexaicvemyehwby/Build/Products/Debug-iphonesimulator/LinguaApp.app (in target 'LinguaApp' from project 'LinguaApp')
    cd /Users/tuan/Learn/rust/language-app/ios/LinguaApp
    builtin-validationUtility /Users/tuan/Library/Developer/Xcode/DerivedData/LinguaApp-cnzhrpjntxezraexaicvemyehwby/Build/Products/Debug-iphonesimulator/LinguaApp.app -shallow-bundle -infoplist-subpath Info.plist

** BUILD SUCCEEDED **

✅ Build thành công! Đang cài đặt lên Simulator...
com.example.LinguaApp: 53706
🎉 Đã cập nhật app!
🚀 Phát hiện thay đổi, đang build lại...
2026-04-26 19:16:37.958 xcodebuild[53707:857577] [MT] IDERunDestination: Supported platforms for the buildables in the current scheme is empty.
GatherProvisioningInputs

CreateBuildDescription

ClangStatCache /Applications/Xcode.app/Contents/Developer/Toolchains/XcodeDefault.xctoolchain/usr/bin/clang-stat-cache /Applications/Xcode.app/Contents/Developer/Platforms/iPhoneSimulator.platform/Developer/SDKs/iPhoneSimulator26.4.sdk /Users/tuan/Library/Developer/Xcode/DerivedData/SDKStatCaches.noindex/iphonesimulator26.4-23E252-686eebb5dc1d8ecb277353a59184f4aa.sdkstatcache
    cd /Users/tuan/Learn/rust/language-app/ios/LinguaApp/LinguaApp.xcodeproj
    /Applications/Xcode.app/Contents/Developer/Toolchains/XcodeDefault.xctoolchain/usr/bin/clang-stat-cache /Applications/Xcode.app/Contents/Developer/Platforms/iPhoneSimulator.platform/Developer/SDKs/iPhoneSimulator26.4.sdk -o /Users/tuan/Library/Developer/Xcode/DerivedData/SDKStatCaches.noindex/iphonesimulator26.4-23E252-686eebb5dc1d8ecb277353a59184f4aa.sdkstatcache

** BUILD SUCCEEDED **

✅ Build thành công! Đang cài đặt lên Simulator...
com.example.LinguaApp: 53733
🎉 Đã cập nhật app!
🚀 Phát hiện thay đổi, đang build lại...
2026-04-26 19:32:51.538 xcodebuild[54732:876533] [MT] IDERunDestination: Supported platforms for the buildables in the current scheme is empty.
    
    /usr/bin/codesign --force --sign - --timestamp\=none --generate-entitlement-der /Users/tuan/Library/Developer/Xcode/DerivedData/LinguaApp-cnzhrpjntxezraexaicvemyehwby/Build/Products/Debug-iphonesimulator/LinguaApp.app
/Users/tuan/Library/Developer/Xcode/DerivedData/LinguaApp-cnzhrpjntxezraexaicvemyehwby/Build/Products/Debug-iphonesimulator/LinguaApp.app: replacing existing signature

Validate /Users/tuan/Library/Developer/Xcode/DerivedData/LinguaApp-cnzhrpjntxezraexaicvemyehwby/Build/Products/Debug-iphonesimulator/LinguaApp.app (in target 'LinguaApp' from project 'LinguaApp')
    cd /Users/tuan/Learn/rust/language-app/ios/LinguaApp
    builtin-validationUtility /Users/tuan/Library/Developer/Xcode/DerivedData/LinguaApp-cnzhrpjntxezraexaicvemyehwby/Build/Products/Debug-iphonesimulator/LinguaApp.app -shallow-bundle -infoplist-subpath Info.plist

** BUILD SUCCEEDED **

✅ Build thành công! Đang cài đặt lên Simulator...
com.example.LinguaApp: 54824
🎉 Đã cập nhật app!
🚀 Phát hiện thay đổi, đang build lại...
2026-04-26 19:33:00.110 xcodebuild[54825:877416] [MT] IDERunDestination: Supported platforms for the buildables in the current scheme is empty.
GatherProvisioningInputs

CreateBuildDescription

ClangStatCache /Applications/Xcode.app/Contents/Developer/Toolchains/XcodeDefault.xctoolchain/usr/bin/clang-stat-cache /Applications/Xcode.app/Contents/Developer/Platforms/iPhoneSimulator.platform/Developer/SDKs/iPhoneSimulator26.4.sdk /Users/tuan/Library/Developer/Xcode/DerivedData/SDKStatCaches.noindex/iphonesimulator26.4-23E252-686eebb5dc1d8ecb277353a59184f4aa.sdkstatcache
    cd /Users/tuan/Learn/rust/language-app/ios/LinguaApp/LinguaApp.xcodeproj
    /Applications/Xcode.app/Contents/Developer/Toolchains/XcodeDefault.xctoolchain/usr/bin/clang-stat-cache /Applications/Xcode.app/Contents/Developer/Platforms/iPhoneSimulator.platform/Developer/SDKs/iPhoneSimulator26.4.sdk -o /Users/tuan/Library/Developer/Xcode/DerivedData/SDKStatCaches.noindex/iphonesimulator26.4-23E252-686eebb5dc1d8ecb277353a59184f4aa.sdkstatcache

** BUILD SUCCEEDED **

✅ Build thành công! Đang cài đặt lên Simulator...
com.example.LinguaApp: 54854
🎉 Đã cập nhật app!
🚀 Phát hiện thay đổi, đang build lại...
2026-04-27 01:34:20.529 xcodebuild[67477:1120524] [MT] IDERunDestination: Supported platforms for the buildables in the current scheme is empty.
    Signing Identity:     "Sign to Run Locally"
    
    /usr/bin/codesign --force --sign - --timestamp\=none --generate-entitlement-der /Users/tuan/Library/Developer/Xcode/DerivedData/LinguaApp-cnzhrpjntxezraexaicvemyehwby/Build/Products/Debug-iphonesimulator/LinguaApp.app

Validate /Users/tuan/Library/Developer/Xcode/DerivedData/LinguaApp-cnzhrpjntxezraexaicvemyehwby/Build/Products/Debug-iphonesimulator/LinguaApp.app (in target 'LinguaApp' from project 'LinguaApp')
    cd /Users/tuan/Learn/rust/language-app/ios/LinguaApp
    builtin-validationUtility /Users/tuan/Library/Developer/Xcode/DerivedData/LinguaApp-cnzhrpjntxezraexaicvemyehwby/Build/Products/Debug-iphonesimulator/LinguaApp.app -shallow-bundle -infoplist-subpath Info.plist

** BUILD SUCCEEDED **

✅ Build thành công! Đang cài đặt lên Simulator...
An error was encountered processing the command (domain=com.apple.CoreSimulator.SimError, code=405):
Unable to lookup in current state: Shutdown
An error was encountered processing the command (domain=com.apple.CoreSimulator.SimError, code=405):
Unable to lookup in current state: Shutdown
🎉 Đã cập nhật app!
🚀 Phát hiện thay đổi, đang build lại...
2026-04-27 01:34:57.882 xcodebuild[67684:1122634] [MT] IDERunDestination: Supported platforms for the buildables in the current scheme is empty.
    Signing Identity:     "Sign to Run Locally"
    
    /usr/bin/codesign --force --sign - --timestamp\=none --generate-entitlement-der /Users/tuan/Library/Developer/Xcode/DerivedData/LinguaApp-cnzhrpjntxezraexaicvemyehwby/Build/Products/Debug-iphonesimulator/LinguaApp.app

Validate /Users/tuan/Library/Developer/Xcode/DerivedData/LinguaApp-cnzhrpjntxezraexaicvemyehwby/Build/Products/Debug-iphonesimulator/LinguaApp.app (in target 'LinguaApp' from project 'LinguaApp')
    cd /Users/tuan/Learn/rust/language-app/ios/LinguaApp
    builtin-validationUtility /Users/tuan/Library/Developer/Xcode/DerivedData/LinguaApp-cnzhrpjntxezraexaicvemyehwby/Build/Products/Debug-iphonesimulator/LinguaApp.app -shallow-bundle -infoplist-subpath Info.plist

** BUILD SUCCEEDED **

✅ Build thành công! Đang cài đặt lên Simulator...
An error was encountered processing the command (domain=com.apple.CoreSimulator.SimError, code=405):
Unable to lookup in current state: Shutdown
An error was encountered processing the command (domain=com.apple.CoreSimulator.SimError, code=405):
Unable to lookup in current state: Shutdown
🎉 Đã cập nhật app!
🚀 Phát hiện thay đổi, đang build lại...
2026-04-27 01:35:07.438 xcodebuild[67727:1123073] [MT] IDERunDestination: Supported platforms for the buildables in the current scheme is empty.
GatherProvisioningInputs

CreateBuildDescription

ClangStatCache /Applications/Xcode.app/Contents/Developer/Toolchains/XcodeDefault.xctoolchain/usr/bin/clang-stat-cache /Applications/Xcode.app/Contents/Developer/Platforms/iPhoneSimulator.platform/Developer/SDKs/iPhoneSimulator26.4.sdk /Users/tuan/Library/Developer/Xcode/DerivedData/SDKStatCaches.noindex/iphonesimulator26.4-23E252-686eebb5dc1d8ecb277353a59184f4aa.sdkstatcache
    cd /Users/tuan/Learn/rust/language-app/ios/LinguaApp/LinguaApp.xcodeproj
    /Applications/Xcode.app/Contents/Developer/Toolchains/XcodeDefault.xctoolchain/usr/bin/clang-stat-cache /Applications/Xcode.app/Contents/Developer/Platforms/iPhoneSimulator.platform/Developer/SDKs/iPhoneSimulator26.4.sdk -o /Users/tuan/Library/Developer/Xcode/DerivedData/SDKStatCaches.noindex/iphonesimulator26.4-23E252-686eebb5dc1d8ecb277353a59184f4aa.sdkstatcache

** BUILD SUCCEEDED **

✅ Build thành công! Đang cài đặt lên Simulator...
An error was encountered processing the command (domain=com.apple.CoreSimulator.SimError, code=405):
Unable to lookup in current state: Shutdown
An error was encountered processing the command (domain=com.apple.CoreSimulator.SimError, code=405):
Unable to lookup in current state: Shutdown
🎉 Đã cập nhật app!
🚀 Phát hiện thay đổi, đang build lại...
2026-04-27 01:42:48.310 xcodebuild[68343:1130761] [MT] IDERunDestination: Supported platforms for the buildables in the current scheme is empty.
    Signing Identity:     "Sign to Run Locally"
    
    /usr/bin/codesign --force --sign - --timestamp\=none --generate-entitlement-der /Users/tuan/Library/Developer/Xcode/DerivedData/LinguaApp-cnzhrpjntxezraexaicvemyehwby/Build/Products/Debug-iphonesimulator/LinguaApp.app

Validate /Users/tuan/Library/Developer/Xcode/DerivedData/LinguaApp-cnzhrpjntxezraexaicvemyehwby/Build/Products/Debug-iphonesimulator/LinguaApp.app (in target 'LinguaApp' from project 'LinguaApp')
    cd /Users/tuan/Learn/rust/language-app/ios/LinguaApp
    builtin-validationUtility /Users/tuan/Library/Developer/Xcode/DerivedData/LinguaApp-cnzhrpjntxezraexaicvemyehwby/Build/Products/Debug-iphonesimulator/LinguaApp.app -shallow-bundle -infoplist-subpath Info.plist

** BUILD SUCCEEDED **

✅ Build thành công! Đang cài đặt lên Simulator...
An error was encountered processing the command (domain=com.apple.CoreSimulator.SimError, code=405):
Unable to lookup in current state: Shutdown
An error was encountered processing the command (domain=com.apple.CoreSimulator.SimError, code=405):
Unable to lookup in current state: Shutdown
🎉 Đã cập nhật app!
🚀 Phát hiện thay đổi, đang build lại...
2026-04-27 01:48:38.611 xcodebuild[69179:1138809] [MT] IDERunDestination: Supported platforms for the buildables in the current scheme is empty.
    Signing Identity:     "Sign to Run Locally"
    
    /usr/bin/codesign --force --sign - --timestamp\=none --generate-entitlement-der /Users/tuan/Library/Developer/Xcode/DerivedData/LinguaApp-cnzhrpjntxezraexaicvemyehwby/Build/Products/Debug-iphonesimulator/LinguaApp.app

Validate /Users/tuan/Library/Developer/Xcode/DerivedData/LinguaApp-cnzhrpjntxezraexaicvemyehwby/Build/Products/Debug-iphonesimulator/LinguaApp.app (in target 'LinguaApp' from project 'LinguaApp')
    cd /Users/tuan/Learn/rust/language-app/ios/LinguaApp
    builtin-validationUtility /Users/tuan/Library/Developer/Xcode/DerivedData/LinguaApp-cnzhrpjntxezraexaicvemyehwby/Build/Products/Debug-iphonesimulator/LinguaApp.app -shallow-bundle -infoplist-subpath Info.plist

** BUILD SUCCEEDED **

✅ Build thành công! Đang cài đặt lên Simulator...
An error was encountered processing the command (domain=com.apple.CoreSimulator.SimError, code=405):
Unable to lookup in current state: Shutdown
An error was encountered processing the command (domain=com.apple.CoreSimulator.SimError, code=405):
Unable to lookup in current state: Shutdown
🎉 Đã cập nhật app!
🚀 Phát hiện thay đổi, đang build lại...
2026-04-27 01:49:05.427 xcodebuild[69298:1139690] [MT] IDERunDestination: Supported platforms for the buildables in the current scheme is empty.
    Signing Identity:     "Sign to Run Locally"
    
    /usr/bin/codesign --force --sign - --timestamp\=none --generate-entitlement-der /Users/tuan/Library/Developer/Xcode/DerivedData/LinguaApp-cnzhrpjntxezraexaicvemyehwby/Build/Products/Debug-iphonesimulator/LinguaApp.app

Validate /Users/tuan/Library/Developer/Xcode/DerivedData/LinguaApp-cnzhrpjntxezraexaicvemyehwby/Build/Products/Debug-iphonesimulator/LinguaApp.app (in target 'LinguaApp' from project 'LinguaApp')
    cd /Users/tuan/Learn/rust/language-app/ios/LinguaApp
    builtin-validationUtility /Users/tuan/Library/Developer/Xcode/DerivedData/LinguaApp-cnzhrpjntxezraexaicvemyehwby/Build/Products/Debug-iphonesimulator/LinguaApp.app -shallow-bundle -infoplist-subpath Info.plist

** BUILD SUCCEEDED **

✅ Build thành công! Đang cài đặt lên Simulator...
An error was encountered processing the command (domain=com.apple.CoreSimulator.SimError, code=405):
Unable to lookup in current state: Shutdown
An error was encountered processing the command (domain=com.apple.CoreSimulator.SimError, code=405):
Unable to lookup in current state: Shutdown
🎉 Đã cập nhật app!
🚀 Phát hiện thay đổi, đang build lại...
2026-04-27 01:49:54.765 xcodebuild[69448:1141005] [MT] IDERunDestination: Supported platforms for the buildables in the current scheme is empty.
GatherProvisioningInputs

CreateBuildDescription

ClangStatCache /Applications/Xcode.app/Contents/Developer/Toolchains/XcodeDefault.xctoolchain/usr/bin/clang-stat-cache /Applications/Xcode.app/Contents/Developer/Platforms/iPhoneSimulator.platform/Developer/SDKs/iPhoneSimulator26.4.sdk /Users/tuan/Library/Developer/Xcode/DerivedData/SDKStatCaches.noindex/iphonesimulator26.4-23E252-686eebb5dc1d8ecb277353a59184f4aa.sdkstatcache
    cd /Users/tuan/Learn/rust/language-app/ios/LinguaApp/LinguaApp.xcodeproj
    /Applications/Xcode.app/Contents/Developer/Toolchains/XcodeDefault.xctoolchain/usr/bin/clang-stat-cache /Applications/Xcode.app/Contents/Developer/Platforms/iPhoneSimulator.platform/Developer/SDKs/iPhoneSimulator26.4.sdk -o /Users/tuan/Library/Developer/Xcode/DerivedData/SDKStatCaches.noindex/iphonesimulator26.4-23E252-686eebb5dc1d8ecb277353a59184f4aa.sdkstatcache

** BUILD SUCCEEDED **

✅ Build thành công! Đang cài đặt lên Simulator...
An error was encountered processing the command (domain=com.apple.CoreSimulator.SimError, code=405):
Unable to lookup in current state: Shutdown
An error was encountered processing the command (domain=com.apple.CoreSimulator.SimError, code=405):
Unable to lookup in current state: Shutdown
🎉 Đã cập nhật app!
🚀 Phát hiện thay đổi, đang build lại...
2026-04-27 01:50:06.495 xcodebuild[69531:1141612] [MT] IDERunDestination: Supported platforms for the buildables in the current scheme is empty.
** BUILD FAILED **


The following build commands failed:
	SwiftCompile normal arm64 Compiling\ LinguaApp.swift /Users/tuan/Learn/rust/language-app/ios/LinguaApp/LinguaApp/LinguaApp.swift (in target 'LinguaApp' from project 'LinguaApp')
	SwiftCompile normal arm64 /Users/tuan/Learn/rust/language-app/ios/LinguaApp/LinguaApp/LinguaApp.swift (in target 'LinguaApp' from project 'LinguaApp')
	Building project LinguaApp with scheme LinguaApp
(3 failures)
Failed frontend command:
/Applications/Xcode.app/Contents/Developer/Toolchains/XcodeDefault.xctoolchain/usr/bin/swift-frontend -frontend -c /Users/tuan/Learn/rust/language-app/ios/LinguaApp/LinguaApp/Services/APIService.swift /Users/tuan/Learn/rust/language-app/ios/LinguaApp/LinguaApp/Theme/AppTheme.swift /Users/tuan/Learn/rust/language-app/ios/LinguaApp/LinguaApp/Services/AudioService.swift /Users/tuan/Learn/rust/language-app/ios/LinguaApp/LinguaApp/Services/AuthService.swift /Users/tuan/Learn/rust/language-app/ios/LinguaApp/LinguaApp/Views/HomeView.swift /Users/tuan/Learn/rust/language-app/ios/LinguaApp/LinguaApp/Views/LanguageHubView.swift /Users/tuan/Learn/rust/language-app/ios/LinguaApp/LinguaApp/Views/LanguagesView.swift -primary-file /Users/tuan/Learn/rust/language-app/ios/LinguaApp/LinguaApp/LinguaApp.swift /Users/tuan/Learn/rust/language-app/ios/LinguaApp/LinguaApp/Services/LocalizationService.swift /Users/tuan/Learn/rust/language-app/ios/LinguaApp/LinguaApp/Views/LoginView.swift /Users/tuan/Learn/rust/language-app/ios/LinguaApp/LinguaApp/Models.swift /Users/tuan/Learn/rust/language-app/ios/LinguaApp/LinguaApp/Views/RegisterView.swift /Users/tuan/Learn/rust/language-app/ios/LinguaApp/LinguaApp/Views/SettingsView.swift /Users/tuan/Learn/rust/language-app/ios/LinguaApp/LinguaApp/Views/StoriesView.swift /Users/tuan/Learn/rust/language-app/ios/LinguaApp/LinguaApp/Views/StoryReaderView.swift /Users/tuan/Learn/rust/language-app/ios/LinguaApp/LinguaApp/Views/StoryTypingView.swift /Users/tuan/Learn/rust/language-app/ios/LinguaApp/LinguaApp/Views/VocabLessonsView.swift /Users/tuan/Learn/rust/language-app/ios/LinguaApp/LinguaApp/Views/VocabTypingView.swift /Users/tuan/Library/Developer/Xcode/DerivedData/LinguaApp-cnzhrpjntxezraexaicvemyehwby/Build/Intermediates.noindex/LinguaApp.build/Debug-iphonesimulator/LinguaApp.build/DerivedSources/GeneratedAssetSymbols.swift -emit-dependencies-path /Users/tuan/Library/Developer/Xcode/DerivedData/LinguaApp-cnzhrpjntxezraexaicvemyehwby/Build/Intermediates.noindex/LinguaApp.build/Debug-iphonesimulator/LinguaApp.build/Objects-normal/arm64/LinguaApp.d -emit-const-values-path /Users/tuan/Library/Developer/Xcode/DerivedData/LinguaApp-cnzhrpjntxezraexaicvemyehwby/Build/Intermediates.noindex/LinguaApp.build/Debug-iphonesimulator/LinguaApp.build/Objects-normal/arm64/LinguaApp.swiftconstvalues -emit-reference-dependencies-path /Users/tuan/Library/Developer/Xcode/DerivedData/LinguaApp-cnzhrpjntxezraexaicvemyehwby/Build/Intermediates.noindex/LinguaApp.build/Debug-iphonesimulator/LinguaApp.build/Objects-normal/arm64/LinguaApp.swiftdeps -serialize-diagnostics-path /Users/tuan/Library/Developer/Xcode/DerivedData/LinguaApp-cnzhrpjntxezraexaicvemyehwby/Build/Intermediates.noindex/LinguaApp.build/Debug-iphonesimulator/LinguaApp.build/Objects-normal/arm64/LinguaApp.dia -target arm64-apple-ios17.0-simulator -module-can-import-version DeveloperToolsSupport 23.40.26 23.40.26 -load-resolved-plugin /Applications/Xcode.app/Contents/Developer/Platforms/iPhoneOS.platform/Developer/usr/lib/swift/host/plugins/libFoundationMacros.dylib\#/Applications/Xcode.app/Contents/Developer/Platforms/iPhoneOS.platform/Developer/usr/bin/swift-plugin-server\#FoundationMacros -load-resolved-plugin /Applications/Xcode.app/Contents/Developer/Platforms/iPhoneOS.platform/Developer/usr/lib/swift/host/plugins/libObservationMacros.dylib\#/Applications/Xcode.app/Contents/Developer/Platforms/iPhoneOS.platform/Developer/usr/bin/swift-plugin-server\#ObservationMacros -load-resolved-plugin /Applications/Xcode.app/Contents/Developer/Platforms/iPhoneOS.platform/Developer/usr/lib/swift/host/plugins/libPreviewsMacros.dylib\#/Applications/Xcode.app/Contents/Developer/Platforms/iPhoneOS.platform/Developer/usr/bin/swift-plugin-server\#PreviewsMacros -load-resolved-plugin /Applications/Xcode.app/Contents/Developer/Platforms/iPhoneOS.platform/Developer/usr/lib/swift/host/plugins/libSwiftMacros.dylib\#/Applications/Xcode.app/Contents/Developer/Platforms/iPhoneOS.platform/Developer/usr/bin/swift-plugin-server\#SwiftMacros -load-resolved-plugin /Applications/Xcode.app/Contents/Developer/Platforms/iPhoneOS.platform/Developer/usr/lib/swift/host/plugins/libSwiftUIMacros.dylib\#/Applications/Xcode.app/Contents/Developer/Platforms/iPhoneOS.platform/Developer/usr/bin/swift-plugin-server\#SwiftUIMacros -disable-implicit-swift-modules -Xcc -fno-implicit-modules -Xcc -fno-implicit-module-maps -explicit-swift-module-map-file /Users/tuan/Library/Developer/Xcode/DerivedData/LinguaApp-cnzhrpjntxezraexaicvemyehwby/Build/Intermediates.noindex/LinguaApp.build/Debug-iphonesimulator/LinguaApp.build/Objects-normal/arm64/LinguaApp-dependencies-1.json -debug-module-path /Users/tuan/Library/Developer/Xcode/DerivedData/LinguaApp-cnzhrpjntxezraexaicvemyehwby/Build/Intermediates.noindex/LinguaApp.build/Debug-iphonesimulator/LinguaApp.build/Objects-normal/arm64/LinguaApp.swiftmodule -Xllvm -aarch64-use-tbi -enable-objc-interop -sdk /Applications/Xcode.app/Contents/Developer/Platforms/iPhoneSimulator.platform/Developer/SDKs/iPhoneSimulator26.4.sdk -I /Users/tuan/Library/Developer/Xcode/DerivedData/LinguaApp-cnzhrpjntxezraexaicvemyehwby/Build/Products/Debug-iphonesimulator -F /Users/tuan/Library/Developer/Xcode/DerivedData/LinguaApp-cnzhrpjntxezraexaicvemyehwby/Build/Products/Debug-iphonesimulator -no-color-diagnostics -Xcc -fno-color-diagnostics -enable-testing -g -debug-info-format\=dwarf -dwarf-version\=4 -module-cache-path /Users/tuan/Library/Developer/Xcode/DerivedData/LinguaApp-cnzhrpjntxezraexaicvemyehwby/Build/Intermediates.noindex/SwiftExplicitPrecompiledModules -swift-version 5 -Onone -D DEBUG -serialize-debugging-options -const-gather-protocols-file /Users/tuan/Library/Developer/Xcode/DerivedData/LinguaApp-cnzhrpjntxezraexaicvemyehwby/Build/Intermediates.noindex/LinguaApp.build/Debug-iphonesimulator/LinguaApp.build/Objects-normal/arm64/LinguaApp_const_extract_protocols.json -enable-experimental-feature DebugDescriptionMacro -enable-bare-slash-regex -empty-abi-descriptor -validate-clang-modules-once -clang-build-session-file /Users/tuan/Library/Developer/Xcode/DerivedData/ModuleCache.noindex/Session.modulevalidation -Xcc -working-directory -Xcc /Users/tuan/Learn/rust/language-app/ios/LinguaApp -enable-anonymous-context-mangled-names -file-compilation-dir /Users/tuan/Learn/rust/language-app/ios/LinguaApp -Xcc -D_LIBCPP_HARDENING_MODE\=_LIBCPP_HARDENING_MODE_DEBUG -Xcc -ivfsstatcache -Xcc /Users/tuan/Library/Developer/Xcode/DerivedData/SDKStatCaches.noindex/iphonesimulator26.4-23E252-686eebb5dc1d8ecb277353a59184f4aa.sdkstatcache -Xcc -I/Users/tuan/Library/Developer/Xcode/DerivedData/LinguaApp-cnzhrpjntxezraexaicvemyehwby/Build/Intermediates.noindex/LinguaApp.build/Debug-iphonesimulator/LinguaApp.build/swift-overrides.hmap -Xcc -iquote -Xcc /Users/tuan/Library/Developer/Xcode/DerivedData/LinguaApp-cnzhrpjntxezraexaicvemyehwby/Build/Intermediates.noindex/LinguaApp.build/Debug-iphonesimulator/LinguaApp.build/LinguaApp-generated-files.hmap -Xcc -I/Users/tuan/Library/Developer/Xcode/DerivedData/LinguaApp-cnzhrpjntxezraexaicvemyehwby/Build/Intermediates.noindex/LinguaApp.build/Debug-iphonesimulator/LinguaApp.build/LinguaApp-own-target-headers.hmap -Xcc -I/Users/tuan/Library/Developer/Xcode/DerivedData/LinguaApp-cnzhrpjntxezraexaicvemyehwby/Build/Intermediates.noindex/LinguaApp.build/Debug-iphonesimulator/LinguaApp.build/LinguaApp-all-target-headers.hmap -Xcc -iquote -Xcc /Users/tuan/Library/Developer/Xcode/DerivedData/LinguaApp-cnzhrpjntxezraexaicvemyehwby/Build/Intermediates.noindex/LinguaApp.build/Debug-iphonesimulator/LinguaApp.build/LinguaApp-project-headers.hmap -Xcc -I/Users/tuan/Library/Developer/Xcode/DerivedData/LinguaApp-cnzhrpjntxezraexaicvemyehwby/Build/Products/Debug-iphonesimulator/include -Xcc -I/Users/tuan/Library/Developer/Xcode/DerivedData/LinguaApp-cnzhrpjntxezraexaicvemyehwby/Build/Intermediates.noindex/LinguaApp.build/Debug-iphonesimulator/LinguaApp.build/DerivedSources-normal/arm64 -Xcc -I/Users/tuan/Library/Developer/Xcode/DerivedData/LinguaApp-cnzhrpjntxezraexaicvemyehwby/Build/Intermediates.noindex/LinguaApp.build/Debug-iphonesimulator/LinguaApp.build/DerivedSources/arm64 -Xcc -I/Users/tuan/Library/Developer/Xcode/DerivedData/LinguaApp-cnzhrpjntxezraexaicvemyehwby/Build/Intermediates.noindex/LinguaApp.build/Debug-iphonesimulator/LinguaApp.build/DerivedSources -Xcc -DDEBUG\=1 -no-auto-bridging-header-chaining -module-name LinguaApp -frontend-parseable-output -disable-clang-spi -clang-target arm64-apple-ios26.4-simulator -target-sdk-version 26.4 -target-sdk-name iphonesimulator26.4 -in-process-plugin-server-path /Applications/Xcode.app/Contents/Developer/Toolchains/XcodeDefault.xctoolchain/usr/lib/swift/host/libSwiftInProcPluginServer.dylib -o /Users/tuan/Library/Developer/Xcode/DerivedData/LinguaApp-cnzhrpjntxezraexaicvemyehwby/Build/Intermediates.noindex/LinguaApp.build/Debug-iphonesimulator/LinguaApp.build/Objects-normal/arm64/LinguaApp.o -index-unit-output-path /LinguaApp.build/Debug-iphonesimulator/LinguaApp.build/Objects-normal/arm64/LinguaApp.o -index-store-path /Users/tuan/Library/Developer/Xcode/DerivedData/LinguaApp-cnzhrpjntxezraexaicvemyehwby/Index.noindex/DataStore -index-system-modules

SwiftCompile normal arm64 /Users/tuan/Learn/rust/language-app/ios/LinguaApp/LinguaApp/LinguaApp.swift (in target 'LinguaApp' from project 'LinguaApp')
    cd /Users/tuan/Learn/rust/language-app/ios/LinguaApp
    
/Users/tuan/Learn/rust/language-app/ios/LinguaApp/LinguaApp/LinguaApp.swift:33:13: error: cannot find 'ProgressView_Custom' in scope
            ProgressView_Custom()
            ^~~~~~~~~~~~~~~~~~~

✅ Build thành công! Đang cài đặt lên Simulator...
An error was encountered processing the command (domain=com.apple.CoreSimulator.SimError, code=405):
Unable to lookup in current state: Shutdown
An error was encountered processing the command (domain=com.apple.CoreSimulator.SimError, code=405):
Unable to lookup in current state: Shutdown
🎉 Đã cập nhật app!
🚀 Phát hiện thay đổi, đang build lại...
2026-04-27 01:50:25.317 xcodebuild[69634:1142287] [MT] IDERunDestination: Supported platforms for the buildables in the current scheme is empty.
** BUILD FAILED **


The following build commands failed:
	SwiftCompile normal arm64 /Users/tuan/Learn/rust/language-app/ios/LinguaApp/LinguaApp/LinguaApp.swift (in target 'LinguaApp' from project 'LinguaApp')
	SwiftCompile normal arm64 Compiling\ LinguaApp.swift /Users/tuan/Learn/rust/language-app/ios/LinguaApp/LinguaApp/LinguaApp.swift (in target 'LinguaApp' from project 'LinguaApp')
	Building project LinguaApp with scheme LinguaApp
(3 failures)
SwiftEmitModule normal arm64 Emitting\ module\ for\ LinguaApp (in target 'LinguaApp' from project 'LinguaApp')
EmitSwiftModule normal arm64 (in target 'LinguaApp' from project 'LinguaApp')
    cd /Users/tuan/Learn/rust/language-app/ios/LinguaApp
    

SwiftCompile normal arm64 Compiling\ StoryTypingView.swift /Users/tuan/Learn/rust/language-app/ios/LinguaApp/LinguaApp/Views/StoryTypingView.swift (in target 'LinguaApp' from project 'LinguaApp')
SwiftCompile normal arm64 /Users/tuan/Learn/rust/language-app/ios/LinguaApp/LinguaApp/Views/StoryTypingView.swift (in target 'LinguaApp' from project 'LinguaApp')
    cd /Users/tuan/Learn/rust/language-app/ios/LinguaApp
    

✅ Build thành công! Đang cài đặt lên Simulator...
An error was encountered processing the command (domain=com.apple.CoreSimulator.SimError, code=405):
Unable to lookup in current state: Shutdown
An error was encountered processing the command (domain=com.apple.CoreSimulator.SimError, code=405):
Unable to lookup in current state: Shutdown
🎉 Đã cập nhật app!
🚀 Phát hiện thay đổi, đang build lại...
2026-04-27 01:50:36.069 xcodebuild[69700:1142779] [MT] IDERunDestination: Supported platforms for the buildables in the current scheme is empty.
** BUILD FAILED **


The following build commands failed:
	SwiftCompile normal arm64 /Users/tuan/Learn/rust/language-app/ios/LinguaApp/LinguaApp/LinguaApp.swift (in target 'LinguaApp' from project 'LinguaApp')
	SwiftCompile normal arm64 Compiling\ LinguaApp.swift /Users/tuan/Learn/rust/language-app/ios/LinguaApp/LinguaApp/LinguaApp.swift (in target 'LinguaApp' from project 'LinguaApp')
	Building project LinguaApp with scheme LinguaApp
(3 failures)

EmitSwiftModule normal arm64 (in target 'LinguaApp' from project 'LinguaApp')
    cd /Users/tuan/Learn/rust/language-app/ios/LinguaApp
    

SwiftCompile normal arm64 Compiling\ StoryTypingView.swift /Users/tuan/Learn/rust/language-app/ios/LinguaApp/LinguaApp/Views/StoryTypingView.swift (in target 'LinguaApp' from project 'LinguaApp')
SwiftCompile normal arm64 /Users/tuan/Learn/rust/language-app/ios/LinguaApp/LinguaApp/Views/StoryTypingView.swift (in target 'LinguaApp' from project 'LinguaApp')
    cd /Users/tuan/Learn/rust/language-app/ios/LinguaApp
    

✅ Build thành công! Đang cài đặt lên Simulator...
An error was encountered processing the command (domain=com.apple.CoreSimulator.SimError, code=405):
Unable to lookup in current state: Shutdown
An error was encountered processing the command (domain=com.apple.CoreSimulator.SimError, code=405):
Unable to lookup in current state: Shutdown
🎉 Đã cập nhật app!
🚀 Phát hiện thay đổi, đang build lại...
2026-04-27 01:50:52.090 xcodebuild[69771:1143305] [MT] IDERunDestination: Supported platforms for the buildables in the current scheme is empty.
** BUILD FAILED **


The following build commands failed:
	SwiftCompile normal arm64 Compiling\ LinguaApp.swift /Users/tuan/Learn/rust/language-app/ios/LinguaApp/LinguaApp/LinguaApp.swift (in target 'LinguaApp' from project 'LinguaApp')
	SwiftCompile normal arm64 /Users/tuan/Learn/rust/language-app/ios/LinguaApp/LinguaApp/LinguaApp.swift (in target 'LinguaApp' from project 'LinguaApp')
	Building project LinguaApp with scheme LinguaApp
(3 failures)
/Users/tuan/Learn/rust/language-app/ios/LinguaApp/LinguaApp/LinguaApp.swift:33:13: error: cannot find 'ProgressView_Custom' in scope
            ProgressView_Custom()
            ^~~~~~~~~~~~~~~~~~~

SwiftCompile normal arm64 Compiling\ StoryTypingView.swift /Users/tuan/Learn/rust/language-app/ios/LinguaApp/LinguaApp/Views/StoryTypingView.swift (in target 'LinguaApp' from project 'LinguaApp')

SwiftCompile normal arm64 /Users/tuan/Learn/rust/language-app/ios/LinguaApp/LinguaApp/Views/StoryTypingView.swift (in target 'LinguaApp' from project 'LinguaApp')
    cd /Users/tuan/Learn/rust/language-app/ios/LinguaApp
    

✅ Build thành công! Đang cài đặt lên Simulator...
An error was encountered processing the command (domain=com.apple.CoreSimulator.SimError, code=405):
Unable to lookup in current state: Shutdown
An error was encountered processing the command (domain=com.apple.CoreSimulator.SimError, code=405):
Unable to lookup in current state: Shutdown
🎉 Đã cập nhật app!
🚀 Phát hiện thay đổi, đang build lại...
2026-04-27 01:52:59.265 xcodebuild[70780:1147631] [MT] IDERunDestination: Supported platforms for the buildables in the current scheme is empty.
** BUILD FAILED **


The following build commands failed:
	SwiftCompile normal arm64 Compiling\ ReadingQuizView.swift /Users/tuan/Learn/rust/language-app/ios/LinguaApp/LinguaApp/Views/ReadingQuizView.swift (in target 'LinguaApp' from project 'LinguaApp')
	SwiftCompile normal arm64 /Users/tuan/Learn/rust/language-app/ios/LinguaApp/LinguaApp/Views/ReadingQuizView.swift (in target 'LinguaApp' from project 'LinguaApp')
	Building project LinguaApp with scheme LinguaApp
(3 failures)
SwiftCompile normal arm64 /Users/tuan/Learn/rust/language-app/ios/LinguaApp/LinguaApp/Views/StoryTypingView.swift (in target 'LinguaApp' from project 'LinguaApp')
    cd /Users/tuan/Learn/rust/language-app/ios/LinguaApp
    

SwiftDriverJobDiscovery normal arm64 Compiling GeneratedAssetSymbols.swift (in target 'LinguaApp' from project 'LinguaApp')

SwiftDriverJobDiscovery normal arm64 Compiling TranslationService.swift (in target 'LinguaApp' from project 'LinguaApp')

SwiftDriverJobDiscovery normal arm64 Compiling SpeechService.swift (in target 'LinguaApp' from project 'LinguaApp')

✅ Build thành công! Đang cài đặt lên Simulator...
An error was encountered processing the command (domain=com.apple.CoreSimulator.SimError, code=405):
Unable to lookup in current state: Shutdown
An error was encountered processing the command (domain=com.apple.CoreSimulator.SimError, code=405):
Unable to lookup in current state: Shutdown
🎉 Đã cập nhật app!
🚀 Phát hiện thay đổi, đang build lại...
2026-04-27 01:53:22.426 xcodebuild[70929:1148571] [MT] IDERunDestination: Supported platforms for the buildables in the current scheme is empty.
    Signing Identity:     "Sign to Run Locally"
    
    /usr/bin/codesign --force --sign - --timestamp\=none --generate-entitlement-der /Users/tuan/Library/Developer/Xcode/DerivedData/LinguaApp-cnzhrpjntxezraexaicvemyehwby/Build/Products/Debug-iphonesimulator/LinguaApp.app

Validate /Users/tuan/Library/Developer/Xcode/DerivedData/LinguaApp-cnzhrpjntxezraexaicvemyehwby/Build/Products/Debug-iphonesimulator/LinguaApp.app (in target 'LinguaApp' from project 'LinguaApp')
    cd /Users/tuan/Learn/rust/language-app/ios/LinguaApp
    builtin-validationUtility /Users/tuan/Library/Developer/Xcode/DerivedData/LinguaApp-cnzhrpjntxezraexaicvemyehwby/Build/Products/Debug-iphonesimulator/LinguaApp.app -shallow-bundle -infoplist-subpath Info.plist

** BUILD SUCCEEDED **

✅ Build thành công! Đang cài đặt lên Simulator...
An error was encountered processing the command (domain=com.apple.CoreSimulator.SimError, code=405):
Unable to lookup in current state: Shutdown
An error was encountered processing the command (domain=com.apple.CoreSimulator.SimError, code=405):
Unable to lookup in current state: Shutdown
🎉 Đã cập nhật app!
